track_id,track_name,artist_name,popularity,duration_ms,explicit,danceability,energy,key,loudness,mode,speechiness,acousticness,instrumentalness,liveness,valence,tempo,time_signature,is_viral,duration_min,duration_category,optimal_length,energy_valence,mood,danceability_energy,vocal_instrumental_balance,acoustic_energy_balance,is_live,highly_danceable,tempo_category,dance_tempo,tempo_normalized,loudness_normalized,is_loud,party_index,chill_index,workout_index,popularity_bucket,release_year,release_month,release_day_of_week,is_weekend_release,song_age_years,artist_avg_popularity,artist_song_count,artist_max_popularity,artist_std_popularity,artist_has_viral_hit,key_target_enc,mode_target_enc,time_signature_target_enc,poly_danceability_x_energy,poly_danceability_x_valence,poly_danceability_x_loudness_normalized,poly_energy_x_valence,poly_energy_x_loudness_normalized,poly_valence_x_loudness_normalized,mood_happy_energetic,mood_neutral,mood_sad_calm,mood_sad_energetic,duration_category_short,duration_category_medium,duration_category_long,tempo_category_moderate,tempo_category_fast,tempo_category_very_fast,popularity_bucket_medium,popularity_bucket_high,popularity_bucket_viral
track_000000,Song 1,Artist D,10,232727,0,0.7957962893885334,0.7514379330856781,3,-13.28559818493671,0,0.0029346820983931,0.5203314536891825,0.0743843388552585,0.1457319949275451,0.6847914050225976,145.0562792662014,4,0,3.8787833333333332,medium,1,0.5145782379850182,happy_energetic,0.5979915188553717,-0.0714496567568654,-0.23110647939649553,0,1,fast,0,0.5802251170648055,0.7785733635843882,0,0.749187317187896,0.4881386230567488,0.7490180581590188,low,2021,2,0,0,5,29.21551724137931,116,73,15.869470846487799,1,0.0,0.012048192771084338,0.008888888888888889,0.5979915188553717,0.5449544591221435,0.6195857937572057,0.5145782379850182,0.5850495590874168,0.5331603475621229,True,False,False,False,False,True,False,False,True,False,False,False,False
track_000001,Song 2,Artist C,15,205305,0,0.7256660469967509,0.878709207150594,3,-12.813166946543252,1,0.0186194593548301,0.4198933536328478,0.0079717685729501,0.1814972903821211,0.3374891533725133,79.72939149646677,4,0,3.42175,medium,1,0.29655482638188635,sad_energetic,0.6376494368126207,0.010647690781880001,-0.4588158535177462,0,1,slow,0,0.3189175659858671,0.7864472175576125,0,0.6551259269556325,0.3055913253197149,0.7162381343315196,low,2018,3,6,1,8,26.333333333333332,87,80,15.76916823001983,1,0.0,0.00796812749003984,0.008888888888888889,0.6376494368126207,0.2449044198321119,0.5706980435366263,0.29655482638188635,0.6910584110058403,0.2654174056256874,False,False,False,True,False,True,False,False,False,False,False,False,False
track_000002,Song 3,Artist A,1,185725,1,0.564329179567133,0.6955255418595557,6,-7.1870756939766665,1,0.2869313547764486,0.3139841089447991,0.2578130237772013,0.2658626183427857,0.3395228049269165,63.55867774417332,4,0,3.0954166666666665,medium,1,0.23614678287046983,sad_energetic,0.3925053584055887,0.02911833099924732,-0.3815414329147566,0,0,slow,0,0.2542347109766933,0.8802154051003889,0,0.5362461758627949,0.3187928224981279,0.6191438685661156,low,2025,9,4,0,1,30.35164835164835,91,75,18.436300922288936,1,0.0,0.00796812749003984,0.008888888888888889,0.3925053584055887,0.19160262594873853,0.49673123740265407,0.23614678287046983,0.6122122965855763,0.2988532032795661,False,False,False,True,False,True,False,False,False,False,False,False,False
track_000003,Song 4,Artist D,57,207313,0,0.7876278197268776,0.6596127560792087,3,-3.685757153304227,0,0.0323676684959503,0.305600711977921,0.0399653928523561,0.2201406317095456,0.5282132570657347,76.7811514267156,4,0,3.455216666666667,medium,1,0.34841620229070486,neutral,0.5195293569347038,-0.007597724356405801,-0.35401204410128767,0,1,slow,0,0.3071246057068624,0.9385707141115963,1,0.671398931834234,0.3828204350871262,0.632692248001997,high,2022,7,0,0,4,29.21551724137931,116,73,15.869470846487799,1,0.0,0.012048192771084338,0.008888888888888889,0.5195293569347038,0.4160354560135174,0.7392444052152152,0.34841620229070486,0.6190932155103811,0.4957654938873989,False,True,False,False,False,True,False,False,False,False,False,True,False
track_000004,Song 5,Artist B,19,244358,0,0.6584309311037017,0.769370657555962,1,-6.452752920906695,0,0.0360223041726369,0.1682138578575534,0.0193659575504758,0.2669174567121453,0.7890238141861243,72.64056780761716,4,0,4.072633333333333,long,0,0.6070517707476917,happy_energetic,0.5065774384184393,0.016656346622161103,-0.6011567996984086,0,0,slow,0,0.2905622712304686,0.8924541179848884,0,0.7308907139641065,0.37318149013207,0.6721370040863844,low,2019,4,0,0,7,29.91919191919192,99,68,15.991500783213745,0,0.0,0.012048192771084338,0.008888888888888889,0.5065774384184393,0.5195176846375639,0.5876193958721229,0.6070517707476917,0.6866280115925597,0.7041675521585501,True,False,False,False,False,False,True,False,False,False,False,False,False
track_000005,Song 6,Artist A,54,198953,0,0.7322851655276931,0.5390540201753489,0,-10.229135746949732,0,0.2671256239865895,0.1626620519660883,0.1403536675405475,0.0391395155049646,0.4442968459407849,161.6337950418335,4,0,3.3158833333333333,medium,1,0.23950000095560772,neutral,0.39474126239247376,0.126771956446042,-0.3763919682092606,0,1,very_fast,0,0.646535180167334,0.8295144042175046,0,0.5879193260459173,0.33663766851606614,0.6778805834939255,high,2021,10,0,0,5,30.35164835164835,91,75,18.436300922288936,1,0.0,0.012048192771084338,0.008888888888888889,0.39474126239247376,0.3253519893731796,0.607441092800021,0.23950000095560772,0.4471530743868052,0.3685506334562866,False,True,False,False,False,True,False,False,False,True,False,True,False
track_000006,Song 7,Artist B,9,175591,0,0.7081393213757026,0.8549501657414503,1,-9.17263495696528,0,0.0874489014838672,0.098385220696922,0.0763701082889693,0.1920022977494129,0.4526890617616879,171.2735824958308,4,0,2.9265166666666667,short,1,0.3870265883824967,neutral,0.6054238301781951,0.011078793194897907,-0.7565649450445283,0,1,very_fast,0,0.6850943299833232,0.8471227507172453,0,0.6755474968012225,0.21867575708484008,0.8538100067579204,low,2024,5,2,0,2,29.91919191919192,99,68,15.991500783213745,0,0.0,0.012048192771084338,0.008888888888888889,0.6054238301781951,0.3205669249901252,0.5998809298148285,0.3870265883824967,0.7242477361290621,0.38348320321917,False,True,False,False,True,False,False,False,False,True,False,False,False
track_000007,Song 8,Artist E,4,158044,0,0.3337029799581761,0.5338395953442137,4,-4.398071732804892,1,0.0018718414415445,0.4285600108782145,0.1457757998381456,0.293759821276298,0.3751455143160903,79.61176213311336,4,0,2.6340666666666666,short,1,0.20026752955769855,neutral,0.17814386378603098,-0.14390395839660108,-0.10527958446599917,0,0,slow,0,0.3184470485324534,0.9266988044532518,1,0.4061767248813616,0.4238157800428487,0.5716772017624272,low,2017,2,6,1,9,27.588785046728972,107,73,15.343213896081435,1,0.04081632653061224,0.00796812749003984,0.008888888888888889,0.17814386378603098,0.12518717604522195,0.30924215256972926,0.20026752955769855,0.49470851477529054,0.3476468996127211,False,True,False,False,True,False,False,False,False,False,False,False,False
track_000008,Song 9,Artist A,27,249312,0,0.6867908341172416,0.7584927714367803,8,-7.661835469611834,1,0.0499359085650472,0.2442321333367091,0.0487175244884457,0.1237732498517789,0.7614048475018961,175.16407849235216,4,0,4.1552,long,0,0.5775200729671122,happy_energetic,0.5209258831669646,0.0012183840766014989,-0.5142606381000712,0,0,very_fast,0,0.7006563139694086,0.8723027421731362,0,0.7306856193284995,0.39856647615421836,0.8164530518915456,low,2021,11,5,1,5,30.35164835164835,91,75,18.436300922288936,1,0.02,0.00796812749003984,0.008888888888888889,0.5209258831669646,0.5229258703167383,0.5990895278998454,0.5775200729671122,0.6616353244428053,0.6641755363798225,True,False,False,False,False,False,True,False,False,True,False,False,False
track_000009,Song 10,Artist B,36,209135,0,0.8846837222669921,0.6242810953658865,2,-7.350841182021521,1,0.0167608742100268,0.2549953780231779,0.0732615318284438,0.0506178786141513,0.4570242594372032,120.99420581490476,4,0,3.4855833333333335,medium,1,0.2853116052902403,neutral,0.5522913231892075,-0.05650065761841701,-0.3692857173427086,0,1,fast,1,0.48397682325961905,0.8774859802996413,0,0.6782650953477237,0.35182110043066617,0.6691290524652287,medium,2025,8,6,1,1,29.91919191919192,99,68,15.991500783213745,0,0.027777777777777776,0.00796812749003984,0.008888888888888889,0.5522913231892075,0.4043219230052204,0.7762975632885871,0.2853116052902403,0.5477979089496687,0.40103238031297184,False,True,False,False,False,True,False,False,True,False,True,False,False
track_000010,Song 11,Artist E,32,233252,0,0.8274810817241806,0.7126670531718701,3,-12.896036761327938,1,0.0447420186501692,0.067535907483785,0.0090062841603701,0.0972732662758006,0.4692207745519675,140.56638490262304,4,0,3.8875333333333333,medium,1,0.3343981866869731,neutral,0.5897185040678431,0.035735734489799095,-0.645131145688085,0,1,fast,0,0.5622655396104922,0.7850660539778678,0,0.6855587810068235,0.2539804794075432,0.7241963147354431,medium,2025,4,2,0,1,27.588785046728972,107,73,15.343213896081435,1,0.0,0.00796812749003984,0.008888888888888889,0.5897185040678431,0.3882713140937199,0.64962730757054,0.3343981866869731,0.5594907112336753,0.36836930192195183,False,True,False,False,False,True,False,False,True,False,True,False,False
track_000011,Song 12,Artist E,31,242409,0,0.6006290190898127,0.7992493134953192,9,-6.820635972326523,1,0.1534624104488529,0.3951158297094852,0.1606119449936249,0.453424303323429,0.2191874103202097,74.43734163703057,4,0,4.04015,long,0,0.17518538722524446,sad_energetic,0.4800523311728998,-0.007149534544772018,-0.404133483785834,0,0,slow,0,0.2977493665481223,0.886322733794558,0,0.5457826247805837,0.28402776093126125,0.688545215962117,medium,2022,9,5,1,4,27.588785046728972,107,73,15.343213896081435,1,0.0,0.00796812749003984,0.008888888888888889,0.4800523311728998,0.13165031925746384,0.5323511541960265,0.17518538722524446,0.708392836520595,0.19427078472835776,False,False,False,True,False,False,True,False,False,False,True,False,False
track_000012,Song 13,Artist A,40,284899,0,0.7780453881426769,0.8398753258267022,3,-8.118745342520567,0,0.0122976313321048,0.2455311033687598,0.0910337081521688,0.2209163572004133,0.569952332179612,80.52467503688356,4,0,4.748316666666667,long,0,0.4786889006950405,neutral,0.6534611238742938,-0.07873607682006399,-0.5943442224579424,0,1,slow,0,0.3220987001475343,0.8646875776246572,0,0.7341664526589651,0.3172355432533769,0.7136621909936078,medium,2019,5,6,1,7,30.35164835164835,91,75,18.436300922288936,1,0.0,0.012048192771084338,0.008888888888888889,0.6534611238742938,0.44344878351351014,0.6727661819551275,0.4786889006950405,0.7262297609958108,0.4928307014739127,False,True,False,False,False,False,True,False,False,False,True,False,False
track_000013,Song 14,Artist C,19,145939,0,0.4010041942052392,0.730410863573648,11,-13.997991399615977,0,0.0402085134391671,0.2465220650871793,0.0351964836729946,0.1868873038892296,0.7116974313034865,121.08701642491783,4,0,2.4323166666666665,short,0,0.5198315354015266,happy_energetic,0.29289781978610363,0.005012029766172502,-0.4838887984864687,0,0,fast,1,0.4843480656996713,0.7667001433397337,0,0.5930341661452361,0.3929947963538233,0.7001759850921475,low,2018,9,0,0,8,26.333333333333332,87,80,15.76916823001983,1,0.02631578947368421,0.012048192771084338,0.008888888888888889,0.29289781978610363,0.2853936549577932,0.3074499731769913,0.5198315354015266,0.5600061137988146,0.5456585225949033,True,False,False,False,True,False,False,False,True,False,False,False,False
track_000014,Song 15,Artist D,34,257848,0,0.9537831759305002,0.8065836844654868,8,-8.722825869958214,0,0.0249927735786025,0.5648142801947621,0.0093195098155201,0.2241251334155214,0.7932192120182195,64.52423315535107,4,0,4.297466666666667,long,0,0.6397976746184657,happy_energetic,0.7693059482232164,0.0156732637630824,-0.24176940427072469,0,1,slow,0,0.25809693262140426,0.8546195688340298,0,0.861454139317312,0.5219163703437246,0.6710021057325759,medium,2022,4,4,0,4,29.21551724137931,116,73,15.869470846487799,1,0.02,0.012048192771084338,0.008888888888888889,0.7693059482232164,0.7565591392478263,0.8151217665748757,0.6397976746184657,0.6893222006464574,0.6779006609658796,True,False,False,False,False,False,True,False,False,False,True,False,False
track_000015,Song 16,Artist C,37,285838,1,0.8945083169096777,0.8061936934875142,8,-9.981083564512574,1,0.1633285988917812,0.3357087614722657,0.2399027613231315,0.136886797197128,0.47401065970307,187.84320531607,4,0,4.763966666666667,long,0,0.3821444044984712,neutral,0.721146963864713,-0.07657416243135032,-0.47048493201524855,0,1,very_fast,0,0.75137282126428,0.8336486072581237,0,0.7418646327210463,0.33462859445357296,0.8515913761694869,medium,2022,10,5,1,4,26.333333333333332,87,80,15.76916823001983,1,0.02,0.00796812749003984,0.008888888888888889,0.721146963864713,0.4240064774082391,0.7457056125725612,0.3821444044984712,0.6720822497561489,0.39515832628696873,False,True,False,False,False,False,True,False,False,True,True,False,False
track_000016,Song 17,Artist D,22,213264,1,0.9130039273677856,0.9122520403495208,0,-6.93959178712972,1,0.0076969903003515,0.3043028309315742,0.0491785806222831,0.4007425630473875,0.5520235037177276,137.6741851959116,4,0,3.5544,medium,1,0.5035845675873882,neutral,0.8328896955883881,-0.0414815903219316,-0.6079492094179466,0,1,fast,0,0.5506967407836464,0.8843401368811713,0,0.8044842341672888,0.31365257138309166,0.8395053253448621,low,2017,5,3,0,9,29.21551724137931,116,73,15.869470846487799,1,0.0,0.00796812749003984,0.008888888888888889,0.8328896955883881,0.5039996268936107,0.8074060181014745,0.5035845675873882,0.806741094232823,0.48817654083935896,False,True,False,False,False,True,False,False,True,False,False,False,False
track_000017,Song 18,Artist D,5,170859,0,0.4774368470133238,0.8364056169536213,0,-9.094604483045542,1,0.0075163731737013,0.3919271934579421,0.0502612417512228,0.4568033685978787,0.6318803888694132,144.27095537573445,4,0,2.84765,short,1,0.5285083064932157,happy_energetic,0.3993308605825708,-0.042744868577521494,-0.4444784234956792,0,0,fast,0,0.5770838215029378,0.8484232586159076,0,0.6314605405522399,0.39541330895791443,0.8042938932635939,low,2020,9,3,0,6,29.21551724137931,116,73,15.869470846487799,1,0.0,0.00796812749003984,0.008888888888888889,0.3993308605825708,0.3016829805513656,0.4050685255263487,0.5285083064932157,0.70962597906044,0.5361020185800744,True,False,False,False,True,False,False,False,True,False,False,False,False
track_000018,Song 19,Artist D,36,226308,0,0.5175709347568541,0.8836461197942599,9,-5.407075213091488,0,0.1524217010521932,0.3093750205833351,0.0095052058128093,0.1462768450275019,0.3624683550067498,164.94627248120224,3,0,3.7718,medium,1,0.3202937554499227,sad_energetic,0.4573495482161822,0.14291649523938388,-0.5742710992109248,0,0,very_fast,0,0.659785089924809,0.9098820797818086,0,0.5808627163430445,0.267396678797081,0.8712188845752951,medium,2019,8,1,0,7,29.21551724137931,116,73,15.869470846487799,1,0.0,0.012048192771084338,0.030303030303030304,0.4573495482161822,0.18760308532062273,0.4709285185511812,0.3202937554499227,0.8040137692695264,0.3298034607086324,False,False,False,True,False,True,False,False,False,True,True,False,False
track_000019,Song 20,Artist C,20,171663,1,0.8482933776412592,0.4869021978028972,5,-11.070031773865024,1,0.0469168382185284,0.0349035883627178,0.0813982244554988,0.5360931931936975,0.3605706926839893,190.71685532638244,3,0,2.86105,short,1,0.1755626627311474,neutral,0.41303590995517214,-0.0344813862369704,-0.4519986094401794,0,1,very_fast,0,0.7628674213055298,0.8154994704355829,0,0.5935592182025696,0.27606198380941477,0.6926262759781389,low,2016,3,5,1,10,26.333333333333332,87,80,15.76916823001983,1,0.0,0.00796812749003984,0.030303030303030304,0.41303590995517214,0.30586973077534974,0.6917828002404588,0.1755626627311474,0.39706848446218407,0.29404520893838454,False,True,False,False,True,False,False,False,False,True,False,False,False
track_000020,Song 21,Artist C,24,259752,0,0.5792569645243597,0.3033615360328934,5,-11.905166075460722,1,0.1235836762479584,0.1758000840592636,0.0210134470457191,0.1037209558416717,0.4208408541190592,123.59751611067396,4,0,4.3292,long,0,0.1276669279309526,neutral,0.175724282515861,0.1025702292022393,-0.1275614519736298,0,0,fast,1,0.49439006444269584,0.801580565408988,0,0.4489635028553297,0.4055638290495551,0.4973931552642552,low,2022,1,4,0,4,26.333333333333332,87,80,15.76916823001983,1,0.0,0.00796812749003984,0.008888888888888889,0.175724282515861,0.24377499570484512,0.46432112514053037,0.1276669279309526,0.2431687115765858,0.3373378497919569,False,True,False,False,False,False,True,False,True,False,False,False,False
track_000021,Song 22,Artist A,45,150306,1,0.4198204906042909,0.284567799874703,0,-4.791270479802543,1,0.3236816272221887,0.2804873407302734,0.0970094985216648,0.2398134431411178,0.4161840315837519,182.8080757138352,4,0,2.5051,short,1,0.11843257421077218,neutral,0.11946739335358147,0.2266721287005239,-0.00408045914442956,0,0,very_fast,0,0.7312323028553408,0.920145492003291,1,0.3781537456792528,0.4516798058048241,0.6005251119087625,medium,2020,3,2,0,6,30.35164835164835,91,75,18.436300922288936,1,0.0,0.00796812749003984,0.008888888888888889,0.11946739335358147,0.17472258432116242,0.3862959318801482,0.11843257421077218,0.2618437782240026,0.3829498605055446,False,True,False,False,True,False,False,False,False,True,True,False,False
track_000022,Song 23,Artist D,40,237796,0,0.9837652879161356,0.6243781501079966,0,-10.302214677581976,1,0.0509859090286944,0.1259023703209695,0.0403401778891912,0.1266069416972454,0.4380919966908919,139.78455588198432,4,0,3.9632666666666667,medium,1,0.27353507047097764,neutral,0.6142415506095373,0.0106457311395032,-0.49847577978702706,0,1,fast,0,0.5591382235279373,0.8282964220403005,0,0.7122471592061208,0.29447510210325634,0.6875251932850348,medium,2016,4,0,0,10,29.21551724137931,116,73,15.869470846487799,1,0.0,0.00796812749003984,0.008888888888888889,0.6142415506095373,0.43097969925837,0.8148492681083812,0.27353507047097764,0.5171701877345952,0.36287003338355694,False,True,False,False,False,True,False,False,True,False,True,False,False
track_000023,Song 24,Artist A,19,246071,0,0.4731579784492787,0.7311380535503712,4,-9.163710216052706,1,0.1737281480772744,0.3668217950830719,0.0876727742274033,0.3439733338082456,0.3492156616691006,189.1499133648214,4,0,4.101183333333333,long,0,0.2553248591420512,sad_energetic,0.3459438033852341,0.08605537384987111,-0.3643162584672993,0,0,very_fast,0,0.7565996534592856,0.8472714963991216,0,0.5133693059455531,0.3321520004688476,0.8187481961022421,low,2019,2,1,0,7,30.35164835164835,91,75,18.436300922288936,1,0.04081632653061224,0.00796812749003984,0.008888888888888889,0.3459438033852341,0.16523417651817893,0.4008932684339037,0.2553248591420512,0.6194724327059641,0.29588047622838826,False,False,False,True,False,False,True,False,False,True,False,False,False
track_000024,Song 25,Artist A,28,253629,0,0.5398980709571667,0.9227790025260656,3,-13.504047825560798,0,0.0463724999664167,0.5165667855247009,0.0221872012303415,0.4938168989577068,0.1306260755357755,64.7430824345233,4,0,4.22715,long,0,0.1205389996867974,sad_energetic,0.4982066033836013,0.0241852987360752,-0.4062122170013647,0,0,slow,0,0.2589723297380932,0.7749325362406534,0,0.531980751801419,0.26898083611279333,0.7134906321629484,low,2015,1,3,0,11,30.35164835164835,91,75,18.436300922288936,1,0.0,0.012048192771084338,0.008888888888888889,0.4982066033836013,0.07052476619847033,0.41838458143827345,0.1205389996867974,0.7150914728171444,0.10122639601410166,False,False,False,True,False,False,True,False,False,False,False,False,False
track_000025,Song 26,Artist B,37,158467,1,0.7354050403148878,0.6692533130492269,5,-13.975803983056274,0,0.0199962899680946,0.2817565141841422,0.0244488558497314,0.2071390933409487,0.7537708882219287,167.1498793492737,4,0,2.6411166666666666,short,1,0.5044636642225843,happy_energetic,0.49217225966383893,-0.004452565881636797,-0.38749679886508465,0,1,very_fast,0,0.6685995173970948,0.7670699336157287,0,0.7210692765073019,0.43805787822546743,0.7387654622716697,medium,2024,7,2,0,2,29.91919191919192,99,68,15.991500783213745,0,0.0,0.012048192771084338,0.008888888888888889,0.49217225966383893,0.5543269104410363,0.5641070954550134,0.5044636642225843,0.513364094412777,0.5781949851898638,True,False,False,False,True,False,False,False,False,True,True,False,False
track_000026,Song 27,Artist C,35,139830,1,0.8830711026132867,0.5022567093184844,1,-4.5960748798617175,1,0.0030294856788596,0.514309690041867,0.1359643412283882,0.0596014418128193,0.24058664429561,101.04068223654184,4,0,2.3305,short,0,0.1208362562698898,neutral,0.44352838609279505,-0.1329348555495286,0.012052980723382567,0,1,moderate,0,0.40416272894616734,0.9233987520023047,1,0.576081447129543,0.4272228565098845,0.5873691284145159,medium,2020,8,2,0,6,26.333333333333332,87,80,15.76916823001983,1,0.0,0.00796812749003984,0.008888888888888889,0.44352838609279505,0.2124551132521549,0.8154267540824081,0.1208362562698898,0.46378321856947285,0.22215740709098866,False,True,False,False,True,False,False,True,False,False,True,False,False
track_000027,Song 28,Artist E,29,217888,0,0.9016141622183552,0.9484132302304772,6,-14.589262670153651,1,0.1312209011042384,0.0172791270801268,0.1084707731315791,0.0960258946681785,0.7233356425700297,62.57469471664534,4,0,3.631466666666667,medium,1,0.6860210933106797,happy_energetic,0.8551028000110558,0.022750127972659295,-0.9311341031503504,0,1,slow,0,0.25029877886658136,0.7568456221641058,0,0.862170326727494,0.23938837453391645,0.7194377816230277,low,2023,7,0,0,3,27.588785046728972,107,73,15.343213896081435,1,0.0,0.00796812749003984,0.008888888888888889,0.8551028000110558,0.652169659378453,0.6823827315561201,0.6860210933106797,0.7178024013024548,0.5474534144343873,True,False,False,False,False,True,False,False,False,False,False,False,False
track_000028,Song 29,Artist D,53,163484,1,0.9378500468230798,0.8405267830136475,4,-11.835794368384605,0,0.1672142391029903,0.4030446990963655,0.052232420014204,0.0142475104665407,0.7098803798835924,160.66642672579437,4,0,2.7247333333333335,short,1,0.596673472028062,happy_energetic,0.788288082805402,0.1149818190887863,-0.437482083917282,0,1,very_fast,0,0.6426657069031775,0.8027367605269232,0,0.8402621675984039,0.4220239586995297,0.8218103837008999,high,2015,5,5,1,11,29.21551724137931,116,73,15.869470846487799,1,0.04081632653061224,0.012048192771084338,0.008888888888888889,0.788288082805402,0.6657613475126128,0.7528467084467824,0.596673472028062,0.6747217469324915,0.5698470765093766,True,False,False,False,True,False,False,False,False,True,False,True,False
track_000029,Song 30,Artist D,34,244019,1,0.7070050593252576,0.942265528331192,10,-10.98907331019647,1,0.1056206711625789,0.1396725014580659,0.0046396430172117,0.1785007640367851,0.4645494598277111,194.14391102055023,4,0,4.066983333333333,long,0,0.4377289422005281,neutral,0.6661864957579396,0.10098102814536719,-0.8025930268731262,0,1,very_fast,0,0.7765756440822009,0.8168487781633921,0,0.7048465201777739,0.21255418003218207,0.9257183863290998,medium,2025,12,3,0,1,29.21551724137931,116,73,15.869470846487799,1,0.0,0.00796812749003984,0.008888888888888889,0.6661864957579396,0.32843881840500727,0.5775162188651732,0.4377289422005281,0.7696884455228173,0.3794666586567296,False,True,False,False,False,False,True,False,False,True,True,False,False
track_000030,Song 31,Artist A,35,223746,0,0.7466603254793497,0.7094091739752822,9,-7.940834916360828,0,0.0173092422187133,0.2445980871599607,0.2638851637905589,0.1802095763431709,0.5661538841370481,70.77344822808928,4,0,3.7291,medium,1,0.40163475928856096,neutral,0.5296876847384209,-0.24657592157184557,-0.4648110868153216,0,1,slow,0,0.2830937929123571,0.8676527513939862,0,0.681333047625439,0.35486264791251404,0.6343953096085724,medium,2025,1,4,0,1,30.35164835164835,91,75,18.436300922288936,1,0.0,0.012048192771084338,0.008888888888888889,0.5296876847384209,0.4227246434011664,0.647841885758887,0.40163475928856096,0.6155208216637887,0.4912249752839019,False,True,False,False,False,True,False,False,False,False,True,False,False
track_000031,Song 32,Artist B,15,225864,0,0.9128469628811008,0.8154316368179699,9,-4.480015465650606,1,0.002764522050241,0.4872587452714537,0.0681033186056841,0.074387702010197,0.5635109625315287,92.7050851469874,3,0,3.7644,medium,1,0.45950466654195415,neutral,0.7443642931064487,-0.0653387965554431,-0.32817289154651624,0,1,moderate,0,0.3708203405879496,0.9253330755724899,1,0.7788215649572899,0.41932729582264916,0.731840061243964,low,2024,7,2,0,2,29.91919191919192,99,68,15.991500783213745,0,0.0,0.00796812749003984,0.030303030303030304,0.7443642931064487,0.5143992706971117,0.8446874876897755,0.45950466654195415,0.7545458644158817,0.5214353320781135,False,True,False,False,False,True,False,True,False,False,False,False,False
track_000032,Song 33,Artist B,8,122368,1,0.7478844581850883,0.8417247041866274,10,-4.155312393896754,1,0.0195494045414445,0.4110151238583872,0.0278757817831897,0.1328700935113501,0.6037938546863714,81.54542688757971,4,0,2.0394666666666668,short,0,0.5082282037255894,happy_energetic,0.6295128243316196,-0.0083263772417452,-0.4307095803282402,0,1,slow,0,0.32618170755031883,0.9307447934350541,1,0.732809350935935,0.39302679469327806,0.7293294511116941,low,2017,7,0,0,9,29.91919191919192,99,68,15.991500783213745,0,0.0,0.00796812749003984,0.008888888888888889,0.6295128243316196,0.4515680398676028,0.6960895655467674,0.5082282037255894,0.7834308859273645,0.5619779865574218,True,False,False,False,True,False,False,False,False,False,False,False,False
track_000033,Song 34,Artist C,80,238834,0,0.7833825447647644,0.6196743466409471,11,-9.279878060035578,0,0.2462704624897101,0.3322376533914182,0.0440799315049506,0.0947131279855887,0.1326003482847055,108.69328910630702,4,1,3.980566666666667,medium,1,0.08216903418768691,sad_energetic,0.48544206659702793,0.2021905309847595,-0.2874366932495289,0,1,moderate,0,0.43477315642522807,0.8453353656660737,0,0.5390354263836016,0.2867728618496948,0.6419441801131489,viral,2021,9,4,0,5,26.333333333333332,87,80,15.76916823001983,1,0.02631578947368421,0.012048192771084338,0.008888888888888889,0.48544206659702793,0.10387679827596666,0.6622209699351415,0.08216903418768691,0.5238326404116104,0.11209176390470024,False,False,False,True,False,True,False,True,False,False,False,False,True
track_000034,Song 35,Artist B,20,270580,1,0.454187539740073,0.7545579800678486,10,-12.13571962438779,0,0.0783660399304352,0.380680807328598,0.1300018955290499,0.2042985296217253,0.7576587085789459,96.37250134898235,4,0,4.509666666666667,long,0,0.5716974247261442,happy_energetic,0.3427108325582552,-0.051635855598614694,-0.3738771727392506,0,0,moderate,0,0.3854900053959294,0.7977380062602035,0,0.6353400224900675,0.4532025414847684,0.6813853433094386,low,2018,3,5,1,8,29.91919191919192,99,68,15.991500783213745,0,0.0,0.012048192771084338,0.008888888888888889,0.3427108325582552,0.34411914481211237,0.3623226624204728,0.5716974247261442,0.6019395786270519,0.6044131476074489,True,False,False,False,False,False,True,True,False,False,False,False,False
track_000035,Song 36,Artist D,5,193523,1,0.8162739255602287,0.7741612643538768,4,-13.769883264111847,1,0.0183822797163409,0.2221027715964131,0.0546924319014421,0.3579391496554258,0.6400861654261907,179.58936842461924,4,0,3.2253833333333333,medium,1,0.49552991512176453,happy_energetic,0.631927654270809,-0.0363101521851012,-0.5520584927574637,0,1,very_fast,0,0.7183574736984769,0.7705019455981359,0,0.7507837991581117,0.3486185789602594,0.8105650739334944,low,2023,9,3,0,3,29.21551724137931,116,73,15.869470846487799,1,0.04081632653061224,0.00796812749003984,0.008888888888888889,0.631927654270809,0.5224856469492306,0.6289406477851842,0.49552991512176453,0.5964927603913749,0.4931876358113302,True,False,False,False,False,True,False,False,False,True,False,False,False
track_000036,Song 37,Artist B,12,232566,1,0.5386448506466248,0.7473823318805994,7,-9.811982387488776,0,0.2379732112656402,0.394746949233042,0.1502970705884761,0.0321521117626085,0.6300354174656045,171.55169590096386,4,0,3.8761,medium,1,0.47087733947281046,happy_energetic,0.40257364453175165,0.08767614067716409,-0.35263538264755745,0,0,very_fast,0,0.6862067836038555,0.8364669602085204,0,0.6286832650625112,0.42269470536871834,0.7983121018334496,low,2017,1,5,1,9,29.91919191919192,99,68,15.991500783213745,0,0.0,0.012048192771084338,0.008888888888888889,0.40257364453175165,0.33936533334284447,0.45055862085235476,0.47087733947281046,0.6251606272617206,0.5270038104711604,True,False,False,False,False,True,False,False,False,True,False,False,False
track_000037,Song 38,Artist A,59,140056,0,0.9028451052992588,0.462022439476798,11,-14.229492755098391,1,0.0723984466643929,0.3561579811584681,0.3265861128732474,0.2760576784839704,0.5095431864572246,139.926630258183,3,0,2.3342666666666667,short,0,0.23542038602574786,neutral,0.4171346980200501,-0.2541876662088545,-0.10586445831832991,0,1,fast,0,0.559706521032732,0.7628417874150268,0,0.6526077298999103,0.45671941655751525,0.5934695226086788,high,2019,1,2,0,7,30.35164835164835,91,75,18.436300922288936,1,0.02631578947368421,0.00796812749003984,0.030303030303030304,0.4171346980200501,0.4600385718314928,0.6887279738853946,0.23542038602574786,0.35245002355633165,0.3887008351221775,False,True,False,False,True,False,False,False,True,False,False,True,False
track_000038,Song 39,Artist E,10,187215,1,0.5809462784485251,0.8020664678922125,9,-10.236920685580849,1,0.2623525495967199,0.1128277786892658,0.1999736854140331,0.2567851523074331,0.4587179804177171,127.81578266036568,4,0,3.12025,medium,1,0.36792231031228745,neutral,0.46595752959033426,0.06237886418268679,-0.6892386892029467,0,0,fast,1,0.5112631306414628,0.8293846552403192,0,0.6106138458723889,0.24212656523335768,0.7586338389847187,low,2017,4,4,0,9,27.588785046728972,107,73,15.343213896081435,1,0.0,0.00796812749003984,0.008888888888888889,0.46595752959033426,0.26649050358109616,0.48182792886417647,0.36792231031228745,0.6652216209526032,0.38045365404128384,False,True,False,False,False,True,False,False,True,False,False,False,False
track_000039,Song 40,Artist E,37,286319,0,0.7498665766201711,0.8911721274934868,8,-4.53859720089358,1,0.0266424013718761,0.195052208569352,0.0207363563081021,0.2133536159744544,0.6485402493062533,167.48134432934924,4,0,4.771983333333333,long,0,0.5779609937394101,happy_energetic,0.6682601924228556,0.005906045063773999,-0.6961199189241348,0,1,very_fast,0,0.669925377317397,0.9243567133184404,1,0.7618603436879905,0.3052313199715707,0.8816794229044553,medium,2021,9,4,0,5,27.588785046728972,107,73,15.343213896081435,1,0.02,0.00796812749003984,0.008888888888888889,0.6682601924228556,0.4863186565476725,0.6931442041919718,0.5779609937394101,0.8237609387708816,0.5994825333034502,True,False,False,False,False,False,True,False,False,True,True,False,False
track_000040,Song 41,Artist E,24,291230,1,0.4362901685859707,0.9610261483706328,6,-11.678066433179382,0,0.0579834618609549,0.0526604411336022,0.1204973134144268,0.4091217269183404,0.4061361838287867,141.1180859080901,4,0,4.853833333333333,long,0,0.39030749245892615,neutral,0.41928626028814947,-0.06251385155347189,-0.9083657072370306,0,0,fast,0,0.5644723436323604,0.8053655594470103,0,0.5846647670942141,0.15459718709088704,0.8532633149368537,low,2019,6,4,0,7,27.588785046728972,107,73,15.343213896081435,1,0.0,0.012048192771084338,0.008888888888888889,0.41928626028814947,0.17719322411152413,0.35137307570447074,0.39030749245892615,0.7739773616257202,0.3270880949009446,False,True,False,False,False,False,True,False,True,False,False,False,False
track_000041,Song 42,Artist A,36,282049,1,0.8534899281566739,0.6751569607566317,10,-4.395483964070969,1,0.0461375122146521,0.2450449682353012,0.0340772223058992,0.0790294969353361,0.5827471303997765,97.76494561237854,4,0,4.700816666666666,long,0,0.39344578145036163,neutral,0.5762396659306559,0.012060289908752901,-0.4301119925213305,0,1,moderate,0,0.39105978244951417,0.9267419339321505,1,0.718767198609592,0.37029503818706394,0.6695742855833138,medium,2023,11,2,0,3,30.35164835164835,91,75,18.436300922288936,1,0.0,0.00796812749003984,0.008888888888888889,0.5762396659306559,0.49736880645841314,0.7909649066115282,0.39344578145036163,0.6256962675193539,0.5400562026201,False,True,False,False,False,False,True,True,False,False,True,False,False
track_000042,Song 43,Artist D,56,223691,0,0.7873246712587404,0.804413660452917,11,-13.219881588454934,0,0.1183778551692924,0.4690100116493677,0.0170374321702375,0.0884766691564664,0.5170481003862072,152.62852905196053,5,0,3.7281833333333334,medium,1,0.4159205550618962,neutral,0.6333347207721328,0.10134042299905491,-0.3354036488035493,0,1,very_fast,0,0.6105141162078421,0.7796686401924178,0,0.7113683967552334,0.4013943366397341,0.7870833518428828,high,2021,3,2,0,5,29.21551724137931,116,73,15.869470846487799,1,0.02631578947368421,0.012048192771084338,0.0,0.6333347207721328,0.40708472566152676,0.6138523558302444,0.4159205550618962,0.627176104797531,0.40312618934218686,False,True,False,False,False,True,False,False,False,True,False,True,False
track_000043,Song 44,Artist B,67,217532,1,0.7315413733260737,0.6960592307833887,3,-6.881839370673042,0,0.2163621442734625,0.3773085597639645,0.2580374551772934,0.1334721304007184,0.5531471262907764,186.1925909423822,4,0,3.6255333333333333,medium,1,0.38502316323599983,neutral,0.5091961256035706,-0.041675310903830864,-0.3187506710194242,0,1,very_fast,0,0.7447703637695288,0.8853026771554493,0,0.6673784564526791,0.4080497925578021,0.8043790372363575,high,2016,1,5,1,10,29.91919191919192,99,68,15.991500783213745,0,0.0,0.012048192771084338,0.008888888888888889,0.5091961256035706,0.40465000841812576,0.647635536255547,0.38502316323599983,0.6162231004712968,0.4897026317660678,False,True,False,False,False,True,False,False,False,True,False,True,False
track_000044,Song 45,Artist A,9,177458,1,0.8447867220040265,0.3883608325032061,4,-10.434963549206428,0,0.079248535851654,0.0492171333997576,0.0493599769316376,0.1344710782089573,0.5547189148811642,134.704356541763,4,0,2.9576333333333333,short,1,0.21543109958852405,neutral,0.3280820746451382,0.029888558920016406,-0.3391436991034485,0,1,fast,0,0.538817426167052,0.8260839408465596,0,0.6208386130169217,0.3695942780732905,0.5614537392335595,low,2018,4,1,0,8,30.35164835164835,91,75,18.436300922288936,1,0.04081632653061224,0.012048192771084338,0.008888888888888889,0.3280820746451382,0.4686191737360893,0.6978647444879332,0.21543109958852405,0.32081864698469914,0.4582443872671594,False,True,False,False,True,False,False,False,True,False,False,False,False
track_000045,Song 46,Artist E,10,158756,0,0.7136853434525942,0.6504478279896766,4,-9.2498012466768,0,0.0228310116419903,0.2334527387649426,0.0655085411768724,0.1981186378789726,0.3250222798169704,74.96276923326414,4,0,2.6459333333333332,short,1,0.2114100359552013,sad_energetic,0.46421508151680624,-0.042677529534882096,-0.416995089224734,0,1,slow,0,0.29985107693305657,0.8458366458887201,0,0.5781151697230318,0.2957534310541652,0.6068353970224785,low,2023,12,5,1,3,27.588785046728972,107,73,15.343213896081435,1,0.04081632653061224,0.012048192771084338,0.008888888888888889,0.46421508151680624,0.2319636374009197,0.6036612171258815,0.2114100359552013,0.5501726091523912,0.2749157549994913,False,False,False,True,True,False,False,False,False,False,False,False,False
track_000046,Song 47,Artist C,16,258429,0,0.8421316447367079,0.756680030899987,5,-7.877537170522234,1,0.0441577949792567,0.6743650767776287,0.0452304439330248,0.4861130336159375,0.8206147665276767,180.791590856052,4,0,4.30715,long,0,0.6209428068931481,happy_energetic,0.6372241989612291,-0.0010726489537681017,-0.08231495412235834,0,1,very_fast,0,0.723166363424208,0.8687077138246295,0,0.8100410971229822,0.5889264513993584,0.8232689444989975,low,2016,9,3,0,10,26.333333333333332,87,80,15.76916823001983,1,0.0,0.00796812749003984,0.008888888888888889,0.6372241989612291,0.6910656630311819,0.7315662558386006,0.6209428068931481,0.6573337797398777,0.7128743777609902,True,False,False,False,False,False,True,False,False,True,False,False,False
track_000047,Song 48,Artist E,22,292627,0,0.622143494918042,0.7914832924974629,5,-9.650509025073251,0,0.1518413696311273,0.2157050389732002,0.0151710801434931,0.1361856227262237,0.3947297232249433,134.61409011718695,4,0,4.877116666666667,long,0,0.3124219809846904,sad_energetic,0.4924161817636104,0.13667028948763418,-0.5757782535242626,0,0,fast,0,0.5384563604687478,0.8391581829154459,0,0.6047213026839386,0.26725594480752424,0.7654944180076011,low,2024,3,0,0,2,27.588785046728972,107,73,15.343213896081435,1,0.0,0.012048192771084338,0.008888888888888889,0.4924161817636104,0.24557852955519766,0.522076804708089,0.3124219809846904,0.6641796815401053,0.3312406772841603,False,False,False,True,False,False,True,False,True,False,False,False,False
track_000048,Song 49,Artist C,10,283379,0,0.6420585296670829,0.8511635180828289,8,-12.95426474191299,1,0.0147046852056278,0.1010902995680712,0.2671094384383656,0.1493998557324709,0.3843603512965551,175.649468235354,4,0,4.7229833333333335,long,0,0.3271535088211278,sad_energetic,0.5464967969265226,-0.2524047532327378,-0.7500732185147576,0,0,very_fast,0,0.702597872941416,0.7840955876347835,0,0.6274805726806484,0.20039516979134633,0.845875078921402,low,2023,12,4,0,3,26.333333333333332,87,80,15.76916823001983,1,0.02,0.00796812749003984,0.008888888888888889,0.5464967969265226,0.24678184201578962,0.5034352601152364,0.3271535088211278,0.6673935588844454,0.3013752555133842,False,False,False,True,False,False,True,False,False,True,False,False,False
track_000049,Song 50,Artist C,31,147192,1,0.7809124507104137,0.6378363834204357,6,-3.691355770773203,1,0.0773439904789942,0.3824092399775775,0.2006735937401817,0.2101045188980614,0.3918809763136409,196.5854281203881,4,0,2.4532,short,0,0.24995594466316212,sad_energetic,0.49809437332911954,-0.1233296032611875,-0.2554271434428582,0,1,very_fast,0,0.7863417124815524,0.9384774038204466,1,0.6212801882043884,0.3791770738589925,0.8014918146548893,medium,2024,9,1,0,2,26.333333333333332,87,80,15.76916823001983,1,0.0,0.00796812749003984,0.008888888888888889,0.49809437332911954,0.30602473359987487,0.7328686893537716,0.24995594466316212,0.5985950331746335,0.36777144125744765,False,False,False,True,True,False,False,False,False,True,True,False,False
track_000050,Song 51,Artist B,58,222634,0,0.6844449930991835,0.9036623738424108,2,-3.566429668784469,1,0.0221297335744873,0.2307343681279402,0.052031010243743,0.0032094567864761,0.7112972529799172,68.58894779549354,4,0,3.710566666666667,medium,1,0.6427725641354177,happy_energetic,0.6185071872285606,-0.0299012766692557,-0.6729280057144705,0,0,slow,0,0.2743557911819742,0.9405595055202589,1,0.7582658852863717,0.334584210992428,0.7428265097184974,high,2019,7,0,0,7,29.91919191919192,99,68,15.991500783213745,0,0.027777777777777776,0.00796812749003984,0.008888888888888889,0.6185071872285606,0.4868438434073076,0.643761244265185,0.6427725641354177,0.8499482354984812,0.6690173925407095,True,False,False,False,False,True,False,False,False,False,False,True,False
track_000051,Song 52,Artist B,51,159081,0,0.6773274931391737,0.7489727055150457,2,-12.86680334578502,1,0.0069815503682843,0.1919400607246836,0.1001517203351707,0.1229401769247394,0.6599283077928096,61.54437702001061,4,0,2.65135,short,1,0.49426829013354645,happy_energetic,0.5072998050561704,-0.0931701699668864,-0.5570326447903621,0,0,slow,0,0.24617750808004243,0.7855532775702497,0,0.6936013012480261,0.35006270497320263,0.6239135738015886,high,2016,12,1,0,10,29.91919191919192,99,68,15.991500783213745,0,0.027777777777777776,0.00796812749003984,0.008888888888888889,0.5072998050561704,0.4469875863688808,0.5320768322239188,0.49426829013354645,0.5883579636280016,0.5184088451480302,True,False,False,False,True,False,False,False,False,False,False,True,False
track_000052,Song 53,Artist B,44,291334,0,0.7014987366705161,0.8911086226679287,1,-7.448414327871166,0,0.1579432066120674,0.2460570417852596,0.0754547044891908,0.3998355549979069,0.7033075797442945,193.74685611055,4,0,4.855566666666666,long,0,0.6267234486978527,happy_energetic,0.6251115730377556,0.0824885021228766,-0.6450515808826691,0,1,very_fast,0,0.7749874244422,0.8758597612021473,0,0.7589243553918734,0.3420825038370136,0.9113465477402188,medium,2018,4,6,1,8,29.91919191919192,99,68,15.991500783213745,0,0.0,0.012048192771084338,0.008888888888888889,0.6251115730377556,0.49336937868142083,0.6144145159838462,0.6267234486978527,0.7804861854551064,0.6159988088464979,True,False,False,False,False,False,True,False,False,True,True,False,False
track_000053,Song 54,Artist D,7,135485,0,0.9270049622205452,0.586184647207508,10,-9.598506810962885,0,0.0979870899750234,0.0765456260152517,0.0096692602314745,0.0654702826882816,0.4517322549422913,73.77539095987562,4,0,2.2580833333333334,short,0,0.26479851249559905,neutral,0.5433960767388595,0.08831782974354889,-0.5096390211922562,0,1,slow,0,0.2951015638395025,0.8400248864839519,0,0.6821770555331579,0.2902825327265357,0.5717603873403578,low,2021,3,5,1,5,29.21551724137931,116,73,15.869470846487799,1,0.0,0.012048192771084338,0.008888888888888889,0.5433960767388595,0.41875804192658045,0.7787072381593736,0.26479851249559905,0.49240969172912225,0.37946633617903786,False,True,False,False,True,False,False,False,False,False,False,False,False
track_000054,Song 55,Artist D,39,162918,0,0.5075036785917564,0.6043282323168061,0,-11.935038183777364,1,0.1287920100249505,0.1217290559732212,0.0732243841161161,0.2153417892128992,0.6979362941915594,192.03061728425905,4,0,2.7153,short,1,0.4217826069385275,happy_energetic,0.30669880097763264,0.05556762590883439,-0.4825991763435849,0,0,very_fast,0,0.7681224691370362,0.8010826969370439,0,0.5936808293892122,0.3767740409517145,0.7504265814722003,medium,2022,10,2,0,4,29.21551724137931,116,73,15.869470846487799,1,0.0,0.00796812749003984,0.008888888888888889,0.30669880097763264,0.3542052367249147,0.4065524155517549,0.4217826069385275,0.48411689017954346,0.5591046888412206,True,False,False,False,True,False,False,False,False,True,True,False,False
track_000055,Song 56,Artist A,31,234821,0,0.4497745056619676,0.6738553407663418,8,-8.471801049806981,0,0.1292902775226174,0.2701630500363129,0.0198124943081682,0.1871874131101525,0.4864776532350985,162.5922162672751,4,0,3.913683333333333,medium,1,0.32781556479594753,neutral,0.3030829527808581,0.1094777832144492,-0.4036922907300289,0,0,very_fast,0,0.6503688650691004,0.8588033158365502,0,0.5280097004652191,0.3518519137551522,0.7525766579513936,medium,2017,5,4,0,9,30.35164835164835,91,75,18.436300922288936,1,0.02,0.012048192771084338,0.008888888888888889,0.3030829527808581,0.2188052459994105,0.386267836841243,0.32781556479594753,0.5787092010443028,0.4177886216786861,False,True,False,False,False,True,False,False,False,True,True,False,False
track_000056,Song 57,Artist E,19,234065,1,0.906097235376915,0.6945251620331796,7,-9.46131030696252,1,0.1258837283159053,0.1696280916324089,0.0799963174702094,0.1303421137795736,0.6258754120317029,61.54442599674521,4,0,3.9010833333333332,medium,1,0.43468622195390155,happy_energetic,0.629307329217968,0.045887410845695906,-0.5248970704007707,0,1,slow,0,0.24617770398698086,0.8423114948839581,0,0.7585590663702309,0.3472563116525206,0.6080415189884992,low,2015,5,5,1,11,27.588785046728972,107,73,15.343213896081435,1,0.0,0.00796812749003984,0.008888888888888889,0.629307329217968,0.5671039805323136,0.7632161168405509,0.43468622195390155,0.5850065274666907,0.5271820539195369,True,False,False,False,False,True,False,False,False,False,False,False,False
track_000057,Song 58,Artist E,9,219657,0,0.5917646585001779,0.91242348940387,3,-6.335148741567156,1,0.0274269509620138,0.2396693405712958,0.1208422890099885,0.2019150420889275,0.548878898471159,149.10869114688157,4,0,3.66095,medium,1,0.5008099998032074,neutral,0.5399399746146218,-0.0934153380479747,-0.6727541488325741,0,0,fast,0,0.5964347645875263,0.8944141876405475,0,0.6750965797625799,0.28680435894870504,0.8587576189503668,low,2018,3,0,0,8,27.588785046728972,107,73,15.343213896081435,1,0.0,0.00796812749003984,0.008888888888888889,0.5399399746146218,0.3248071339117392,0.5292827063068226,0.5008099998032074,0.816084514059316,0.49092507408912023,False,True,False,False,False,True,False,False,True,False,False,False,False
track_000058,Song 59,Artist D,24,222023,0,0.6590905143035214,0.628180660354459,3,-14.24949327723158,1,0.1583632371158757,0.2419859579326483,0.1611540602585921,0.0477232085177491,0.6402114348831495,191.69509431614767,4,0,3.7003833333333334,medium,1,0.4021684419313725,happy_energetic,0.41402791450854604,-0.00279082314271642,-0.38619470242181064,0,0,very_fast,0,0.7667803772645907,0.7625084453794737,0,0.6441538342926911,0.4004036155316665,0.7541346607273458,low,2016,12,6,1,10,29.21551724137931,116,73,15.869470846487799,1,0.0,0.00796812749003984,0.008888888888888889,0.41402791450854604,0.4219572838801304,0.5025620834259359,0.4021684419313725,0.4789930587443297,0.48816662592691246,True,False,False,False,False,True,False,False,False,True,False,False,False
track_000059,Song 60,Artist D,21,289160,0,0.4255739775222677,0.6886229240120414,8,-14.91564955423657,0,0.0114046096871498,0.3869581717452302,0.0084591294391163,0.1672573897755516,0.3878336440880237,128.25996711427382,3,0,4.819333333333334,long,0,0.2670711380221402,sad_energetic,0.29305999678481875,0.0029454802480335003,-0.3016647522668112,0,0,fast,1,0.5130398684570953,0.7514058407627239,0,0.4931665614389266,0.3645464847208868,0.6869825808299762,low,2022,9,6,1,4,29.21551724137931,116,73,15.869470846487799,1,0.02,0.012048192771084338,0.030303030303030304,0.29305999678481875,0.16505190653149576,0.31977877238685615,0.2670711380221402,0.5174352871857533,0.2914204654120324,False,False,False,True,False,False,True,False,True,False,False,False,False
track_000060,Song 61,Artist E,3,178141,0,0.9791921783440044,0.7960517462881084,9,-5.065579496133926,1,0.0284871897534585,0.0915515469254759,0.4305978385941111,0.3871058833328475,0.5276661750952186,161.19400244918774,4,0,2.9690166666666666,short,1,0.42004958014171556,neutral,0.7794876435224015,-0.4021106488406526,-0.7045001993626325,0,1,very_fast,0,0.644776009796751,0.9155736750644345,0,0.7887922477525998,0.2561049474123234,0.8229316118307227,low,2018,4,6,1,8,27.588785046728972,107,73,15.343213896081435,1,0.0,0.00796812749003984,0.008888888888888889,0.7794876435224015,0.516686591429936,0.8965225813207693,0.42004958014171556,0.7288440228904642,0.48311725913912273,False,True,False,False,True,False,False,False,False,True,False,False,False
track_000061,Song 62,Artist A,4,143833,0,0.8556007635994206,0.6789200427750599,2,-7.18831839418855,1,0.0287229338762901,0.2951728511926117,0.0569335298556212,0.1248250752701706,0.3882641901174178,138.11730342956955,4,0,2.3972166666666666,short,0,0.2636003405625413,sad_energetic,0.5808845070212926,-0.028210595979331104,-0.3837471915824482,0,1,fast,0,0.5524692137182782,0.8801946934301909,0,0.6623955753075115,0.33087238467975205,0.7226749152179224,low,2016,11,0,0,10,30.35164835164835,91,75,18.436300922288936,1,0.027777777777777776,0.00796812749003984,0.008888888888888889,0.5808845070212926,0.3321991375427733,0.7530952518150292,0.2636003405625413,0.597581818914006,0.3417480797903219,False,False,False,True,True,False,False,False,True,False,False,False,False
track_000062,Song 63,Artist C,24,260932,0,0.9254415914411832,0.7801796870572899,10,-5.692657788896071,0,0.054355714723492,0.2936302599844207,0.0614325415678969,0.1430168132270269,0.2074618564719478,130.98715454116174,4,0,4.348866666666667,long,0,0.1618575262586086,sad_energetic,0.7220107312003826,-0.0070768268444049015,-0.4865494270728692,0,1,fast,0,0.523948618164647,0.9051223701850655,0,0.6664690996352446,0.24563675481816566,0.7675950493774006,low,2020,5,0,0,6,26.333333333333332,87,80,15.76916823001983,1,0.0,0.012048192771084338,0.008888888888888889,0.7220107312003826,0.1919938306167417,0.8376378867130827,0.1618575262586086,0.7061580875195369,0.18777836725288324,False,False,False,True,False,False,True,False,True,False,False,False,False
track_000063,Song 64,Artist E,24,241288,1,0.5001029084438187,0.8005694752788904,6,-13.530793219692708,1,0.0746420626386496,0.1675679080006677,0.0515687704118578,0.2589445267205739,0.3836648574115178,125.96350585059405,4,0,4.021466666666667,long,0,0.3071503735808891,sad_energetic,0.4003671229983149,0.023073292226791803,-0.6330015672782228,0,0,fast,1,0.5038540234023762,0.7744867796717881,0,0.5553114631846499,0.24195577784005529,0.7441273523496938,low,2020,4,0,0,6,27.588785046728972,107,73,15.343213896081435,1,0.0,0.00796812749003984,0.008888888888888889,0.4003671229983149,0.19187191105918303,0.38732309106514823,0.3071503735808891,0.620030474812281,0.29714335988988216,False,False,False,True,False,False,True,False,True,False,False,False,False
track_000064,Song 65,Artist A,66,134489,0,0.7788923078029556,0.3456453985384987,0,-12.121510646928662,1,0.2685437335246711,0.4801447885231756,0.1182132448075607,0.2570241129520734,0.6446410065325862,198.84396640349743,4,0,2.2414833333333335,short,0,0.22281719761721466,happy_calm,0.26922054214912355,0.1503304887171104,0.13449938998467692,0,1,very_fast,0,0.7953758656139898,0.797974822551189,0,0.6086428446425077,0.5817565978074966,0.6306836133847333,high,2024,5,0,0,2,30.35164835164835,91,75,18.436300922288936,1,0.0,0.00796812749003984,0.008888888888888889,0.26922054214912355,0.5021059212825862,0.6215364511055496,0.22281719761721466,0.2758163255643935,0.5144072927970603,False,False,False,False,True,False,False,False,False,True,False,True,False
track_000065,Song 66,Artist C,43,144285,0,0.6564827405972279,0.4727220890277885,0,-5.80722268157637,0,0.0083481972504344,0.3578715780923386,0.0845728236911424,0.0793920569863451,0.5034913405332259,77.84355431920166,4,0,2.40475,short,0,0.23801147830426816,neutral,0.31033389254580934,-0.076224626440708,-0.1148505109354499,0,0,slow,0,0.31137421727680664,0.9032129553070605,0,0.5554571251071955,0.45237940668856663,0.5337689670541088,medium,2018,7,6,1,8,26.333333333333332,87,80,15.76916823001983,1,0.0,0.012048192771084338,0.008888888888888889,0.31033389254580934,0.33053337510022424,0.5929437162429005,0.23801147830426816,0.4269687150697162,0.4547599016545285,False,True,False,False,True,False,False,False,False,False,True,False,False
track_000066,Song 67,Artist E,55,198587,0,0.6470487254974051,0.6731597566544453,8,-11.62174561902084,0,0.0354858390915006,0.0474812962969832,0.0233302926306554,0.4021012587077668,0.5246302308243718,99.9406473700243,4,0,3.3097833333333333,medium,1,0.3531599585152996,neutral,0.4355671625994022,0.012155546460845199,-0.6256784603574621,0,0,moderate,0,0.3997625894800972,0.8063042396829859,0,0.6181564864426071,0.2744336607697712,0.6477516973188563,high,2020,9,6,1,6,27.588785046728972,107,73,15.343213896081435,1,0.02,0.012048192771084338,0.008888888888888889,0.4355671625994022,0.3394613222123192,0.5217181306500303,0.3531599585152996,0.5427715657744463,0.42301157937955447,False,True,False,False,False,True,False,True,False,False,False,True,False
track_000067,Song 68,Artist B,28,173413,0,0.8405998367784953,0.840660738210421,8,-4.084478166760892,1,0.2922183410381624,0.172239934802583,0.0237765140488802,0.0839294190164199,0.5110974084494038,195.9072689064696,4,0,2.890216666666667,short,1,0.4296595246845088,neutral,0.7066592793257692,0.2684418269892822,-0.6684208034078379,0,1,very_fast,0,0.7836290756258784,0.9319253638873185,1,0.7417673787093455,0.27002697499272804,0.9005763452423786,low,2016,7,1,0,10,29.91919191919192,99,68,15.991500783213745,0,0.02,0.00796812749003984,0.008888888888888889,0.7066592793257692,0.4296283981204807,0.7833763087734197,0.4296595246845088,0.7834330643625284,0.47630463835107606,False,True,False,False,True,False,False,False,False,True,False,False,False
track_000068,Song 69,Artist B,24,245911,1,0.6284600814510203,0.718959869459601,2,-11.67822830650433,0,0.0752567028041829,0.0828490254096016,0.0664977666264969,0.2221457915659863,0.6401684828892366,98.8950901894428,4,0,4.098516666666667,long,0,0.4602554488901963,happy_energetic,0.4518375781205958,0.008758936177686,-0.6361108440499994,0,0,moderate,0,0.3955803607577712,0.8053628615582612,0,0.6591225382850594,0.3095021941927313,0.668895142325617,low,2024,5,5,1,2,29.91919191919192,99,68,15.991500783213745,0,0.027777777777777776,0.012048192771084338,0.008888888888888889,0.4518375781205958,0.4023203368989457,0.5061384095725316,0.4602554488901963,0.5790235778135382,0.5155679212590863,True,False,False,False,False,False,True,True,False,False,False,False,False
track_000069,Song 70,Artist B,55,268216,0,0.5578314534665696,0.8375206629186172,0,-10.32153176470147,0,0.069912115375609,0.2458891797870339,0.2976423652929751,0.1249243115738293,0.831931585768755,118.65269062624655,4,0,4.470266666666666,long,0,0.6967598932159841,happy_energetic,0.4671953687041771,-0.22773024991736612,-0.5916314831315832,0,0,moderate,1,0.47461076250498624,0.8279744705883089,0,0.7239682559928395,0.3966789487698549,0.7623342615163402,high,2016,10,4,0,10,29.91919191919192,99,68,15.991500783213745,0,0.0,0.012048192771084338,0.008888888888888889,0.4671953687041771,0.4640776056741327,0.4618702023614898,0.6967598932159841,0.6934457274868115,0.6888181142925772,True,False,False,False,False,False,True,True,False,False,False,True,False
track_000070,Song 71,Artist D,29,189724,0,0.7018634792827569,0.8461190503446422,9,-8.974156680456158,0,0.153162680845004,0.2633082744522527,0.0118836780662147,0.1983978500714298,0.2493354579601336,162.08428825692272,4,0,3.1620666666666666,medium,1,0.21096748090647469,sad_energetic,0.5938600605623128,0.1412790027787893,-0.5828107758923895,0,1,very_fast,0,0.6483371530276909,0.8504307219923973,0,0.6093817442045355,0.22628823206554852,0.8362721019561846,low,2024,10,2,0,2,29.21551724137931,116,73,15.869470846487799,1,0.0,0.012048192771084338,0.008888888888888889,0.5938600605623128,0.17499945203245895,0.596886265426531,0.21096748090647469,0.7195656348761157,0.21204253353134145,False,False,False,True,False,True,False,False,False,True,False,False,False
track_000071,Song 72,Artist C,26,199252,0,0.7425552562663881,0.7439406771235403,1,-10.389124558351424,0,0.2217783425663446,0.0695626958450078,0.0707200524444868,0.4178827302683646,0.3421790902350207,70.03966443867114,4,0,3.320866666666667,medium,1,0.2545609440869583,sad_energetic,0.5524170601484607,0.15105829012185779,-0.6743779812785324,0,1,slow,0,0.28015865775468457,0.8268479240274762,0,0.6228580327141235,0.20729660227144722,0.6423994200252721,low,2018,7,6,1,8,26.333333333333332,87,80,15.76916823001983,1,0.0,0.012048192771084338,0.008888888888888889,0.5524170601484607,0.2540868820384653,0.6139802721195535,0.2545609440869583,0.6151258044791942,0.2829300704064373,False,False,False,True,False,True,False,False,False,False,False,False,False
track_000072,Song 73,Artist D,14,143624,1,0.7205941226061411,0.8478541546014492,1,-9.172923604087227,1,0.2849072978642805,0.1093509891487834,0.0706419738683551,0.251827151003395,0.6167216057985653,195.90390151481475,4,0,2.3937333333333335,short,0,0.5228899757087908,happy_energetic,0.6109587206330028,0.21426532399592538,-0.7385031654526658,0,1,very_fast,0,0.783615606059259,0.8471179399318794,0,0.7276103771624609,0.2744006310186482,0.8872065175593227,low,2022,10,2,0,4,29.21551724137931,116,73,15.869470846487799,1,0.0,0.00796812749003984,0.008888888888888889,0.6109587206330028,0.44440596442266755,0.6104282086691344,0.5228899757087908,0.7182324648086649,0.5224359362155613,True,False,False,False,True,False,False,False,False,True,False,False,False
track_000073,Song 74,Artist C,26,170428,0,0.6744119581554564,0.8488451568324757,2,-12.873948896737614,0,0.0938440673667585,0.208678135078325,0.0761646104450559,0.1656839990008229,0.6089356206326507,136.02344175407285,4,0,2.8404666666666665,short,1,0.5168920523968034,happy_energetic,0.5724713243901655,0.0176794569217026,-0.6401670217541507,0,0,fast,0,0.5440937670162914,0.785434185054373,0,0.7070990165017204,0.3114983931713825,0.7855445780582218,low,2021,5,5,1,5,26.333333333333332,87,80,15.76916823001983,1,0.027777777777777776,0.012048192771084338,0.008888888888888889,0.5724713243901655,0.4106734643014741,0.5297062067447548,0.5168920523968034,0.666712003994067,0.47827885294218486,True,False,False,False,True,False,False,False,True,False,False,False,False
track_000074,Song 75,Artist B,17,266106,1,0.5053871125553164,0.6565160660270898,9,-3.6714948740952256,0,0.322521898019796,0.2752027704274641,0.1663250398179859,0.2559571306790367,0.386462525939073,142.79694631914833,4,0,4.4351,long,0,0.25371885719641235,sad_energetic,0.3317947589556064,0.15619685820181012,-0.3813132955996257,0,0,fast,0,0.5711877852765933,0.9388084187650796,1,0.5150484226119754,0.3290650461445806,0.7302151362452833,low,2023,3,5,1,3,29.91919191919192,99,68,15.991500783213745,0,0.0,0.012048192771084338,0.008888888888888889,0.3317947589556064,0.19531318009518217,0.47446167600230593,0.25371885719641235,0.6163428098407627,0.3628142728888197,False,False,False,True,False,False,True,False,True,False,False,False,False
track_000075,Song 76,Artist C,12,286926,1,0.7521591378695625,0.4115175957713296,2,-9.620171335566932,0,0.2449071716932828,0.0644186220527021,0.1451463902573674,0.1264430297425822,0.5279451728097528,60.79321403413942,4,0,4.7821,long,0,0.21725872821374864,neutral,0.3095267200535184,0.09976078143591541,-0.3470989737186275,0,1,slow,0,0.24317285613655767,0.8396638110738845,0,0.5827024857221497,0.3606957219326078,0.4648813811516509,low,2022,7,2,0,4,26.333333333333332,87,80,15.76916823001983,1,0.027777777777777776,0.012048192771084338,0.008888888888888889,0.3095267200535184,0.3970987860229809,0.6315608082376042,0.21725872821374864,0.3455364327893169,0.4432964558394976,False,True,False,False,False,False,True,False,False,False,False,False,False
track_000076,Song 77,Artist D,26,229779,0,0.7075740320993396,0.8442981457376432,3,-10.114722130492469,1,0.0216986164042787,0.3425877639451297,0.1412925503441887,0.0707830856861917,0.5872010068428672,81.32614252503497,4,0,3.82965,medium,1,0.49577272125270994,neutral,0.59740344327358,-0.11959393393991,-0.5017103817925135,0,1,slow,0,0.32530457010013986,0.8314212978251255,0,0.7124793586138889,0.3599059639096191,0.7104225462213991,low,2019,11,6,1,7,29.21551724137931,116,73,15.869470846487799,1,0.0,0.00796812749003984,0.008888888888888889,0.59740344327358,0.4154881840645995,0.5882921200753899,0.49577272125270994,0.7019674600805382,0.4882114231935171,False,True,False,False,False,True,False,False,False,False,False,False,False
track_000077,Song 78,Artist A,14,193479,0,0.7915529812431981,0.8966358475439802,6,-8.962992590641964,1,0.0609104146528518,0.6596082562500234,0.0408390634996675,0.0669030083080776,0.4732234219403015,74.38475534333926,4,0,3.22465,medium,1,0.4243090840091048,neutral,0.7097347782129592,0.020071351153184307,-0.23702759129395679,0,1,slow,0,0.2975390213733571,0.8506167901559674,0,0.7275789733425637,0.43681957481890576,0.7300184148181925,low,2016,11,2,0,10,30.35164835164835,91,75,18.436300922288936,1,0.0,0.00796812749003984,0.008888888888888889,0.7097347782129592,0.37458141043095344,0.6733082561434758,0.4243090840091048,0.7626935065766357,0.4025317881974822,False,True,False,False,False,True,False,False,False,False,False,False,False
track_000078,Song 79,Artist B,25,195703,0,0.6669390179398403,0.6635200328594513,1,-11.239824988978285,1,0.2068684198423398,0.0791873045459801,0.1112768728329218,0.2699860306372352,0.6385989210091759,126.55692509901031,4,0,3.2617166666666666,medium,1,0.42372317705201856,happy_energetic,0.44252739909869304,0.09559154700941801,-0.5843327283134712,0,0,fast,1,0.5062277003960413,0.8126695835170286,0,0.6574112933365243,0.3241985882633094,0.6841293207816468,low,2019,2,1,0,7,29.91919191919192,99,68,15.991500783213745,0,0.0,0.00796812749003984,0.008888888888888889,0.44252739909869304,0.4259065372353015,0.5420010539404261,0.42372317705201856,0.5392225487590954,0.5189699191709508,True,False,False,False,False,True,False,False,True,False,False,False,False
track_000079,Song 80,Artist A,22,278211,0,0.4126112181267323,0.8684656059230819,6,-5.789188457784981,1,0.0529277970801536,0.127963433308138,0.0966326709960771,0.2718020794638942,0.2773370745584589,66.02097326137152,4,0,4.63685,long,0,0.24085771050134694,sad_energetic,0.35833865156109346,-0.0437048739159235,-0.7405021726149439,0,0,slow,0,0.2640838930454861,0.9035135257035837,0,0.5087852913951552,0.1738468139138683,0.7139669679943149,low,2022,12,3,0,4,30.35164835164835,91,75,18.436300922288936,1,0.0,0.00796812749003984,0.008888888888888889,0.35833865156109346,0.1144323881652701,0.3727998164345343,0.24085771050134694,0.7846704215598628,0.25057779804263086,False,False,False,True,False,False,True,False,False,False,False,False,False
track_000080,Song 81,Artist A,35,289182,0,0.6971097459139204,0.4813713520244542,0,-13.507579211993878,1,0.0049825793640328,0.3785976561027944,0.0492111947211001,0.0417465722005962,0.4099640220702095,111.48271111271538,4,0,4.8197,long,0,0.19734493558531993,neutral,0.3355686609000076,-0.044228615357067305,-0.1027736959216598,0,0,moderate,1,0.4459308444508615,0.774873679800102,0,0.5462445105939673,0.43001686345484436,0.5628844786413205,medium,2024,9,6,1,2,30.35164835164835,91,75,18.436300922288936,1,0.0,0.00796812749003984,0.008888888888888889,0.3355686609000076,0.2857899152592126,0.5401719940408336,0.19734493558531993,0.3730019908935391,0.31767033036719344,False,True,False,False,False,False,True,True,False,False,True,False,False
track_000081,Song 82,Artist C,27,133234,0,0.6498946736690138,0.9205433316701436,4,-7.242495100344835,0,0.1704482042926995,0.658700616580565,0.2511453723004945,0.1633929313925014,0.411911663653685,134.303229740157,4,0,2.2205666666666666,short,0,0.37918253521355477,neutral,0.5982562081339546,-0.080697168007795,-0.26184271508957857,0,0,fast,0,0.5372129189606281,0.8792917483275862,0,0.659694368064754,0.41089074622728844,0.8375848601108246,low,2023,10,6,1,3,26.333333333333332,87,80,15.76916823001983,1,0.04081632653061224,0.012048192771084338,0.008888888888888889,0.5982562081339546,0.2676991962306722,0.5714470238392132,0.37918253521355477,0.8094261555155415,0.3621905268905733,False,True,False,False,True,False,False,False,True,False,False,False,False
track_000082,Song 83,Artist B,49,211922,1,0.5388378640483397,0.6017876509899387,10,-8.060419206955672,0,0.2562030809893478,0.1810130872197161,0.0098599152770855,0.2197014352408952,0.5537811040736523,109.59748707774652,4,0,3.532033333333333,medium,1,0.333258629783098,neutral,0.32426597247008626,0.2463431657122623,-0.4207745637702226,0,0,moderate,0,0.4383899483109861,0.8656596798840721,0,0.5622057721384132,0.35800327081300054,0.6384219920884036,medium,2023,10,4,0,3,29.91919191919192,99,68,15.991500783213745,0,0.0,0.012048192771084338,0.008888888888888889,0.32426597247008626,0.2983982272693781,0.4664502129015029,0.333258629783098,0.520943305314138,0.4793859732782459,False,True,False,False,False,True,False,True,False,False,True,False,False
track_000083,Song 84,Artist D,40,140618,0,0.6848039482914242,0.5519781483463717,5,-9.65350033509731,1,0.2618940925747982,0.1976782119325435,0.1481829114306673,0.2518108867369285,0.5977915098696105,61.82413948599172,3,0,2.3436333333333335,short,0,0.3299678507150094,neutral,0.3779968153581848,0.11371118114413087,-0.3542999364138282,0,0,slow,0,0.24729655794396688,0.8391083277483783,0,0.6188524767813643,0.392815293229989,0.5365469489518491,medium,2015,12,0,0,11,29.21551724137931,116,73,15.869470846487799,1,0.0,0.00796812749003984,0.030303030303030304,0.3779968153581848,0.40936998621380116,0.5746246958863039,0.3299678507150094,0.4631694610125702,0.501611834188867,False,True,False,False,True,False,False,False,False,False,True,False,False
track_000084,Song 85,Artist C,27,253291,1,0.6749178315970226,0.7956796828512951,9,-9.27719872238436,1,0.0444511201969818,0.3078689972837466,0.1170387308425275,0.0237511228268066,0.652127983715096,185.24999166086883,3,0,4.221516666666667,long,0,0.5188849872608821,happy_energetic,0.5370184061958027,-0.0725876106455457,-0.4878106855675485,0,0,very_fast,0,0.7409999666434753,0.8453800212935939,0,0.7043094326087264,0.38008208917263886,0.8447908331756696,low,2023,1,3,0,3,26.333333333333332,87,80,15.76916823001983,1,0.0,0.00796812749003984,0.030303030303030304,0.5370184061958027,0.44013280469273103,0.5705620508469171,0.5188849872608821,0.6726517072317079,0.5512959687592163,True,False,False,False,False,False,True,False,False,True,False,False,False
track_000085,Song 86,Artist D,53,199767,0,0.6525746498164512,0.8731602857126186,2,-3.5888568659694187,0,0.0331593229170656,0.0258466609069972,0.1708866769808807,0.2295311193723276,0.3431719545654008,105.68738033047822,4,0,3.32945,medium,1,0.2996441218968831,sad_energetic,0.5698022676825446,-0.1377273540638151,-0.8473136248056214,0,0,moderate,0,0.4227495213219129,0.9401857189005097,1,0.6259295320099862,0.1513421650186335,0.7831483571321286,high,2021,6,5,1,5,29.21551724137931,116,73,15.869470846487799,1,0.027777777777777776,0.012048192771084338,0.008888888888888889,0.5698022676825446,0.22394531807734352,0.6135413662739285,0.2996441218968831,0.8209328309380928,0.3226453708095644,False,False,False,True,False,True,False,True,False,False,False,True,False
track_000086,Song 87,Artist E,38,244450,0,0.7531520196320048,0.6189132353797294,1,-12.543838691312592,0,0.0276873331492935,0.19427358154937,0.0402198715038912,0.361105214157461,0.6918140935189038,190.341395923942,4,0,4.074166666666667,long,0,0.42817289890107946,happy_energetic,0.4661357532032216,-0.012532538354597698,-0.4246396538303594,0,1,very_fast,0,0.761365583695768,0.7909360218114567,0,0.6944790065223919,0.3995796900615003,0.7531559159380691,medium,2023,7,6,1,3,27.588785046728972,107,73,15.343213896081435,1,0.0,0.012048192771084338,0.008888888888888889,0.4661357532032216,0.521041181743647,0.5956950622270021,0.42817289890107946,0.4895207722377009,0.5471806869609408,True,False,False,False,False,False,True,False,False,True,True,False,False
track_000087,Song 88,Artist E,35,206740,1,0.3892567344952338,0.8968040242556705,4,-11.352689852939672,0,0.1667566048250101,0.2602232294882983,0.048605775234238,0.4312631409952178,0.3162289064284837,80.94420293377335,4,0,3.445666666666667,medium,1,0.28359535587103407,sad_energetic,0.34908700596394676,0.11815082959077208,-0.6365807947673723,0,0,slow,0,0.32377681173509343,0.8107885024510054,0,0.5196125730033399,0.22991675644716328,0.7319760170186964,medium,2022,8,2,0,4,27.588785046728972,107,73,15.343213896081435,1,0.04081632653061224,0.012048192771084338,0.008888888888888889,0.34908700596394676,0.12309423146935042,0.31560488483035926,0.28359535587103407,0.7271183918182902,0.25639476147486945,False,False,False,True,False,True,False,False,False,False,True,False,False
track_000088,Song 89,Artist B,17,280359,0,0.6361228159504061,0.5799391090959889,10,-5.891936609736828,1,0.1915722553720164,0.3846298607000593,0.1763465269337309,0.1591551090571585,0.7003689946109005,167.0606798066791,4,0,4.67265,long,0,0.4061713707730991,happy_calm,0.36891249915791025,0.015225728438285485,-0.1953092483959296,0,0,very_fast,0,0.6682427192267164,0.9018010565043861,0,0.6385415574922292,0.48998090993449717,0.7209207855588903,low,2015,10,3,0,11,29.91919191919192,99,68,15.991500783213745,0,0.0,0.00796812749003984,0.008888888888888889,0.36891249915791025,0.4455206970562408,0.5736562274906214,0.4061713707730991,0.5229897012909752,0.6315934992830248,False,False,False,False,False,False,True,False,False,True,False,False,False
track_000089,Song 90,Artist A,15,296630,0,0.9840558183424076,0.8056347859570228,0,-3.3569146832873145,0,0.0105968927539816,0.5384396015350599,0.0644798945322343,0.2487397157441068,0.2279877368590608,69.92482062477995,4,0,4.943833333333333,long,0,0.18367485158527547,sad_energetic,0.7927895985800485,-0.0538830017782527,-0.2671951844219629,0,1,slow,0,0.2796992824991198,0.9440514219452114,1,0.703709084181788,0.34208172588463537,0.6965149083047235,low,2022,9,4,0,4,30.35164835164835,91,75,18.436300922288936,1,0.0,0.012048192771084338,0.008888888888888889,0.7927895985800485,0.22435265896687656,0.9289992945796086,0.18367485158527547,0.7605606652512533,0.21523214716786704,False,False,False,True,False,False,True,False,False,False,False,False,False
track_000090,Song 91,Artist C,1,200910,0,0.7239690594022433,0.6807275859617551,4,-6.207611392916636,1,0.1220010936530138,0.1207908519842893,0.0490893956172172,0.2106540048759209,0.4132197079452505,191.77814275385924,4,0,3.3485,medium,1,0.2812900542613918,neutral,0.49282571011789156,0.0729116980357966,-0.5599367339774658,0,1,very_fast,0,0.767112571015437,0.8965398101180562,0,0.617771811932999,0.2680639773887643,0.8073389691352776,low,2022,2,5,1,4,26.333333333333332,87,80,15.76916823001983,1,0.04081632653061224,0.00796812749003984,0.008888888888888889,0.49282571011789156,0.2991582832875927,0.649067083047835,0.2812900542613918,0.6102993806602747,0.3704679184982735,False,True,False,False,False,True,False,False,False,True,False,False,False
track_000091,Song 92,Artist C,16,122336,1,0.7740748494719191,0.7639182920448534,3,-9.927256357272814,0,0.0739160791667752,0.1214665088661007,0.0093400139375972,0.2067603982057347,0.6196841894021183,112.25637402478624,4,0,2.0389333333333335,short,0,0.4733880875752657,happy_energetic,0.5913299369234654,0.064576065229178,-0.6424517831787527,0,1,moderate,1,0.44902549609914494,0.8345457273787865,0,0.7247106842228591,0.3053163727536198,0.7172528525353633,low,2025,11,0,0,1,26.333333333333332,87,80,15.76916823001983,1,0.0,0.012048192771084338,0.008888888888888889,0.5913299369234654,0.47968194563157296,0.6460008582981673,0.4733880875752657,0.6375247466925325,0.5171547925897245,True,False,False,False,True,False,False,True,False,False,False,False,False
track_000092,Song 93,Artist B,51,280558,0,0.9076672790913588,0.940679221187068,4,-12.568408390375884,1,0.1189707063251544,0.2362430454390369,0.0221962659712252,0.3039862595115963,0.669309769577783,71.80218404558906,4,0,4.675966666666667,long,0,0.6296057927793248,happy_energetic,0.8538237491926445,0.0967744403539292,-0.7044361757480311,0,1,slow,0,0.2872087361823562,0.7905265268270686,0,0.8460636088659987,0.31308638269282923,0.7361481920273314,high,2017,10,0,0,9,29.91919191919192,99,68,15.991500783213745,0,0.04081632653061224,0.00796812749003984,0.008888888888888889,0.8538237491926445,0.6075105774219306,0.7175350616546674,0.6296057927793248,0.7436318775834048,0.5291071275157504,True,False,False,False,False,False,True,False,False,False,False,True,False
track_000093,Song 94,Artist E,4,267550,0,0.716317458846304,0.8073364139639927,6,-12.60875596239839,0,0.0083337102046276,0.1096381701334694,0.142734591618744,0.0316354130580091,0.5573733587645997,171.96062695508056,4,0,4.4591666666666665,long,0,0.4499878087040779,neutral,0.578309168484775,-0.13440088141411638,-0.6976982438305233,0,1,very_fast,0,0.6878425078203222,0.7898540672933602,0,0.6959399153570993,0.26886635149356986,0.8195799608732892,low,2015,2,4,0,11,27.588785046728972,107,73,15.343213896081435,1,0.0,0.012048192771084338,0.008888888888888889,0.578309168484775,0.3992562679788874,0.5657862583429973,0.4499878087040779,0.6376779502434956,0.4402436144211803,False,True,False,False,False,False,True,False,False,True,False,False,False
track_000094,Song 95,Artist B,25,196325,1,0.7219597190924131,0.2860791628011105,11,-9.96732465999634,0,0.0390452762553854,0.1651364097358811,0.0150382041051238,0.3838731362506012,0.3828176709693904,155.91880338242777,4,0,3.2720833333333332,medium,1,0.10951615881639419,sad_calm,0.20653763201408246,0.0240070721502616,-0.12094275306522942,0,1,very_fast,0,0.6236752135297111,0.8338779223333944,0,0.4894529377681155,0.39507611634483636,0.5436933709408758,low,2022,5,4,0,4,29.91919191919192,99,68,15.991500783213745,0,0.02631578947368421,0.012048192771084338,0.008888888888888889,0.20653763201408246,0.2763789381966729,0.6020262705651824,0.10951615881639419,0.23855509789946694,0.3192232041004643,False,False,True,False,False,True,False,False,False,True,False,False,False
track_000095,Song 96,Artist C,43,211751,0,0.8974607275019412,0.8707872403630624,8,-5.062598051923887,1,0.3151021574534343,0.2021331474382184,0.2069839485979128,0.0831222350772615,0.4164929004520882,145.47654570215946,4,0,3.529183333333333,medium,1,0.3626767034154816,neutral,0.7814973502356417,0.10811820885552148,-0.668654092924844,0,1,fast,0,0.5819061828086378,0.9156233658012686,0,0.7451683332453217,0.2445649570019951,0.8367331118950241,medium,2017,5,2,0,9,26.333333333333332,87,80,15.76916823001983,1,0.02,0.00796812749003984,0.008888888888888889,0.7814973502356417,0.37378602143912465,0.8217360119897825,0.3626767034154816,0.7973131439180255,0.3813506313442737,False,True,False,False,False,True,False,False,True,False,True,False,False
track_000096,Song 97,Artist D,11,295399,0,0.7101364575314073,0.4742475554967675,5,-8.503564678112776,1,0.0016535117559836,0.1905967062695553,0.0138145199422932,0.3398119131216823,0.3290259601225931,120.0522066802202,4,0,4.923316666666667,long,0,0.1560397572831167,neutral,0.33678047905340397,-0.0121610081863096,-0.2836508492272122,0,1,fast,1,0.4802088267208808,0.8582739220314538,0,0.5250366376983711,0.3326722038955698,0.5888568721750048,low,2017,6,6,1,9,29.21551724137931,116,73,15.869470846487799,1,0.0,0.00796812749003984,0.008888888888888889,0.33678047905340397,0.23365332975732836,0.6094916025830038,0.1560397572831167,0.4070343094700402,0.2823944012445827,False,True,False,False,False,False,True,False,True,False,False,False,False
track_000097,Song 98,Artist A,56,177545,0,0.9327163472077552,0.735687319136049,0,-9.051554997217307,0,0.0340089761658173,0.0989902920679152,0.0725418139653537,0.2116693723084705,0.544678682466064,161.2821127296877,4,0,2.9590833333333335,short,1,0.4007131996940139,neutral,0.6861875889916417,-0.038532837799536396,-0.6366970270681338,0,1,very_fast,0,0.6451284509187508,0.8491407500463782,0,0.757196339363736,0.28229352582617057,0.7795949786718317,high,2015,3,0,0,11,30.35164835164835,91,75,18.436300922288936,1,0.0,0.012048192771084338,0.008888888888888889,0.6861875889916417,0.50803071111168,0.7920074586485114,0.4007131996940139,0.6247020819707939,0.4625088649635067,False,True,False,False,True,False,False,False,False,True,False,True,False
track_000098,Song 99,Artist A,32,128070,0,0.755258830724639,0.7979139422559612,1,-10.145176123151792,0,0.0441481870184798,0.5054198522575885,0.0087203624694842,0.2804689417129872,0.4672140739596199,138.2682998925243,4,0,2.1345,short,0,0.3727966236305886,neutral,0.6026315510471244,0.035427824548995596,-0.2924940899983728,0,1,fast,0,0.5530731995700973,0.8309137312808035,0,0.6816419371545299,0.402957980414133,0.7725421672229278,medium,2025,8,5,1,1,30.35164835164835,91,75,18.436300922288936,1,0.0,0.012048192771084338,0.008888888888888889,0.6026315510471244,0.3528675551968375,0.6275549331201865,0.3727966236305886,0.6629976510008764,0.38821458950069304,False,True,False,False,True,False,False,False,True,False,True,False,False
track_000099,Song 100,Artist A,19,187526,1,0.9410263749332258,0.2957915212221714,10,-3.8485391728552862,1,0.0302837333073936,0.2338173714342772,0.0557599175536973,0.3151204268803915,0.5938835058037862,184.657332410706,4,0,3.1254333333333335,medium,1,0.1756657056104582,neutral,0.2783476229516843,-0.025476184246303702,-0.0619741497878942,0,1,very_fast,0,0.738629329642824,0.9358576804524119,1,0.6433130580810776,0.48295454394819537,0.6120532953176271,low,2019,1,3,0,7,30.35164835164835,91,75,18.436300922288936,1,0.0,0.00796812749003984,0.008888888888888889,0.2783476229516843,0.5588600425991723,0.8806667604895504,0.1756657056104582,0.2768187669484717,0.5557904402004779,False,True,False,False,False,True,False,False,False,True,False,False,False
track_000100,Song 101,Artist A,67,223892,0,0.7052470507604233,0.6113920028934036,9,-10.020345415199062,0,0.0249251727455355,0.163350695571393,0.3134645990462774,0.1309075870541055,0.3537981350223841,191.4695871230408,4,0,3.731533333333333,medium,1,0.21630935039128624,sad_energetic,0.43118240689908105,-0.28853942630074186,-0.44804130732201053,0,1,very_fast,0,0.7658783484921632,0.8329942430800157,0,0.5716558616789056,0.28806211786725133,0.7594992307472662,high,2024,6,5,1,2,30.35164835164835,91,75,18.436300922288936,1,0.0,0.012048192771084338,0.008888888888888889,0.43118240689908105,0.2495150912890744,0.5874667332325921,0.21630935039128624,0.5092860186753655,0.29471180968609206,False,False,False,True,False,True,False,False,False,True,False,True,False
track_000101,Song 102,Artist A,9,212374,0,0.7655883004035802,0.9034248316032776,3,-9.461724868936718,0,0.0192089242623182,0.0777552542461761,0.0299400231700346,0.0350764598919709,0.426924954580681,140.73833584008588,4,0,3.5395666666666665,medium,1,0.38569460519928866,neutral,0.6916514813695439,-0.0107310989077164,-0.8256695773571014,0,1,fast,0,0.5629533433603435,0.8423045855177214,0,0.7053402560166195,0.18815213859169147,0.8312808366653119,low,2021,4,1,0,5,30.35164835164835,91,75,18.436300922288936,1,0.0,0.012048192771084338,0.008888888888888889,0.6916514813695439,0.32684875037729927,0.6448585360486544,0.38569460519928866,0.760958878330016,0.35960084691525257,False,True,False,False,False,True,False,False,True,False,False,False,False
track_000102,Song 103,Artist E,19,284608,0,0.6540898815342011,0.9015016938986437,10,-4.80985193397955,1,0.0948693800616041,0.0795936017456129,0.0902279451836996,0.2952058567016773,0.6492555209873703,114.4922660368504,4,0,4.7434666666666665,long,0,0.5853049519431607,happy_energetic,0.5896631361650455,0.004641434877904499,-0.8219080921530307,0,0,moderate,1,0.45796906414740157,0.9198358011003408,1,0.7268631170794847,0.2561635888248631,0.8064564062246656,low,2024,1,1,0,2,27.588785046728972,107,73,15.343213896081435,1,0.0,0.00796812749003984,0.008888888888888889,0.5896631361650455,0.42467146680805506,0.6016552901726389,0.5853049519431607,0.8292335328005731,0.5972084722662369,True,False,False,False,False,False,True,True,False,False,False,False,False
track_000103,Song 104,Artist D,11,172487,0,0.8031168422539131,0.6656322929207482,10,-5.006017177571092,0,0.0980034146330516,0.1635654827855699,0.0256272398280179,0.2223147982048202,0.7424526012172256,62.680281519557134,4,0,2.8747833333333332,short,1,0.49420042733319575,happy_energetic,0.534580505192743,0.0723761748050337,-0.5020668101351783,0,1,slow,0,0.25072112607822855,0.9165663803738151,0,0.7436722051429574,0.38847228560317115,0.6101498448144729,low,2023,7,4,0,3,29.21551724137931,116,73,15.869470846487799,1,0.0,0.012048192771084338,0.008888888888888889,0.534580505192743,0.596276188612782,0.7361098971219174,0.49420042733319575,0.6100961813822933,0.680507093296796,True,False,False,False,True,False,False,False,False,False,False,False,False
track_000104,Song 105,Artist B,38,225947,0,0.7458742752944151,0.656066022173485,1,-8.128713205415732,1,0.1007662335240894,0.2515026914320737,0.2118593348727114,0.3683475612964237,0.6807546515449072,88.0774168983373,4,0,3.7657833333333333,medium,1,0.44661999631516414,happy_energetic,0.48934276883393774,-0.11109310134862202,-0.40456333074141126,0,1,slow,0,0.3523096675933492,0.8645214465764044,0,0.6993959122332838,0.40800766538425615,0.6330534257495293,medium,2021,9,2,0,5,29.91919191919192,99,68,15.991500783213745,0,0.0,0.00796812749003984,0.008888888888888889,0.48934276883393774,0.5077573823743597,0.644824307441655,0.44661999631516414,0.5671831465390487,0.5885269961172193,True,False,False,False,False,True,False,False,False,False,True,False,False
track_000105,Song 106,Artist A,61,194055,1,0.5901134083554069,0.639171380606,11,-5.196313112737959,1,0.1790115834999976,0.0508521584452174,0.3443157350955368,0.5977387391265081,0.5090318906550669,62.87291406210553,4,0,3.23425,medium,1,0.32535861632248153,neutral,0.37718360193263767,-0.1653041515955392,-0.5883192221607826,0,0,slow,0,0.2514916562484221,0.9133947814543674,0,0.5805063447204828,0.281299016392807,0.5965740176870318,high,2023,4,1,0,3,30.35164835164835,91,75,18.436300922288936,1,0.02631578947368421,0.00796812749003984,0.008888888888888889,0.37718360193263767,0.30038654395605835,0.5390065076580788,0.32535861632248153,0.5838158035005037,0.4649470725181883,False,True,False,False,False,True,False,False,False,False,False,True,False
track_000106,Song 107,Artist C,19,282893,0,0.8201529723173371,0.6028581866777835,9,-8.933894875321633,1,0.0435559199494569,0.5454230241826411,0.0174794866197857,0.2027368599343942,0.6153049761688995,133.18641981866176,4,0,4.714883333333334,long,0,0.3709416421869995,happy_energetic,0.4944359336896242,0.0260764333296712,-0.057435162495142356,0,1,fast,0,0.532745679274647,0.8511017520779728,0,0.6935101377809396,0.5219032465203912,0.6714290734824789,low,2022,4,0,0,4,26.333333333333332,87,80,15.76916823001983,1,0.0,0.00796812749003984,0.008888888888888889,0.4944359336896242,0.5046442050865712,0.6980336317112427,0.3709416421869995,0.5130936589360111,0.5236871432796456,True,False,False,False,False,False,True,False,True,False,False,False,False
track_000107,Song 108,Artist D,25,167057,1,0.5325028401758297,0.7914266801427818,10,-5.850636495901579,1,0.1361787399503858,0.2405555667021014,0.1383361637701614,0.2191445353829434,0.4344341080753956,111.9637322427344,4,0,2.784283333333333,short,1,0.34382274389490086,neutral,0.42143695496695927,-0.0021574238197756,-0.5508711134406804,0,0,moderate,1,0.4478549289709376,0.9024893917349737,0,0.5807593725357851,0.2891244550606247,0.7441568167824872,low,2016,6,5,1,10,29.21551724137931,116,73,15.869470846487799,1,0.0,0.00796812749003984,0.008888888888888889,0.42143695496695927,0.23133739641940151,0.48057816432743045,0.34382274389490086,0.7142541831648888,0.3920721739458896,False,True,False,False,True,False,False,True,False,False,False,False,False
track_000108,Song 109,Artist E,10,259777,0,0.5893437034819067,0.6499888974769779,9,-5.488862241490384,1,0.0668204060957223,0.2147356263523815,0.3061850115710474,0.2073874995534056,0.6708324877532896,159.13705688608758,4,0,4.3296166666666664,long,0,0.436033669106499,happy_energetic,0.3830668640612035,-0.23936460547532507,-0.43525327112459633,0,0,very_fast,0,0.6365482275443504,0.908518962641827,0,0.631983896961843,0.39214732762384613,0.7454038265959857,low,2015,12,5,1,11,27.588785046728972,107,73,15.343213896081435,1,0.0,0.00796812749003984,0.008888888888888889,0.3830668640612035,0.39535090274850454,0.5354299301268743,0.436033669106499,0.5905272388644888,0.6094640358800548,True,False,False,False,False,False,True,False,False,True,False,False,False
track_000109,Song 110,Artist C,5,134596,0,0.727298304914295,0.914482724145444,4,-14.397083882124214,1,0.0473017244849393,0.3553275308671091,0.2226401279525786,0.0540624195478707,0.2977912286475604,176.9092323637028,4,0,2.2432666666666665,short,0,0.2723249340002398,sad_energetic,0.6651017351443883,-0.1753384034676393,-0.5591551932783348,0,1,very_fast,0,0.7076369294548113,0.7600486019645964,0,0.6546015078036193,0.2571235636974786,0.8746149310111955,low,2021,3,4,0,5,26.333333333333332,87,80,15.76916823001983,1,0.04081632653061224,0.00796812749003984,0.008888888888888889,0.6651017351443883,0.21658305581371595,0.5527820598613308,0.2723249340002398,0.6950513160075203,0.22633580701089778,False,False,False,True,True,False,False,False,False,True,False,False,False
track_000110,Song 111,Artist B,6,187642,0,0.7747904946306543,0.7858385497126531,4,-3.4620921051106546,0,0.0033176352962683,0.4217203045504853,0.1242779955673711,0.1241701019498836,0.1970586108112882,98.93808176812574,4,0,3.1273666666666666,medium,1,0.15485625292833285,sad_energetic,0.6088602386317025,-0.1209603602711028,-0.3641182451621678,0,1,moderate,0,0.39575232707250296,0.9422984649148224,1,0.6047853460094441,0.29205414014978465,0.7297860904914797,low,2021,12,6,1,5,29.91919191919192,99,68,15.991500783213745,0,0.04081632653061224,0.012048192771084338,0.008888888888888889,0.6088602386317025,0.1526791385417076,0.7300838937210615,0.15485625292833285,0.7404944590651233,0.1856880264657243,False,False,False,True,False,True,False,True,False,False,False,False,False
track_000111,Song 112,Artist C,22,143752,1,0.8549393723106795,0.7607166261962767,5,-14.25829847172933,0,0.0437078753893198,0.3782749674934957,0.0174499133693557,0.1021931859879087,0.5300918307796756,101.31012889700332,4,0,2.3958666666666666,short,0,0.40324966908492244,neutral,0.6503665949065426,0.0262579620199641,-0.38244165870278096,0,1,moderate,0,0.4052405155880133,0.7623616921378444,0,0.7292182860170575,0.38212254837241794,0.6847958448712123,low,2022,6,6,1,4,26.333333333333332,87,80,15.76916823001983,1,0.0,0.012048192771084338,0.008888888888888889,0.6503665949065426,0.4531963770737948,0.6517730265500362,0.40324966908492244,0.5799412143843855,0.40412170510164136,False,True,False,False,True,False,False,True,False,False,False,False,False
track_000112,Song 113,Artist B,48,181268,0,0.8585402306665331,0.7773179535998941,0,-13.596917573695302,0,0.057281570163487,0.061939415254149,0.0654042496754233,0.2308668176415132,0.5474779737856452,61.51355170892749,4,0,3.0211333333333332,medium,1,0.4255644582240742,neutral,0.6673587351848905,-0.0081226795119363,-0.715378538345745,0,1,slow,0,0.24605420683570994,0.7733847071050783,0,0.740854870482275,0.25582377215738494,0.6356062457843539,medium,2019,7,3,0,7,29.91919191919192,99,68,15.991500783213745,0,0.0,0.012048192771084338,0.008888888888888889,0.6673587351848905,0.470031865898774,0.6639818848319631,0.4255644582240742,0.601165817872373,0.423411092402693,False,True,False,False,False,True,False,False,False,False,True,False,False
track_000113,Song 114,Artist B,10,160809,1,0.7111146375182963,0.7732673091197252,11,-12.323255261486915,0,0.0405659158538405,0.3592172094732644,0.0051079640113087,0.0773296041533001,0.7379519011814746,174.8974625073491,4,0,2.68015,short,1,0.5706340808863842,happy_energetic,0.5498817022294218,0.035457951842531796,-0.4140500996464608,0,1,very_fast,0,0.6995898500293964,0.7946124123085514,0,0.7378116180976785,0.4330922614078306,0.8079023307825964,low,2017,11,4,0,9,29.91919191919192,99,68,15.991500783213745,0,0.02631578947368421,0.012048192771084338,0.008888888888888889,0.5498817022294218,0.5247683987146019,0.5650605175463346,0.5706340808863842,0.6144478018589672,0.5863857403654933,True,False,False,False,True,False,False,False,False,True,False,False,False
track_000114,Song 115,Artist C,20,262736,0,0.8465362564451812,0.9847859054634098,7,-5.299131133275708,1,0.1757759706648375,0.4633014845181898,0.0896415324238719,0.0989806931872461,0.5839450945576617,93.47995636083324,4,0,4.378933333333333,long,0,0.5750608986848834,neutral,0.833656973810973,0.08613443824096559,-0.5214844209452201,0,1,moderate,0,0.37391982544333296,0.9116811477787382,0,0.809233802584394,0.36506835053555153,0.8149491168287024,low,2022,10,3,0,4,26.333333333333332,87,80,15.76916823001983,1,0.0,0.00796812749003984,0.008888888888888889,0.833656973810973,0.4943306943163703,0.771771145912259,0.5750608986848834,0.8978107446092054,0.5323717340460928,False,True,False,False,False,False,True,True,False,False,False,False,False
track_000115,Song 116,Artist B,45,173276,0,0.6406401863604673,0.4216723307436962,4,-14.158702324304915,0,0.0424712735707857,0.2441959123714645,0.0156409043641581,0.1688701267716651,0.4513234400147869,169.33494091022095,4,0,2.8879333333333332,short,1,0.19031060687029797,neutral,0.27014024055069413,0.0268303692066276,-0.1774764183722317,0,0,very_fast,0,0.6773397636408838,0.7640216279282515,0,0.5181548057717319,0.40657369772991303,0.6176429023228298,medium,2020,10,6,1,6,29.91919191919192,99,68,15.991500783213745,0,0.04081632653061224,0.012048192771084338,0.008888888888888889,0.27014024055069413,0.2891359327199203,0.4894629580993826,0.19031060687029797,0.32216678058709886,0.344820869362276,False,True,False,False,True,False,False,False,False,True,True,False,False
track_000116,Song 117,Artist D,24,274222,0,0.6254558279784893,0.8433720767353363,5,-11.985968789419184,1,0.0350255858638584,0.3698209092400009,0.073384335946081,0.3384336447181696,0.554197095800424,146.70808357916758,4,0,4.570366666666667,long,0,0.4673943556058957,neutral,0.5274919805484378,-0.0383587500822226,-0.47355116749533543,0,0,fast,0,0.5868323343166704,0.8002338535096803,0,0.6694530829521237,0.3611758694155266,0.8017949344383556,low,2025,3,4,0,1,29.21551724137931,116,73,15.869470846487799,1,0.0,0.00796812749003984,0.008888888888888889,0.5274919805484378,0.34662580341712834,0.5005109274233143,0.4673943556058957,0.6748948869083801,0.4434872775762468,False,True,False,False,False,False,True,False,True,False,False,False,False
track_000117,Song 118,Artist A,9,263184,0,0.9764397579789896,0.598998296971542,8,-13.077292788281923,0,0.2234913434013084,0.2812787165241217,0.1877629422303996,0.1594667087352157,0.5493934404748843,162.3620282236884,4,0,4.3864,long,0,0.3290857352117919,neutral,0.5848857521247195,0.03572840117090881,-0.3177195804474204,0,1,very_fast,0,0.6494481128947537,0.7820451201953013,0,0.7350934244255237,0.3976300296606513,0.699451214860364,low,2017,7,4,0,9,30.35164835164835,91,75,18.436300922288936,1,0.02,0.012048192771084338,0.008888888888888889,0.5848857521247195,0.5364495980525404,0.7636199478921498,0.3290857352117919,0.4684436951518904,0.42965045919069095,False,True,False,False,False,False,True,False,False,True,False,False,False
track_000118,Song 119,Artist B,56,174912,0,0.8827706279833617,0.6731813625273254,10,-6.486733624392302,0,0.1377472312681544,0.082838981063679,0.0256842765766269,0.0728225484008464,0.3191797071882502,166.27217055778937,4,0,2.9152,short,1,0.214865830176059,sad_energetic,0.5942647341449421,0.11206295469152751,-0.5903423814636464,0,1,very_fast,0,0.6650886822311575,0.891887772926795,0,0.6508165721080175,0.22693509582374902,0.7643764916857057,high,2015,3,4,0,11,29.91919191919192,99,68,15.991500783213745,0,0.0,0.012048192771084338,0.008888888888888889,0.5942647341449421,0.28176247055411713,0.7873323293972687,0.214865830176059,0.6004022262003217,0.284672478207555,False,False,False,True,True,False,False,False,False,True,False,True,False
track_000119,Song 120,Artist B,14,272592,0,0.5050811421702984,0.8017586067935307,8,-11.78190758706104,1,0.0620339017680665,0.3637266472122341,0.2315639193968701,0.0581243448669531,0.3866531166201254,66.34125010583084,4,0,4.5432,long,0,0.31000246409372834,sad_energetic,0.4049531528641437,-0.1695300176288036,-0.43803195958129665,0,0,slow,0,0.26536500042332334,0.8036348735489827,0,0.5585559738922162,0.320959011832872,0.6611181532653082,low,2017,2,6,1,9,29.91919191919192,99,68,15.991500783213745,0,0.02,0.00796812749003984,0.008888888888888889,0.4049531528641437,0.19529119776619855,0.40590081982000353,0.31000246409372834,0.6443211765873276,0.31072792848233455,False,False,False,True,False,False,True,False,False,False,False,False,False
track_000120,Song 121,Artist D,15,252822,0,0.567319550864333,0.1639994938154519,2,-3.177905338911902,1,0.1250610860856537,0.0710737915752372,0.0238195314047999,0.2998353231925313,0.3271126070689155,154.70772493288462,4,0,4.2137,long,0,0.05364630197995495,sad_calm,0.09304011917336014,0.1012415546808538,-0.0929257022402147,0,0,very_fast,0,0.6188308997315385,0.947034911018135,1,0.37426145061104343,0.3773634506061339,0.5034683165106799,low,2019,12,3,0,7,29.21551724137931,116,73,15.869470846487799,1,0.027777777777777776,0.00796812749003984,0.008888888888888889,0.09304011917336014,0.1855773773243982,0.537271420371652,0.05364630197995495,0.15531324603253566,0.30978705872842055,False,False,True,False,False,False,True,False,False,True,False,False,False
track_000121,Song 122,Artist A,23,279007,0,0.6703668768946679,0.9160565989419168,7,-11.114165101170824,1,0.1113678504118635,0.3910207481211986,0.0360332734930437,0.2418827115076974,0.5846555100157163,67.05834830430929,4,0,4.6501166666666665,long,0,0.5355775380576488,neutral,0.6140940012914441,0.07533457691881981,-0.5250358508207182,0,0,slow,0,0.26823339321723716,0.8147639149804863,0,0.7183603834451571,0.35698797257061926,0.7215686049235196,low,2017,10,3,0,9,30.35164835164835,91,75,18.436300922288936,1,0.0,0.00796812749003984,0.008888888888888889,0.6140940012914441,0.39193368830849495,0.5461907410919413,0.5355775380576488,0.7463698608976254,0.4763562122553179,False,True,False,False,False,False,True,False,False,False,False,False,False
track_000122,Song 123,Artist B,55,161786,0,0.5924934195309254,0.9785364133442952,11,-13.191750155989997,1,0.093419463030067,0.514356364383876,0.1032826816178876,0.2540536574483991,0.4410360856258411,105.2942577479688,4,0,2.6964333333333332,short,1,0.43156986938371805,neutral,0.5797763856778885,-0.009863218587820605,-0.4641800489604192,0,0,moderate,0,0.4211770309918752,0.7801374974001668,0,0.662869117503411,0.3444924474380142,0.8032370927741341,high,2015,4,4,0,11,29.91919191919192,99,68,15.991500783213745,0,0.02631578947368421,0.00796812749003984,0.008888888888888889,0.5797763856778885,0.2613109785089886,0.46222633353892323,0.43156986938371805,0.7633929486213537,0.3440687881033094,False,True,False,False,True,False,False,True,False,False,False,True,False
track_000123,Song 124,Artist C,60,254055,0,0.8608565241651687,0.6626665920453438,3,-7.261165136491728,1,0.1237792461408488,0.1323304501387469,0.1762428237427402,0.4439363661895297,0.6312022217115593,73.53027680028532,4,0,4.23425,long,0,0.41827662515304853,happy_energetic,0.5704608591085325,-0.052463577601891395,-0.530336141906597,0,1,slow,0,0.29412110720114126,0.8789805810584712,0,0.7325032537931384,0.34349286895536335,0.6174248274347941,high,2019,12,1,0,7,26.333333333333332,87,80,15.76916823001983,1,0.0,0.00796812749003984,0.008888888888888889,0.5704608591085325,0.543374550627945,0.7566761678186759,0.41827662515304853,0.5824710661240532,0.5548144956054243,True,False,False,False,False,False,True,False,False,False,False,True,False
track_000124,Song 125,Artist A,23,199273,0,0.4984406342762768,0.788872922043781,0,-9.13157069630856,1,0.1491907430371714,0.1124009113259594,0.1137955793640382,0.4009596869089846,0.793810245557529,77.5769705857868,5,0,3.3212166666666665,medium,1,0.6262154079612592,happy_energetic,0.3932063196268821,0.035395163673133195,-0.6764720107178216,0,0,slow,0,0.3103078823431472,0.847807155061524,0,0.6741812039909036,0.3464415615845081,0.6803633479128754,low,2024,8,2,0,2,30.35164835164835,91,75,18.436300922288936,1,0.0,0.00796812749003984,0.0,0.3932063196268821,0.39566728229070175,0.4225815361128318,0.6262154079612592,0.6688121077430094,0.6729980059448185,True,False,False,False,False,True,False,False,False,False,False,False,False
track_000125,Song 126,Artist C,31,159974,1,0.8678592843852744,0.8717531581685872,9,-11.452019528740571,0,0.0026705661815319,0.196413438080705,0.0852482055963283,0.4820353987385511,0.3752364064763945,62.930776495742656,4,0,2.6662333333333335,short,1,0.32711352240562863,sad_energetic,0.756559072008793,-0.0825776394147964,-0.6753397200878822,0,1,slow,0,0.2517231059829706,0.8091330078543238,0,0.7212405831476043,0.22961034972462419,0.6920993453987724,medium,2021,9,6,1,5,26.333333333333332,87,80,15.76916823001983,1,0.0,0.012048192771084338,0.008888888888888889,0.756559072008793,0.3256523991999057,0.702213593168958,0.32711352240562863,0.7053642549754551,0.30361616222869275,False,False,False,True,True,False,False,False,False,False,True,False,False
track_000126,Song 127,Artist E,11,261688,0,0.4218865052166295,0.465746163210889,6,-5.519821901281416,1,0.0945668036851019,0.4662560523113556,0.4111519477094618,0.1294961749057178,0.4333288600890048,150.75268563309845,4,0,4.361466666666667,long,0,0.20182125399500211,neutral,0.19649202111509592,-0.3165851440243599,0.0005098891004665651,0,0,very_fast,0,0.6030107425323938,0.9080029683119764,0,0.43847710907661996,0.476777229987977,0.6406027037174875,low,2021,7,2,0,5,27.588785046728972,107,73,15.343213896081435,1,0.0,0.00796812749003984,0.008888888888888889,0.19649202111509592,0.18281559839245604,0.3830741990274657,0.20182125399500211,0.4228988986754014,0.39346389121606146,False,True,False,False,False,False,True,False,False,True,False,False,False
track_000127,Song 128,Artist D,20,152413,0,0.7520659318201988,0.6193597747872378,0,-13.049544150375509,1,0.026905635533255,0.2737801967396296,0.0429737797770967,0.0941359640823568,0.3917991565694728,120.58800780785464,4,0,2.540216666666667,short,1,0.2426646373746984,sad_energetic,0.4657993861573124,-0.016068144243841703,-0.3455795780476082,0,1,fast,1,0.48235203123141857,0.7825075974937415,0,0.6041740521350927,0.3412438932305223,0.6470634186041492,low,2025,1,2,0,1,29.21551724137931,116,73,15.869470846487799,1,0.0,0.00796812749003984,0.008888888888888889,0.4657993861573124,0.2946587977717885,0.5884973054655158,0.2426646373746984,0.4846537293530263,0.30658581670725243,False,False,False,True,True,False,False,False,True,False,False,False,False
track_000128,Song 129,Artist A,24,163001,0,0.5692989174741921,0.9056687690441696,4,-12.65763402513741,0,0.0125821349174971,0.1220071807703295,0.087704457234784,0.1610839363522343,0.6453243810493307,66.77077954682932,4,0,2.716683333333333,short,1,0.5844501378191379,happy_energetic,0.5155962498070299,-0.0751223223172869,-0.7836615882738401,0,0,slow,0,0.2670831181873173,0.7890394329143765,0,0.6930175120177269,0.2706995559096801,0.7107984404252041,low,2023,3,3,0,3,30.35164835164835,91,75,18.436300922288936,1,0.04081632653061224,0.012048192771084338,0.008888888888888889,0.5155962498070299,0.367382471551087,0.449199295002605,0.5844501378191379,0.714608371934873,0.5091863836689848,True,False,False,False,True,False,False,False,False,False,False,False,False
track_000129,Song 130,Artist D,6,200435,1,0.931703831320607,0.7613164704344925,8,-14.825194142984651,0,0.2044546265733094,0.0735397966218974,0.0219597175335612,0.0923571441088416,0.4022941287618382,114.1389879861569,4,0,3.3405833333333335,medium,1,0.3062731461854819,neutral,0.7093214723512983,0.1824949090397482,-0.6877766738125951,0,1,moderate,1,0.4565559519446276,0.7529134309502559,0,0.721764712287142,0.22170921614696265,0.7024494033865328,low,2024,12,3,0,2,29.21551724137931,116,73,15.869470846487799,1,0.02,0.012048192771084338,0.008888888888888889,0.7093214723512983,0.37481898108519024,0.7014923282690967,0.3062731461854819,0.5732053957937727,0.3028926527372196,False,True,False,False,False,True,False,True,False,False,False,False,False
track_000130,Song 131,Artist E,15,181665,0,0.3907451989132699,0.8927517207841811,6,-8.754607150016568,0,0.1685544514133251,0.1394218289588366,0.216777529603418,0.1393671347278301,0.636507115825761,198.53074667380517,4,0,3.02775,medium,1,0.5682428229448242,happy_energetic,0.34883844871797887,-0.048223078190092916,-0.7533298918253445,0,0,very_fast,0,0.7941229866952206,0.8540898808330571,0,0.6150757305482906,0.27889535009600863,0.9149899565694097,low,2024,9,1,0,2,27.588785046728972,107,73,15.343213896081435,1,0.0,0.012048192771084338,0.008888888888888889,0.34883844871797887,0.24871209958304874,0.3337315203759239,0.5682428229448242,0.7624902108180679,0.5436342867050171,True,False,False,False,False,True,False,False,False,True,False,False,False
track_000131,Song 132,Artist B,66,166600,0,0.9782224017372504,0.6463752174400718,7,-7.164324937104729,1,0.0434406949389191,0.5165492657450133,0.0270165337432709,0.1440338567590811,0.5209431487547047,198.952046822676,4,0,2.776666666666667,short,1,0.3367247410502379,neutral,0.6322987176276644,0.0164241611956482,-0.1298259516950585,0,1,very_fast,0,0.795808187290704,0.8805945843815878,0,0.741484470553333,0.46899008569239514,0.7977345958303674,high,2017,12,2,0,9,29.91919191919192,99,68,15.991500783213745,0,0.0,0.00796812749003984,0.008888888888888889,0.6322987176276644,0.509598258143393,0.8614173492905726,0.3367247410502379,0.5691945159561984,0.4587397155640848,False,True,False,False,True,False,False,False,False,True,False,True,False
track_000132,Song 133,Artist E,11,180504,0,0.7332320158428736,0.7726175940911645,1,-5.274381393414409,1,0.0411138117337947,0.2908777330001791,0.0657938775590318,0.4777083906796462,0.239248685031768,192.8982348743864,4,0,3.0084,medium,1,0.18484774341871937,sad_energetic,0.5665079559911356,-0.024680065825237095,-0.4817398610909854,0,1,very_fast,0,0.7715929394975456,0.9120936434430932,0,0.5968526900740292,0.2563404204822527,0.8580748780457804,low,2021,1,2,0,5,27.588785046728972,107,73,15.343213896081435,1,0.0,0.00796812749003984,0.008888888888888889,0.5665079559911356,0.17542479561359997,0.6687762608192503,0.18484774341871937,0.7046995963828471,0.2182172048195943,False,False,False,True,False,True,False,False,False,True,False,False,False
track_000133,Song 134,Artist B,30,137602,0,0.8618521078682181,0.7277415280130466,0,-7.129160242819205,0,0.1349007459218306,0.2159243487833672,0.0416978388318248,0.3263467101499196,0.3663611096640103,143.90190018089442,4,0,2.2933666666666666,short,0,0.2666161937514422,sad_energetic,0.6272055699012821,0.09320290709000581,-0.5118171792296794,0,1,fast,0,0.5756076007235776,0.88118066261968,0,0.6729716344504043,0.277955614008636,0.7559597468018009,low,2015,9,4,0,11,29.91919191919192,99,68,15.991500783213745,0,0.0,0.012048192771084338,0.008888888888888889,0.6272055699012821,0.31574909460486666,0.7594474114914843,0.2666161937514422,0.6412717618703948,0.32283032537181383,False,False,False,True,True,False,False,False,True,False,False,False,False
track_000134,Song 135,Artist A,15,225595,0,0.513195917959736,0.7718041344941963,7,-14.628829423277208,1,0.070853817402755,0.0102588308603185,0.1526656943016605,0.2047919421849063,0.4747382940574696,137.7187301454464,4,0,3.759916666666667,medium,1,0.36640497815627654,neutral,0.39608673128686855,-0.0818118768989055,-0.7615453036338777,0,0,fast,0,0.5508749205817856,0.7561861762787132,0,0.5792410957493941,0.21498378021310938,0.7437173977210103,low,2018,8,3,0,8,30.35164835164835,91,75,18.436300922288936,1,0.0,0.00796812749003984,0.008888888888888889,0.39608673128686855,0.24363375460946216,0.38807165888381695,0.36640497815627654,0.5836276172992679,0.3589905353163973,False,True,False,False,False,True,False,False,True,False,False,False,False
track_000135,Song 136,Artist E,24,161755,1,0.9500979147983296,0.9073534441660798,3,-10.675494091641951,0,0.0010541336212138,0.4550904824592667,0.0834029929186039,0.060783564181833,0.5643651912453015,79.33754103963462,4,0,2.6959166666666667,short,1,0.5120787000438726,neutral,0.862074615287275,-0.0823488592973901,-0.45226296170681307,0,1,slow,0,0.31735016415853845,0.8220750984726342,0,0.8215547565427462,0.3791397171074732,0.7370980533370187,low,2018,1,2,0,8,27.588785046728972,107,73,15.343213896081435,1,0.0,0.012048192771084338,0.008888888888888889,0.862074615287275,0.5362021913869215,0.7810518368664812,0.5120787000438726,0.7459126719623138,0.46395057016750824,False,True,False,False,True,False,False,False,False,False,False,False,False
track_000136,Song 137,Artist E,18,281633,0,0.864543213852812,0.4764883013430909,7,-5.354937167858848,0,0.1854822056357158,0.1702667327636461,0.1006484347464209,0.0491052148031392,0.7764160212870009,116.74555049057346,4,0,4.693883333333333,long,0,0.36995315111860416,happy_calm,0.41194472740642296,0.08483377088929489,-0.3062215685794448,0,1,moderate,1,0.46698220196229384,0.9107510472023524,0,0.7216885823301523,0.4580850090886314,0.5955126858478761,low,2019,6,5,1,7,27.588785046728972,107,73,15.343213896081435,1,0.0,0.012048192771084338,0.008888888888888889,0.41194472740642296,0.6712452023302771,0.7873836373681359,0.36995315111860416,0.4339622194278901,0.7071217044518201,False,False,False,False,False,False,True,True,False,False,False,False,False
track_000137,Song 138,Artist C,38,225228,0,0.8617979274692339,0.7347397468735517,5,-7.301177199780067,1,0.0459720438894259,0.1109089957533688,0.0486027874171863,0.1949511934801014,0.4761077932916476,150.4015060691475,4,0,3.7538,medium,1,0.34981531952763045,neutral,0.6331971910848964,-0.0026307435277604027,-0.6238307511201829,0,1,very_fast,0,0.60160602427659,0.8783137133369988,0,0.7079734330372534,0.2667740122267763,0.7686348752078969,medium,2021,5,1,0,5,26.333333333333332,87,80,15.76916823001983,1,0.0,0.00796812749003984,0.008888888888888889,0.6331971910848964,0.4103087095106923,0.7569289378216324,0.34981531952763045,0.6453319954127957,0.41817200387467124,False,True,False,False,False,True,False,False,False,True,True,False,False
track_000138,Song 139,Artist B,27,169708,0,0.8150054084329047,0.9378812181830832,3,-11.526709260381502,1,0.1648813838411596,0.1307523813944965,0.0071737199158278,0.3338410014304484,0.3918760548012496,131.55590938853007,4,0,2.8284666666666665,short,1,0.3675331916537767,sad_energetic,0.7643782652868539,0.1577076639253318,-0.8071288367885867,0,1,fast,0,0.5262236375541203,0.8078881789936416,0,0.7249293452684618,0.1884994035432485,0.827852108973065,low,2021,6,5,1,5,29.91919191919192,99,68,15.991500783213745,0,0.0,0.00796812749003984,0.008888888888888889,0.7643782652868539,0.3193811040983678,0.6584332352888285,0.3675331916537767,0.7577031494702694,0.31659203230459404,False,False,False,True,True,False,False,False,True,False,False,False,False
track_000139,Song 140,Artist B,24,269859,0,0.8440198417921099,0.6947043124041582,7,-13.329037864870685,1,0.0556933113751333,0.2113117351250691,0.0219197542377013,0.2264338886723328,0.7899455393706064,130.77291084128865,4,0,4.49765,long,0,0.548778572765189,happy_energetic,0.5863442238476541,0.033773557137432006,-0.48339257727908913,0,1,fast,0,0.5230916433651546,0.777849368918822,0,0.7830028922492733,0.4130970621399621,0.6990813962477765,low,2025,10,5,1,1,29.91919191919192,99,68,15.991500783213745,0,0.0,0.00796812749003984,0.008888888888888889,0.5863442238476541,0.6667297091639621,0.6565203012929566,0.548778572765189,0.5403753109887586,0.6144586392796646,True,False,False,False,False,False,True,False,True,False,False,False,False
track_000140,Song 141,Artist B,13,283038,0,0.7365176327359005,0.8819467181577312,1,-7.215034633259782,0,0.0156794169929454,0.399144134198886,0.0417882451747118,0.3245004575773607,0.2621959354267802,162.60028622645632,4,0,4.7173,long,0,0.23124284476394522,sad_energetic,0.6495693090567286,-0.0261088281817664,-0.4828025839588452,0,1,very_fast,0,0.6504011449058252,0.8797494227790036,0,0.6378498491697138,0.2737324188602691,0.8608236729743508,low,2018,12,6,1,8,29.91919191919192,99,68,15.991500783213745,0,0.0,0.012048192771084338,0.008888888888888889,0.6495693090567286,0.1931119296735072,0.6479509622659667,0.23124284476394522,0.7758921162211005,0.2306667228467108,False,False,False,True,False,False,True,False,False,True,False,False,False
track_000141,Song 142,Artist C,22,211357,0,0.5064748030978502,0.7369213008182514,9,-13.67275681352207,1,0.2396472296179575,0.2702839324350918,0.1262600615554914,0.1922985748414027,0.5641274929892003,104.90143342439409,4,0,3.5226166666666665,medium,1,0.41571756596094045,neutral,0.3732320707305355,0.1133871680624661,-0.46663736838315956,0,0,moderate,0,0.41960573369757637,0.7721207197746321,0,0.5929045593813757,0.3562754306253214,0.6802369445006432,low,2021,5,6,1,5,26.333333333333332,87,80,15.76916823001983,1,0.0,0.00796812749003984,0.008888888888888889,0.3732320707305355,0.2857163609337891,0.3910596895156272,0.41571756596094045,0.5689922052050465,0.43557452593148005,False,True,False,False,False,True,False,True,False,False,False,False,False
track_000142,Song 143,Artist D,28,243797,0,0.8840508659984743,0.5907609452053025,11,-3.551492819062972,1,0.1249688560469808,0.2580034781412563,0.0303591459056401,0.1954858241419297,0.4003527040292048,193.4764031134933,4,0,4.063283333333334,long,0,0.23651274184779175,neutral,0.5222627252068249,0.0946097101413407,-0.33275746706404624,0,1,very_fast,0,0.7739056124539732,0.9408084530156171,1,0.6509544411697419,0.34607891890367315,0.7737567678760147,low,2025,6,1,0,1,29.21551724137931,116,73,15.869470846487799,1,0.02631578947368421,0.00796812749003984,0.008888888888888889,0.5222627252068249,0.35393215470184936,0.8317225276271412,0.23651274184779175,0.5557928909606444,0.3766552081383354,False,True,False,False,False,False,True,False,False,True,False,False,False
track_000143,Song 144,Artist B,25,272499,0,0.810549868748991,0.652569214281245,11,-14.75090361451243,1,0.0223826508194501,0.3967058968120799,0.2039580534163112,0.3705378330761583,0.5329795734360114,115.06489385392642,4,0,4.54165,long,0,0.34780606146509113,neutral,0.5289398909852954,-0.1815754025968611,-0.25586331746916513,0,1,moderate,1,0.46025957541570567,0.7541516064247928,0,0.6798845838147733,0.42280546647126194,0.6497122692064707,low,2017,5,5,1,9,29.91919191919192,99,68,15.991500783213745,0,0.02631578947368421,0.00796812749003984,0.008888888888888889,0.5289398909852954,0.4320065232944523,0.6112774856044566,0.34780606146509113,0.4921361212535658,0.4019474014983689,False,True,False,False,False,False,True,True,False,False,False,False,False
track_000144,Song 145,Artist A,38,295641,1,0.881716546856663,0.8349575440692856,5,-13.581331055130482,1,0.0165084316266274,0.0622625965393335,0.056549006404469,0.2643482130195762,0.6959439333373579,86.88225186360515,4,0,4.92735,long,0,0.5810836373892789,happy_energetic,0.7361958825286905,-0.0400405747778416,-0.772694947529952,0,1,slow,0,0.3475290074544206,0.7736444824144919,0,0.8119570619646583,0.2832009553961551,0.7025310463129488,medium,2020,11,2,0,6,30.35164835164835,91,75,18.436300922288936,1,0.0,0.00796812749003984,0.008888888888888889,0.7361958825286905,0.613625281708059,0.6821351415292162,0.5810836373892789,0.6459602970195577,0.5384131840962859,True,False,False,False,False,False,True,False,False,False,True,False,False
track_000145,Song 146,Artist A,24,268554,1,0.634905903903412,0.8018780178032593,6,-5.102316624242032,1,0.2158558365069169,0.1541817632666825,0.1856829364613074,0.1075190924444981,0.376267330737595,156.60656437732294,4,0,4.4759,long,0,0.30172050133598605,sad_energetic,0.5091170877136546,0.03017290004560949,-0.6476962545365768,0,0,very_fast,0,0.6264262575092917,0.9149613895959661,0,0.6074059661236211,0.2339894991869737,0.8188411333868073,low,2016,12,3,0,10,30.35164835164835,91,75,18.436300922288936,1,0.0,0.00796812749003984,0.008888888888888889,0.5091170877136546,0.23889434973127682,0.5809143880981487,0.30172050133598605,0.733687425455729,0.34427007979123486,False,False,False,True,False,False,True,False,False,True,False,False,False
track_000146,Song 147,Artist C,37,279674,0,0.8291555505897638,0.7275796501873689,8,-12.053392488666107,1,0.0367357801869582,0.6816552682617121,0.2136233003892136,0.4019822059728851,0.4122071791657571,95.98877690648922,4,0,4.661233333333334,long,0,0.2999135552221437,neutral,0.6032767054490156,-0.1768875202022554,-0.04592438192565684,0,1,moderate,0,0.38395510762595686,0.7991101251888982,0,0.6735982690418433,0.4780503659982013,0.6675950154911979,medium,2024,5,1,0,2,26.333333333333332,87,80,15.76916823001983,1,0.02,0.00796812749003984,0.008888888888888889,0.6032767054490156,0.3417838705982367,0.662586595832856,0.2999135552221437,0.5814162653461231,0.3293989305469108,False,True,False,False,False,False,True,True,False,False,True,False,False
track_000147,Song 148,Artist E,18,253052,1,0.8891252071089877,0.7762710326237823,1,-3.993352898101646,0,0.0718523380199553,0.396148132078496,0.1913185354838815,0.2334394585991006,0.5541711825828641,164.8548411204558,4,0,4.217533333333333,long,0,0.43018703615394255,neutral,0.6902021426543281,-0.1194661974639262,-0.3801229005452863,0,1,very_fast,0,0.6594193644818233,0.9334441183649725,1,0.754782747405589,0.3918292978191229,0.8221066016655694,low,2023,4,4,0,3,27.588785046728972,107,73,15.343213896081435,1,0.0,0.012048192771084338,0.008888888888888889,0.6902021426543281,0.4927275674878217,0.8299486950659226,0.43018703615394255,0.7246056296597733,0.5172878309493358,False,True,False,False,False,False,True,False,False,True,False,False,False
track_000148,Song 149,Artist D,10,235672,0,0.5239319610432486,0.8227020498651618,2,-3.392745715556428,0,0.0378569641650866,0.168573335078322,0.0920845409557607,0.1170503869028802,0.5743622401253712,179.97501806867345,4,0,3.9278666666666666,medium,1,0.47252899231628914,neutral,0.4310398983401547,-0.0542275767906741,-0.6541287147868398,0,0,very_fast,0,0.7199000722746938,0.9434542380740595,1,0.6286920714144593,0.2929273911093916,0.870004399650403,low,2019,3,5,1,7,29.21551724137931,116,73,15.869470846487799,1,0.027777777777777776,0.012048192771084338,0.008888888888888889,0.4310398983401547,0.30092673481807897,0.4943058291087059,0.47252899231628914,0.7761817356175031,0.5418844896359921,False,True,False,False,False,True,False,False,False,True,False,False,False
track_000149,Song 150,Artist C,4,256727,0,0.8653484344614153,0.7940285664214545,3,-13.56742786394164,1,0.2766455242107363,0.5933154334231098,0.0088505237788297,0.0518148764513032,0.431381536741649,132.53080312765854,4,0,4.278783333333333,long,0,0.34252926319965554,neutral,0.6871113768704475,0.26779500043190657,-0.2007131329983447,0,1,fast,0,0.5301232125106342,0.7738762022676393,0,0.7137624047334972,0.42853206446530223,0.7505857283557429,low,2020,3,1,0,6,26.333333333333332,87,80,15.76916823001983,1,0.0,0.00796812749003984,0.008888888888888889,0.6871113768704475,0.3732953374749454,0.6696725600992472,0.34252926319965554,0.6144798114742531,0.3338359053820054,False,True,False,False,False,False,True,False,True,False,False,False,False
track_000150,Song 151,Artist A,30,128712,1,0.6614130964502162,0.780485979526842,6,-11.893148702482325,0,0.1599757853674634,0.1661507147473843,0.067883921231332,0.264958829786767,0.447741819569526,99.14908458904888,4,0,2.1452,short,0,0.34945621262185206,neutral,0.5162236484548286,0.09209186413613141,-0.6143352647794577,0,0,moderate,0,0.3965963383561955,0.8017808549586279,0,0.6330335783089969,0.2666370379117589,0.6993227876387199,low,2018,4,0,0,8,30.35164835164835,91,75,18.436300922288936,1,0.0,0.012048192771084338,0.008888888888888889,0.5162236484548286,0.2961423032917342,0.5303083579526877,0.34945621262185206,0.6257787159482535,0.3589908188951863,False,True,False,False,True,False,False,True,False,False,False,False,False
track_000151,Song 152,Artist E,56,222471,0,0.7225537911500255,0.7989868841757549,3,-3.928258324757135,0,0.034275378223784,0.2732431313703363,0.0045818114330675,0.1849357535219224,0.792358505854189,165.02145212041177,4,0,3.70785,medium,1,0.6330840537425951,happy_energetic,0.577311002240338,0.0296935667907165,-0.5257437528054186,0,1,very_fast,0,0.6600858084816471,0.9345290279207144,1,0.7664251334689934,0.40730873905166476,0.833931425852638,high,2025,9,0,0,1,27.588785046728972,107,73,15.343213896081435,1,0.0,0.012048192771084338,0.008888888888888889,0.577311002240338,0.5725216423549139,0.6752474920638601,0.6330840537425951,0.7466764361901687,0.7404820242406249,True,False,False,False,False,True,False,False,False,True,False,True,False
track_000152,Song 153,Artist C,37,284053,0,0.4313497914140826,0.6911457009199627,8,-14.367072574053392,1,0.0468151440026753,0.3580493461611704,0.0401054940688183,0.155285186381732,0.2882305750822152,99.84405352265534,4,0,4.734216666666667,long,0,0.1992093228417616,sad_energetic,0.2981255539285658,0.006709649933857004,-0.33309635475879235,0,0,moderate,0,0.39937621409062135,0.7605487904324434,0,0.4663527993662865,0.32234520071314393,0.6474486888304531,medium,2024,2,6,1,2,26.333333333333332,87,80,15.76916823001983,1,0.02,0.00796812749003984,0.008888888888888889,0.2981255539285658,0.1243281984408746,0.3280625621132673,0.1992093228417616,0.5256500268472609,0.21921341524442634,False,False,False,True,False,False,True,True,False,False,True,False,False
track_000153,Song 154,Artist D,33,168787,0,0.9264077741634223,0.9094979194801492,4,-13.024808715605104,1,0.0342800931174161,0.2022901750183814,0.0019283315617141,0.1981835598806439,0.3725063328857184,183.1772847118055,4,0,2.8131166666666667,short,1,0.33879373475274077,sad_energetic,0.8425659431918686,0.032351761555702005,-0.7072077444617678,0,1,very_fast,0,0.732709138847222,0.7829198547399149,0,0.7551643853751293,0.21981859402902332,0.8860988577557658,medium,2021,9,3,0,5,29.21551724137931,116,73,15.869470846487799,1,0.04081632653061224,0.00796812749003984,0.008888888888888889,0.8425659431918686,0.3450927627104372,0.7253030399779545,0.33879373475274077,0.7120639790056532,0.291642604032585,False,False,False,True,True,False,False,False,False,True,True,False,False
track_000154,Song 155,Artist D,7,232755,0,0.8885109206319703,0.7369887533811499,3,-5.922586944133059,0,0.0239143128832432,0.0757378950480292,0.0271373038130786,0.2655345171503148,0.8735883140734535,146.96608510717164,4,0,3.87925,medium,1,0.6438247625573349,happy_energetic,0.6548225557620936,-0.003222990929835398,-0.6612508583331207,0,1,fast,0,0.5878643404286865,0.9012902175977824,0,0.8385774884891691,0.3712750262269028,0.7692015478708889,low,2023,1,2,0,3,29.21551724137931,116,73,15.869470846487799,1,0.0,0.012048192771084338,0.008888888888888889,0.6548225557620936,0.776192757190735,0.8008062009943945,0.6438247625573349,0.664240753902015,0.7873566016821427,True,False,False,False,False,True,False,False,True,False,False,False,False
track_000155,Song 156,Artist B,33,182768,0,0.7823748850682198,0.6150253193707961,6,-6.590298983979116,1,0.2901157218368678,0.2847168747083955,0.3389062936525451,0.0263767528152098,0.6985787160125541,128.49181566498868,4,0,3.046133333333333,medium,1,0.4296435979212617,happy_energetic,0.4811803635567718,-0.04879057181567731,-0.33030844466240056,0,1,fast,1,0.5139672626599547,0.8901616836003481,0,0.707031164642293,0.43895276887588563,0.6782827199029506,medium,2021,1,3,0,5,29.91919191919192,99,68,15.991500783213745,0,0.0,0.00796812749003984,0.008888888888888889,0.4811803635567718,0.5465504426514266,0.6964401448989554,0.4296435979212617,0.5474719737479496,0.6218480059731045,True,False,False,False,False,True,False,False,True,False,True,False,False
track_000156,Song 157,Artist C,20,277361,0,0.7495701116442246,0.4931688368227022,10,-14.311297875740715,0,0.1317596210571019,0.5724214084680442,0.0157470841671843,0.2750289706925692,0.3299395317953621,191.44277651991823,4,0,4.622683333333334,long,0,0.1627158951173457,neutral,0.36966462007664525,0.1160125368899176,0.07925257164534205,0,1,very_fast,0,0.7657711060796729,0.7614783687376547,0,0.5467605552431092,0.47999977187901566,0.6860442569387594,low,2015,5,3,0,11,26.333333333333332,87,80,15.76916823001983,1,0.0,0.012048192771084338,0.008888888888888889,0.36966462007664525,0.24731281168369276,0.5707814258693459,0.1627158951173457,0.3755374013759979,0.2512418164535979,False,True,False,False,False,False,True,False,False,True,False,False,False
track_000157,Song 158,Artist C,21,218818,1,0.6466012072860733,0.9118987344564308,3,-4.4670071416485015,0,0.0296871956231655,0.2885604199025688,0.1558713897272419,0.166393812947059,0.493196020061563,95.66481902714064,4,0,3.6469666666666667,medium,1,0.4497448265330877,neutral,0.5896348226221705,-0.1261841941040764,-0.623338314553862,0,0,moderate,0,0.38265927610856254,0.925549880972525,1,0.6801689092698274,0.2898133536425672,0.7845565719634313,low,2015,6,3,0,11,26.333333333333332,87,80,15.76916823001983,1,0.0,0.012048192771084338,0.008888888888888889,0.5896348226221705,0.3189011420004931,0.5984616704403161,0.4497448265330877,0.8440077651351456,0.45647751766410266,False,True,False,False,False,True,False,True,False,False,False,False,False
track_000158,Song 159,Artist C,16,203186,1,0.8728429433323316,0.7590070380636744,9,-13.3867988715654,0,0.0568377762691564,0.0609287955209955,0.0653677647875231,0.1692699233048829,0.3989673123770773,126.1147898523222,4,0,3.386433333333333,medium,1,0.30281899805155016,sad_energetic,0.6624939371134526,-0.008529988518366699,-0.6980782425426789,0,1,fast,1,0.5044591594092889,0.7768866854739099,0,0.6965294824651581,0.21635960050241904,0.7240530409051025,low,2023,6,3,0,3,26.333333333333332,87,80,15.76916823001983,1,0.0,0.012048192771084338,0.008888888888888889,0.6624939371134526,0.3482358032285979,0.6781000611847469,0.30281899805155016,0.5896624620526578,0.3099523929250616,False,False,False,True,False,True,False,False,True,False,False,False,False
track_000159,Song 160,Artist E,36,140049,1,0.6643270213131262,0.9127249544125352,5,-14.233188695419514,1,0.0920186490272005,0.2060849734973342,0.0007042898604938,0.150943442630596,0.4065381777923691,116.79033632261326,4,0,2.33415,short,0,0.37105753979249523,neutral,0.6063478502430384,0.0913143591667067,-0.706639980915201,0,0,moderate,1,0.467161345290453,0.7627801884096748,0,0.6615097481867218,0.23057795641288387,0.7841040193721224,medium,2025,3,4,0,1,27.588785046728972,107,73,15.343213896081435,1,0.0,0.00796812749003984,0.008888888888888889,0.6063478502430384,0.27007429670287064,0.5067354904828644,0.37105753979249523,0.6962085126930054,0.31009926785218916,False,True,False,False,True,False,False,True,False,False,True,False,False
track_000160,Song 161,Artist E,25,136309,1,0.5572642284627408,0.8147350940437952,11,-13.400078203889098,1,0.1637851281151719,0.1164981469394217,0.0581507985435619,0.0941435713921459,0.4048133029642217,139.68890483811987,4,0,2.2718166666666666,short,0,0.3298156044607345,neutral,0.4540227235838341,0.10563432957161001,-0.6982369471043735,0,0,fast,0,0.5587556193524794,0.7766653632685151,0,0.5887702104875013,0.22362272145189663,0.7722339769327804,low,2023,7,4,0,3,27.588785046728972,107,73,15.343213896081435,1,0.02631578947368421,0.00796812749003984,0.008888888888888889,0.4540227235838341,0.22558797294781074,0.43280782443556337,0.3298156044607345,0.632776527783132,0.3144044710026347,False,True,False,False,True,False,False,False,True,False,False,False,False
track_000161,Song 162,Artist D,46,221757,0,0.8647284219760581,0.7187168315372466,2,-3.502342562346046,0,0.0841745218385111,0.1382612829877368,0.0261253709750949,0.1528841052313521,0.518536671034411,166.93991002802994,4,0,3.69595,medium,1,0.37268103324172347,neutral,0.6214948715828357,0.05804915086341619,-0.5804555485495099,0,1,very_fast,0,0.6677596401121197,0.9416276239608993,1,0.7170674195619204,0.295250465044244,0.7980938056028481,medium,2018,9,6,1,8,29.21551724137931,116,73,15.869470846487799,1,0.027777777777777776,0.012048192771084338,0.008888888888888889,0.6214948715828357,0.44839339728030464,0.8142521693567735,0.37268103324172347,0.6767636223811234,0.4882684534827269,False,True,False,False,False,True,False,False,False,True,True,False,False
track_000162,Song 163,Artist A,58,163585,0,0.4381336160962875,0.7774449125042818,1,-7.846288205401237,1,0.0885347048022222,0.3500361501120909,0.2954255482463038,0.2699436584878091,0.5239315908857547,161.13759382489624,3,0,2.7264166666666667,short,1,0.40732794983440473,neutral,0.34062475083116284,-0.2068908434440816,-0.42740876239219094,0,0,very_fast,0,0.6445503752995849,0.8692285299099793,0,0.5656663974555259,0.3639604635592782,0.8042745529714812,high,2023,11,1,0,3,30.35164835164835,91,75,18.436300922288936,1,0.0,0.00796812749003984,0.030303030303030304,0.34062475083116284,0.2295520425018564,0.3808382390235192,0.40732794983440473,0.6757772983820894,0.4554162865190213,False,True,False,False,True,False,False,False,False,True,False,True,False
track_000163,Song 164,Artist B,19,177056,1,0.833769603459552,0.9045811676787712,8,-5.667265079186484,1,0.0934452821347013,0.095602824478594,0.4226782866036639,0.3551222466925178,0.4618779250671426,124.11485002853496,4,0,2.9509333333333334,short,1,0.4178060727822838,neutral,0.7542122814725075,-0.32923300446896264,-0.8089783432001771,0,1,fast,1,0.49645940011413986,0.9055455820135586,0,0.743445569207595,0.20543015700794903,0.8195719752848998,low,2017,12,0,0,9,29.91919191919192,99,68,15.991500783213745,0,0.02,0.00796812749003984,0.008888888888888889,0.7542122814725075,0.38509977442995214,0.755016380829994,0.4178060727822838,0.8191394799641772,0.41825151447414044,False,True,False,False,True,False,False,False,True,False,False,False,False
track_000164,Song 165,Artist B,34,216059,0,0.6152604424923901,0.2652143459351587,10,-9.60878209841236,0,0.0363066455619723,0.0359301954657492,0.0199976227608062,0.2427816434584011,0.3480309601833331,134.01902478376735,3,0,3.600983333333333,medium,1,0.09230280347020796,sad_calm,0.16317589583539555,0.0163090228011661,-0.22928415046940948,0,0,fast,0,0.5360760991350694,0.8398536316931273,0,0.4300777688325036,0.339217062460752,0.5016064364818558,medium,2021,10,3,0,5,29.91919191919192,99,68,15.991500783213745,0,0.0,0.012048192771084338,0.030303030303030304,0.16317589583539555,0.21412968256344894,0.5167287170643543,0.09230280347020796,0.22274123161076043,0.2922950658516185,False,False,True,False,False,True,False,False,True,False,True,False,False
track_000165,Song 166,Artist A,14,187649,0,0.8251101366806838,0.5828456697482894,0,-13.761400213452005,1,0.0233152861070221,0.009063576455491,0.168663222417146,0.3496001717763785,0.3145016070204384,75.75043827372845,4,0,3.127483333333333,medium,1,0.18330589978074074,neutral,0.4809118702297558,-0.1453479363101239,-0.5737820932927984,0,1,slow,0,0.3030017530949138,0.7706433297757999,0,0.5992482377028919,0.22312221176384106,0.5591771582398973,low,2020,8,6,1,6,30.35164835164835,91,75,18.436300922288936,1,0.0,0.00796812749003984,0.008888888888888889,0.4809118702297558,0.2594984639549286,0.6358656231633675,0.18330589978074074,0.44916612768022796,0.24236856565407072,False,True,False,False,False,True,False,False,False,False,False,False,False
track_000166,Song 167,Artist D,8,240585,0,0.5922691207666385,0.7866504116269674,10,-12.323882117595204,0,0.2647710840201682,0.4407533792366993,0.037943793727012,0.0807249788153381,0.5904082501166718,133.544557023101,4,0,4.00975,long,0,0.46444489298223735,neutral,0.4659087476450182,0.22682729029315618,-0.34589703239026803,0,0,fast,0,0.534178228092404,0.7946019647067466,0,0.6500252468297472,0.4174287032415911,0.7525624342894844,low,2022,6,1,0,4,29.21551724137931,116,73,15.869470846487799,1,0.0,0.012048192771084338,0.008888888888888889,0.4659087476450182,0.34968057518997075,0.47061820699630835,0.46444489298223735,0.6250739626161592,0.4691395555217796,False,True,False,False,False,False,True,False,True,False,False,False,False
track_000167,Song 168,Artist E,54,191635,0,0.695247602505738,0.6596183402123654,7,-10.883379209764191,0,0.1061700477289673,0.3858042479010046,0.2348775035508743,0.2128668813715113,0.7267289141428631,187.55687019487405,4,0,3.1939166666666665,medium,1,0.47936372013125,happy_energetic,0.4585980696014613,-0.128707455821907,-0.27381409231136083,0,0,very_fast,0,0.7502274807794962,0.8186103465039302,0,0.6940032173088637,0.4744548713395511,0.7748665446992798,high,2025,12,0,0,1,27.588785046728972,107,73,15.343213896081435,1,0.0,0.012048192771084338,0.008888888888888889,0.4585980696014613,0.5052565352294239,0.5691368807932489,0.47936372013125,0.5399703980415917,0.594907808220914,True,False,False,False,False,True,False,False,False,True,False,True,False
track_000168,Song 169,Artist E,46,203310,0,0.5330429529585828,0.7988329074069334,3,-12.726678801991168,0,0.0046693233023841,0.206817817322017,0.0431270644319349,0.1878957676936798,0.3073209741489753,78.17998187850334,4,0,3.3885,medium,1,0.24549810728655694,sad_energetic,0.4258122518846819,-0.0384577411295508,-0.5920150900849164,0,0,slow,0,0.31271992751401334,0.7878886866334806,0,0.5450633456502058,0.2352735469514194,0.6742641638479178,medium,2023,8,5,1,3,27.588785046728972,107,73,15.343213896081435,1,0.0,0.012048192771084338,0.008888888888888889,0.4258122518846819,0.1638152795664781,0.41997851212577,0.24549810728655694,0.6293914102564535,0.24213471869715797,False,False,False,True,False,True,False,False,False,False,True,False,False
track_000169,Song 170,Artist E,25,252130,0,0.5262065966463161,0.7219183670365816,6,-5.289662356119106,1,0.1572140950221842,0.529186384271065,0.0198839727648746,0.2854212898823116,0.338861566511016,150.4299050232255,4,0,4.202166666666667,long,0,0.24463038874709067,sad_energetic,0.3798782069747857,0.1373301222573096,-0.19273198276551662,0,0,very_fast,0,0.601719620092902,0.9118389607313482,0,0.5287166187228057,0.39675751355075634,0.7689718331993987,low,2019,12,2,0,7,27.588785046728972,107,73,15.343213896081435,1,0.0,0.00796812749003984,0.008888888888888889,0.3798782069747857,0.17831119164800102,0.47981567621595655,0.24463038874709067,0.6582732935315085,0.30898717863920144,False,False,False,True,False,False,True,False,False,True,False,False,False
track_000170,Song 171,Artist E,39,286129,0,0.8825394028181385,0.8472421326144737,6,-5.003588832707161,0,0.2934657928540622,0.3411985011846298,0.0620367691726884,0.2629883134957506,0.3314235526315857,78.24486064412702,4,0,4.768816666666667,long,0,0.2807959975302499,sad_energetic,0.7477245657599437,0.2314290236813738,-0.5060436314298439,0,1,slow,0,0.31297944257650806,0.916606852788214,0,0.7066154667010732,0.28173382647898554,0.7243097278310702,medium,2015,5,4,0,11,27.588785046728972,107,73,15.343213896081435,1,0.0,0.012048192771084338,0.008888888888888889,0.7477245657599437,0.2924943442193455,0.8089416644787237,0.2807959975302499,0.7765879447253273,0.30378509951752675,False,False,False,True,False,False,True,False,False,False,True,False,False
track_000171,Song 172,Artist A,36,188785,0,0.4914542807654617,0.4183623799535677,5,-12.933630246916405,0,0.1388669043257841,0.4432956418443808,0.4208557478314106,0.2665979662650085,0.7244738881050611,166.69814686304545,4,0,3.1464166666666666,medium,1,0.30309262004184806,happy_calm,0.20560598253940743,-0.2819888435056265,0.02493326189081313,0,0,very_fast,0,0.6667925874521818,0.7844394958847265,0,0.5394325927237733,0.5691517091832003,0.6161163094482973,medium,2017,8,5,1,9,30.35164835164835,91,75,18.436300922288936,1,0.0,0.012048192771084338,0.008888888888888889,0.20560598253940743,0.35604579361203037,0.3855161482540496,0.30309262004184806,0.328179974427911,0.5683059315667819,False,False,False,False,False,True,False,False,False,True,True,False,False
track_000172,Song 173,Artist E,13,274268,0,0.4665830570506446,0.7458185024706664,1,-6.347344069225539,0,0.0453552158671849,0.0719821473115453,0.2182324377828494,0.2096414434900019,0.3980044486877999,198.38866782815268,4,0,4.571133333333333,long,0,0.2968390818969981,sad_energetic,0.3479862768876973,-0.17287722191566451,-0.6738363551591211,0,0,very_fast,0,0.7935546713126107,0.8942109321795743,0,0.5297801081677977,0.22444864278975818,0.8493344394134771,low,2024,10,0,0,2,27.588785046728972,107,73,15.343213896081435,1,0.0,0.012048192771084338,0.008888888888888889,0.3479862768876973,0.1857021323885101,0.4172236703844524,0.2968390818969981,0.6669190583310687,0.35589992907273504,False,False,False,True,False,False,True,False,False,True,False,False,False
track_000173,Song 174,Artist B,25,230448,1,0.6979096586365986,0.908502452659759,1,-3.2233999891046388,1,0.1001983465294556,0.4312975598313651,0.0330152586187556,0.0265402275729766,0.5658159277438752,114.64137660978788,4,0,3.8408,medium,1,0.5140451581092677,neutral,0.634052636606285,0.06718308791069999,-0.47720489282839396,0,0,moderate,1,0.45856550643915156,0.9462766668482561,1,0.7214593775757298,0.3697130664577809,0.8154686246142127,low,2022,12,5,1,4,29.91919191919192,99,68,15.991500783213745,0,0.0,0.00796812749003984,0.008888888888888889,0.634052636606285,0.3948884009828783,0.6604156255358448,0.5140451581092677,0.8596946727263424,0.5354184101551279,False,True,False,False,False,True,False,True,False,False,False,False,False
track_000174,Song 175,Artist D,9,278056,1,0.8874913535812443,0.8371197270413352,4,-12.162301053135666,1,0.045387611398551,0.3692639695927388,0.1858620136754863,0.3272351314255887,0.4877020880916441,80.3724220542395,4,0,4.634266666666667,long,0,0.4082650388607663,neutral,0.7429365196614763,-0.1404744022769353,-0.46785575744859637,0,1,slow,0,0.32148968821695795,0.7972949824477389,0,0.7524430859723915,0.3428802961521882,0.6985774930915746,low,2025,4,2,0,1,29.21551724137931,116,73,15.869470846487799,1,0.04081632653061224,0.00796812749003984,0.008888888888888889,0.7429365196614763,0.43283138630485246,0.7075924031760782,0.4082650388607663,0.6674313580780773,0.388842427764753,False,True,False,False,False,False,True,False,False,False,False,False,False
track_000175,Song 176,Artist B,4,278280,1,0.6652273060280183,0.8510568222637555,4,-11.900394850468894,0,0.0035254886129599,0.3055721977718136,0.3157414121806189,0.1781748806674372,0.5766379892725743,128.15594967177316,4,0,4.638,long,0,0.4907516947468786,neutral,0.566146237151284,-0.312215923567659,-0.5454846244919418,0,0,fast,1,0.5126237986870926,0.8016600858255185,0,0.6943993658721062,0.33990322921137106,0.7780943528046411,low,2020,10,6,1,6,29.91919191919192,99,68,15.991500783213745,0,0.04081632653061224,0.012048192771084338,0.008888888888888889,0.566146237151284,0.38359533615720787,0.5332861792438996,0.4907516947468786,0.6822582851783553,0.4622676599705063,False,True,False,False,False,False,True,False,True,False,False,False,False
track_000176,Song 177,Artist D,37,156321,0,0.7025326561887761,0.936071903254818,8,-13.02520729884798,1,0.1900998763102719,0.2220739926461163,0.1225792360221309,0.3538586605637239,0.4951553398676542,116.9657803946879,4,0,2.60535,short,1,0.46350100139670136,neutral,0.6576210805772904,0.06752064028814099,-0.7139979106087018,0,1,moderate,1,0.4678631215787516,0.782913211685867,0,0.7103812354122521,0.25655462804229734,0.8000672645566143,medium,2022,8,0,0,4,29.21551724137931,116,73,15.869470846487799,1,0.02,0.00796812749003984,0.008888888888888889,0.6576210805772904,0.3478627961432793,0.5500220981709577,0.46350100139670136,0.7328630601461318,0.3876636574191922,False,True,False,False,True,False,False,True,False,False,True,False,False
track_000177,Song 178,Artist C,15,171924,0,0.5652977407476657,0.8360269655847811,2,-10.937917446894325,0,0.3666731970151935,0.3132837897087407,0.003318701942917,0.0930584706319096,0.4814890509886076,107.80571692518194,4,0,2.8654,short,1,0.40253783026030154,neutral,0.4726041548492032,0.3633544950722765,-0.5227431758760404,0,0,moderate,0,0.43122286770072776,0.8177013758850946,0,0.6213739012710829,0.31895214150464424,0.7432623333571824,low,2023,10,5,1,3,26.333333333333332,87,80,15.76916823001983,1,0.027777777777777776,0.012048192771084338,0.008888888888888889,0.4726041548492032,0.2721846727185975,0.46224474039410174,0.40253783026030154,0.6836204000357161,0.3937142594669929,False,True,False,False,True,False,False,True,False,False,False,False,False
track_000178,Song 179,Artist E,68,216546,1,0.6418619634136904,0.3804422192461771,4,-3.2056785857349546,1,0.0041394097527202,0.2776090777513519,0.0813572828283728,0.1047568877779605,0.6602927253229905,145.83627346969382,4,0,3.6091,medium,1,0.25120322977398496,happy_calm,0.2441913898108129,-0.0772178730756526,-0.1028331414948252,0,0,fast,0,0.5833450938787753,0.946572023571084,1,0.5689652687362264,0.4949987829235848,0.598289924541846,high,2018,12,4,0,8,27.588785046728972,107,73,15.343213896081435,1,0.04081632653061224,0.00796812749003984,0.008888888888888889,0.2441913898108129,0.4238167851035913,0.607568577561806,0.25120322977398496,0.36011596132372786,0.6250146211582491,False,False,False,False,False,True,False,False,True,False,False,True,False
track_000179,Song 180,Artist C,45,142612,0,0.6541005749758064,0.8691146357398595,4,-9.540517443267154,1,0.1102405005975452,0.3144525695680077,0.0119239094922696,0.2235873286169514,0.526427876395516,172.31488509291597,4,0,2.3768666666666665,short,0,0.4575261720367967,neutral,0.5684883829573306,0.0983165911052756,-0.5546620661718518,0,0,very_fast,0,0.6892595403716639,0.8409913759455474,0,0.6803029836309351,0.32297500002390006,0.8612279206984131,medium,2015,2,4,0,11,26.333333333333332,87,80,15.76916823001983,1,0.04081632653061224,0.00796812749003984,0.008888888888888889,0.5684883829573306,0.3443367766335998,0.5500929425556771,0.4575261720367967,0.7309179133652777,0.44272130410595756,False,True,False,False,True,False,False,False,False,True,True,False,False
track_000180,Song 181,Artist D,18,193770,0,0.6989800105810234,0.867510396154903,0,-5.224499327688994,0,0.1098172991200749,0.116605677934596,0.0323756448861685,0.2956163057809298,0.4334463491042458,122.6290768607876,4,0,3.2295,medium,1,0.37601921402332067,neutral,0.6063724258835019,0.07744165423390639,-0.750904718220307,0,0,fast,1,0.49051630744315045,0.9129250112051834,0,0.6698790278101541,0.21642305705864123,0.8002838156096697,low,2015,12,1,0,11,29.21551724137931,116,73,15.869470846487799,1,0.0,0.012048192771084338,0.008888888888888889,0.6063724258835019,0.3029703336831917,0.6381163339918801,0.37601921402332067,0.791971938130328,0.3957040131128394,False,True,False,False,False,True,False,False,True,False,False,False,False
track_000181,Song 182,Artist D,34,230350,1,0.7462387922355644,0.9307607287141388,8,-9.029802877506798,0,0.1168969353059933,0.178935063029111,0.0179749672359875,0.2303878306934561,0.6009834823320154,129.02421752223233,4,0,3.839166666666667,medium,1,0.5593718239605074,happy_energetic,0.6945697620559328,0.09892196807000579,-0.7518256656850278,0,1,fast,1,0.5160968700889293,0.8495032853748867,0,0.758018780208072,0.2726408512970073,0.8288173477153953,medium,2024,12,5,1,2,29.21551724137931,116,73,15.869470846487799,1,0.02,0.012048192771084338,0.008888888888888889,0.6945697620559328,0.44847718800896685,0.6339323056782995,0.5593718239605074,0.7906842969405846,0.5105374426970872,True,False,False,False,False,True,False,False,True,False,True,False,False
track_000182,Song 183,Artist C,35,287450,0,0.6940670750864091,0.9151833238968206,3,-6.2563557321972105,1,0.0060233956306988,0.5891391283560721,0.1328868634210107,0.2718010409004989,0.2742418249544642,169.64240406390638,4,0,4.7908333333333335,long,0,0.25098154491335656,sad_energetic,0.635198612784924,-0.12686346779031188,-0.3260441955407485,0,0,very_fast,0,0.6785696162556255,0.8957274044633798,0,0.634454374689949,0.34337320165972196,0.8912007489369458,medium,2018,5,3,0,8,26.333333333333332,87,80,15.76916823001983,1,0.0,0.00796812749003984,0.008888888888888889,0.635198612784924,0.19034222131250395,0.621694899690639,0.25098154491335656,0.8197547833222677,0.24564591806176278,False,False,False,True,False,False,True,False,False,True,True,False,False
track_000183,Song 184,Artist B,40,206365,1,0.209681701517348,0.7936844399924996,5,-9.078240023125469,1,0.0295451709824373,0.1207818128678596,0.3212584190913212,0.0518666682808245,0.7041383959721109,89.41648863163003,4,0,3.439416666666667,medium,1,0.5588636884843418,happy_energetic,0.1664211038454708,-0.2917132481088839,-0.67290262712464,0,0,slow,0,0.3576659545265201,0.8486959996145755,0,0.5332195313963224,0.3214489119410272,0.70070615286661,medium,2021,9,5,1,5,29.91919191919192,99,68,15.991500783213745,0,0.0,0.00796812749003984,0.008888888888888889,0.1664211038454708,0.14764493697112835,0.17795602127015073,0.5588636884843418,0.673596809177969,0.5975994398365545,True,False,False,False,False,True,False,False,False,False,True,False,False
track_000184,Song 185,Artist E,25,239735,0,0.7501485635135344,0.6817805282898981,10,-7.335928366555137,1,0.0204346049980664,0.0861327989923284,0.01551551500355,0.0411299865175159,0.4310237643968815,112.26944254445644,4,0,3.9955833333333333,medium,1,0.29386360979600645,neutral,0.5114366839281657,0.0049190899945163995,-0.5956477292975697,0,1,moderate,1,0.44907777017782574,0.8777345272240811,0,0.6339007132114476,0.25922609042902633,0.6848413334064499,low,2016,4,6,1,10,27.588785046728972,107,73,15.343213896081435,1,0.0,0.00796812749003984,0.008888888888888889,0.5114366839281657,0.32333185770251677,0.6584312947433757,0.29386360979600645,0.5984223096691179,0.3783244400652405,False,True,False,False,False,True,False,True,False,False,False,False,False
track_000185,Song 186,Artist A,64,274741,0,0.8802207262991261,0.8895501869783912,1,-10.740825588383805,0,0.0826475006507196,0.0894614850047071,0.0820506294601239,0.2157883511478271,0.5327808505399121,160.81558669209238,4,0,4.579016666666667,long,0,0.4739353052162851,neutral,0.7830005116616429,0.0005968711905957047,-0.8000887019736841,0,1,very_fast,0,0.6432623467683696,0.8209862401936032,0,0.7787876017751414,0.2287537930703391,0.8501957215660547,high,2017,11,0,0,9,30.35164835164835,91,75,18.436300922288936,1,0.0,0.012048192771084338,0.008888888888888889,0.7830005116616429,0.46896474722050757,0.7226491046248021,0.4739353052162851,0.730308463470906,0.4374057473319125,False,True,False,False,False,False,True,False,False,True,False,True,False
track_000186,Song 187,Artist B,50,239503,0,0.8334575003738228,0.3101678464798679,0,-4.4061220478580765,0,0.1414604769992131,0.322414157578411,0.0881832151491682,0.0942597663231674,0.6526206823467214,138.77175920638393,4,0,3.9917166666666666,medium,1,0.20242195161170454,happy_calm,0.2585117180234423,0.0532772618500449,0.012246311098543128,0,1,fast,0,0.5550870368255357,0.9265646325356988,1,0.6222195587975059,0.5317015137914205,0.5485544885566496,medium,2015,6,0,0,11,29.91919191919192,99,68,15.991500783213745,0,0.0,0.012048192771084338,0.008888888888888889,0.2585117180234423,0.5439316026009571,0.7722522425679932,0.20242195161170454,0.28739055669800784,0.6046952427237869,False,False,False,False,False,True,False,False,True,False,True,False,False
track_000187,Song 188,Artist D,45,185681,0,0.7273534691950652,0.5856413266703903,2,-3.426813845184231,0,0.0362796907265375,0.1603143588674121,0.0455100870718738,0.4545779556405697,0.1488355814177786,133.39566087528314,4,0,3.0946833333333332,medium,1,0.08716426735726675,neutral,0.42596825065770877,-0.009230396345336303,-0.4253269678029782,0,1,fast,0,0.5335826435011326,0.9428864359135962,1,0.5112844601044767,0.23308401997118133,0.6814914418308391,medium,2019,1,6,1,7,29.21551724137931,116,73,15.869470846487799,1,0.027777777777777776,0.012048192771084338,0.008888888888888889,0.42596825065770877,0.10825607648388585,0.6858117202187247,0.08716426735726675,0.5521932632279544,0.14033505090013715,False,True,False,False,False,True,False,False,True,False,True,False,False
track_000188,Song 189,Artist B,24,200532,1,0.704426672932652,0.7571265270062251,8,-10.680090974651304,1,0.0477991961161054,0.3990758542316495,0.1035443721715439,0.1537754526431145,0.7267436335304935,118.47919937621664,4,0,3.3422,medium,1,0.5502368832788274,happy_energetic,0.5333401204080489,-0.0557451760554385,-0.3580506727745756,0,1,moderate,1,0.47391679750486654,0.8219984837558115,0,0.7269317173340764,0.4505154736499403,0.7206817593185998,low,2015,9,5,1,11,29.91919191919192,99,68,15.991500783213745,0,0.02,0.00796812749003984,0.008888888888888889,0.5333401204080489,0.5119375998428721,0.579037657067791,0.5502368832788274,0.6223568572104204,0.5973821648412548,True,False,False,False,False,True,False,True,False,False,False,False,False
track_000189,Song 190,Artist D,49,127421,1,0.7632520903822301,0.816083981881089,7,-3.539724964659978,1,0.283134897001234,0.635112522644439,0.0873525948733524,0.3385099054277973,0.5202873466201887,144.07486754889806,4,0,2.123683333333333,short,0,0.42459816955214996,neutral,0.6228778050981951,0.1957823021278816,-0.18097145923665003,0,1,fast,0,0.5762994701955922,0.9410045839223337,1,0.7062122347032753,0.46530601847950553,0.8123552090483582,medium,2022,1,6,1,4,29.21551724137931,116,73,15.869470846487799,1,0.0,0.00796812749003984,0.008888888888888889,0.6228778050981951,0.39711040490728294,0.7182237157379818,0.42459816955214996,0.7679387678156955,0.4895927781263857,False,True,False,False,True,False,False,False,True,False,True,False,False
track_000190,Song 191,Artist E,8,175754,0,0.923211563985438,0.9514462507599836,10,-7.394950953715965,0,0.3513776190242812,0.0431372335483658,0.0196491353178584,0.0977852172513271,0.5344753791700697,87.88196566358938,4,0,2.9292333333333334,short,1,0.5085245956348834,neutral,0.8783861812122057,0.3317284837064228,-0.9083090172116177,0,1,slow,0,0.35152786265435754,0.8767508174380673,0,0.8150611145731912,0.19216363194237215,0.7828962373629893,low,2015,5,2,0,11,27.588785046728972,107,73,15.343213896081435,1,0.0,0.012048192771084338,0.008888888888888889,0.8783861812122057,0.49343385071531004,0.8094264933925093,0.5085245956348834,0.8341812781021999,0.46860172558787955,False,True,False,False,True,False,False,False,False,False,False,False,False
track_000191,Song 192,Artist D,21,231335,0,0.8203252752192889,0.6908410730207211,5,-13.765138939895992,0,0.3092284107956903,0.2591614168780188,0.0827283382438816,0.2596198176549808,0.3759713695198929,68.90420109289163,4,0,3.855583333333333,medium,1,0.25973646434419284,sad_energetic,0.5667143933585118,0.2265000725518087,-0.43167965614270226,0,1,slow,0,0.2756168043715665,0.7705810176684001,0,0.6481738428498998,0.3092036557009591,0.602893041683378,low,2025,4,6,1,1,29.21551724137931,116,73,15.869470846487799,1,0.0,0.012048192771084338,0.008888888888888889,0.5667143933585118,0.30841881717597913,0.6321270853975901,0.25973646434419284,0.5323490170954368,0.2897164005388212,False,False,False,True,False,True,False,False,False,False,False,False,False
track_000192,Song 193,Artist A,15,192240,0,0.6555828091247039,0.3122346055031524,11,-6.706729559353786,1,0.2087588234228104,0.1364233267656321,0.076065317351207,0.2136626102899387,0.3587730607207291,147.16055569658943,3,0,3.204,medium,1,0.1120213650792954,sad_calm,0.20469563978170038,0.1326935060716034,-0.1758112787375203,0,0,fast,0,0.5886422227863577,0.8882211740107702,0,0.463535423517046,0.36853086727152584,0.5545023710986144,low,2015,12,4,0,11,30.35164835164835,91,75,18.436300922288936,1,0.02631578947368421,0.00796812749003984,0.030303030303030304,0.20469563978170038,0.23520545098556356,0.5823025323820231,0.1120213650792954,0.27733338786679973,0.31866982919680337,False,False,True,False,False,True,False,False,True,False,False,False,False
track_000193,Song 194,Artist D,49,165113,0,0.9138866299006176,0.9014993834138444,6,-12.38760241371321,1,0.0677433110920799,0.3916978254390361,0.1550822054027609,0.0451983176787672,0.5928488738634634,64.26409312986955,4,0,2.7518833333333332,short,1,0.5344528942455042,neutral,0.823868233365563,-0.08733889431068101,-0.5098015579748083,0,1,slow,0,0.2570563725194782,0.7935399597714465,0,0.8138591291434394,0.36408397731050013,0.7058538233560159,medium,2016,3,6,1,10,29.21551724137931,116,73,15.869470846487799,1,0.0,0.00796812749003984,0.008888888888888889,0.823868233365563,0.541796659375457,0.7252055595269989,0.5344528942455042,0.7153757844482059,0.4704492715161601,False,True,False,False,True,False,False,False,False,False,True,False,False
track_000194,Song 195,Artist D,21,217543,0,0.6246959545795332,0.8216312785349921,6,-14.200082042120329,0,0.1451400404586871,0.3351588532566221,0.0308046440455267,0.12985350056307,0.5265071554498121,132.66303710099783,5,0,3.6257166666666665,medium,1,0.43259474729005093,neutral,0.5132697358568192,0.11433539641316039,-0.48647242527837,0,0,fast,0,0.5306521484039913,0.7633319659646612,0,0.6543199120272545,0.3455263043770948,0.7624765881119251,low,2016,6,0,0,10,29.21551724137931,116,73,15.869470846487799,1,0.0,0.012048192771084338,0.0,0.5132697358568192,0.328906890066675,0.4768503911393658,0.43259474729005093,0.6271774191421736,0.40189974206396656,False,True,False,False,False,True,False,False,True,False,False,False,False
track_000195,Song 196,Artist E,45,208733,0,0.6609709668657774,0.466457256903564,2,-5.867928204605336,1,0.0305566966432996,0.1182365448892988,0.2149144439498953,0.0407936231383367,0.3630820401968327,175.5844794869821,4,0,3.4788833333333335,medium,1,0.16936225250116416,neutral,0.308314704097107,-0.1843577473065957,-0.3482207120142652,0,0,very_fast,0,0.7023379179479284,0.902201196589911,0,0.51325017587643,0.3162820529437001,0.6770455870002373,medium,2020,2,4,0,6,27.588785046728972,107,73,15.343213896081435,1,0.027777777777777776,0.00796812749003984,0.008888888888888889,0.308314704097107,0.23998668716049956,0.5963287972174948,0.16936225250116416,0.42083829533644296,0.32757305112588864,False,True,False,False,False,True,False,False,False,True,True,False,False
track_000196,Song 197,Artist D,22,168231,1,0.8141966985526641,0.3097148889690974,4,-12.7072543278437,0,0.040680362172179,0.101951564601124,0.1538754635666376,0.6231297068626725,0.0863688427575059,185.944083266853,4,0,2.80385,short,1,0.02674971654503037,sad_calm,0.252168840091244,-0.1131951013944586,-0.20776332436797337,0,1,very_fast,0,0.743776333067412,0.7882124278692717,0,0.4445037989390466,0.2737768119769722,0.5914160549586824,low,2021,3,0,0,5,29.21551724137931,116,73,15.869470846487799,1,0.04081632653061224,0.012048192771084338,0.008888888888888889,0.252168840091244,0.07032122663097548,0.6417599565293409,0.02674971654503037,0.24412112458159416,0.06807699524215309,False,False,True,False,True,False,False,False,False,True,False,False,False
track_000197,Song 198,Artist D,52,211878,0,0.6530761924099363,0.5823936453639265,7,-13.641225320890497,0,0.088277936338122,0.398268728100404,0.0752071319268088,0.2645805262462852,0.7908465861767472,154.87541575647776,4,0,3.5313,medium,1,0.4605840262470924,happy_calm,0.38034742439801583,0.013070804411313197,-0.18412491726352248,0,0,very_fast,0,0.619501663025911,0.7726462446518251,0,0.6732025464261766,0.5218433734840078,0.6780391952470449,high,2019,5,1,0,7,29.21551724137931,116,73,15.869470846487799,1,0.0,0.012048192771084338,0.008888888888888889,0.38034742439801583,0.5164830772807066,0.50459686753705,0.4605840262470924,0.4499842629995246,0.6110446449051796,False,False,False,False,False,True,False,False,False,True,False,True,False
track_000198,Song 199,Artist D,17,150682,1,0.7523818517309289,0.9056738259250154,1,-13.934720796525207,1,0.1036287840028078,0.0369057419265963,0.1017826893362044,0.0825828329295246,0.6837965172361141,182.263522256082,3,0,2.5113666666666665,short,1,0.6192966079194322,happy_energetic,0.6814125502136981,0.001846094666603404,-0.8687680839984191,0,1,very_fast,0,0.729054089024328,0.7677546533912466,0,0.7777938436407104,0.24819910416396812,0.87978312702488,low,2015,9,3,0,11,29.21551724137931,116,73,15.869470846487799,1,0.0,0.00796812749003984,0.030303030303030304,0.6814125502136981,0.5144760898452676,0.5776446677935436,0.6192966079194322,0.6953352943085844,0.5249879580807544,True,False,False,False,True,False,False,False,False,True,False,False,False
track_000199,Song 200,Artist C,30,203362,0,0.5808924460427979,0.8294239257593483,4,-8.645127831447901,1,0.0421764462562336,0.0256405649073606,0.1234218891622165,0.0425540049515705,0.610137415268388,124.30844142419518,4,0,3.3893666666666666,medium,1,0.5060625702245681,happy_energetic,0.4818060930407678,-0.0812454429059829,-0.8037833608519878,0,0,fast,1,0.49723376569678074,0.855914536142535,0,0.6642253807254401,0.24447027281565614,0.7723575322444739,low,2015,2,0,0,11,26.333333333333332,87,80,15.76916823001983,1,0.04081632653061224,0.00796812749003984,0.008888888888888889,0.4818060930407678,0.35442421557748427,0.4971942885034239,0.5060625702245681,0.709915994681833,0.5222254827726476,True,False,False,False,False,True,False,False,True,False,False,False,False
track_000200,Song 201,Artist E,60,207468,0,0.6293581105917939,0.7656597474541711,10,-14.849066250165656,1,0.018528262563348,0.1105746026300393,0.0748134612513658,0.0508019078823722,0.6715073167161201,93.3374780555598,4,0,3.4578,medium,1,0.5141461225304925,happy_energetic,0.4818741720139472,-0.056285198688017804,-0.6550851448241318,0,0,moderate,0,0.3733499122222392,0.752515562497239,0,0.6828933634878049,0.3159841118306004,0.6733392033098731,high,2017,10,4,0,9,27.588785046728972,107,73,15.343213896081435,1,0.0,0.00796812749003984,0.008888888888888889,0.4818741720139472,0.4226185760970227,0.4736017726041834,0.5141461225304925,0.5761708755369696,0.5053197061596427,True,False,False,False,False,True,False,True,False,False,False,True,False
track_000201,Song 202,Artist C,11,126721,1,0.7916758366505231,0.6492380924934275,8,-13.629794637154417,1,0.0275700240063238,0.3386411595476022,0.0285452034510424,0.1116472567999759,0.3264744027170113,163.1512396194276,4,0,2.112016666666667,short,0,0.21195961846792347,sad_energetic,0.5139861100601238,-0.0009751794447185984,-0.31059693294582524,0,1,very_fast,0,0.6526049584777104,0.7728367560474264,0,0.6093840832233408,0.33862735688611606,0.7239132568853404,low,2016,8,1,0,10,26.333333333333332,87,80,15.76916823001983,1,0.02,0.00796812749003984,0.008888888888888889,0.5139861100601238,0.25846189591596974,0.6118361854381226,0.21195961846792347,0.5017550613050394,0.2523114183283361,False,False,False,True,True,False,False,False,False,True,False,False,False
track_000202,Song 203,Artist D,35,149984,0,0.968327312193754,0.7356537333408869,0,-8.393456392560054,0,0.0652301909970455,0.2359663218915656,0.08626439250078,0.0562765703324136,0.5494494490027441,134.96588044278735,4,0,2.4997333333333334,short,0,0.40420453844096194,neutral,0.7123536023112816,-0.0210342015037345,-0.4996874114493213,0,1,fast,0,0.5398635217711494,0.8601090601239991,0,0.772861879580591,0.3385252434551834,0.7422974993594242,medium,2019,2,0,0,7,29.21551724137931,116,73,15.869470846487799,1,0.0,0.012048192771084338,0.008888888888888889,0.7123536023112816,0.5320469081391662,0.832867094383368,0.40420453844096194,0.6327424411605413,0.4725864491673994,False,True,False,False,True,False,False,False,True,False,True,False,False
track_000203,Song 204,Artist E,31,221268,1,0.7804967161696732,0.6861812865165318,9,-13.506789504638938,0,0.0435949984320344,0.1708292652455827,0.4110376348729515,0.2134706725998778,0.7760557219327676,148.74452465654187,4,0,3.6878,medium,1,0.5325149136843423,happy_energetic,0.5355622408232347,-0.36744263644091707,-0.515352021270949,0,1,fast,0,0.5949780986261675,0.7748868415893511,0,0.7508697890026591,0.3952940367231038,0.7211847985609489,medium,2024,11,2,0,2,27.588785046728972,107,73,15.343213896081435,1,0.0,0.012048192771084338,0.008888888888888889,0.5355622408232347,0.6057089425332102,0.6047966352635783,0.5325149136843423,0.5317128498665129,0.601355367265826,True,False,False,False,False,True,False,False,True,False,True,False,False
track_000204,Song 205,Artist E,33,284685,0,0.8537879837639641,0.9122424564942232,4,-10.964302867035002,1,0.267604322802923,0.1625880496300565,0.0556155423136349,0.1758578514481944,0.609001245708987,128.84331202265852,4,0,4.74475,long,0,0.5555567923936082,happy_energetic,0.7788616476340886,0.2119887804892881,-0.7496544068641667,0,1,fast,1,0.5153732480906341,0.81726161888275,0,0.7978883041665487,0.2740628566164517,0.8128385200576493,medium,2020,5,6,1,6,27.588785046728972,107,73,15.343213896081435,1,0.04081632653061224,0.00796812749003984,0.008888888888888889,0.7788616476340886,0.5199579456836185,0.6977681497935764,0.5555567923936082,0.7455407468080455,0.49771334396973804,True,False,False,False,False,False,True,False,True,False,True,False,False
track_000205,Song 206,Artist E,29,162913,0,0.9232398287504928,0.7955635333061318,0,-11.711001652308052,1,0.2091788438222686,0.2409120072128555,0.3144745067374581,0.3748995670444626,0.1923576270337107,149.3395863522777,4,0,2.7152166666666666,short,1,0.153032713421322,sad_energetic,0.7344959402496901,-0.10529566291518949,-0.5546515260932763,0,1,fast,0,0.5973583454091108,0.8048166391281991,0,0.6656722796021498,0.21540303100341585,0.7827544740071223,low,2021,7,3,0,5,27.588785046728972,107,73,15.343213896081435,1,0.0,0.00796812749003984,0.008888888888888889,0.7344959402496901,0.17759222264145424,0.7430387760842657,0.153032713421322,0.6402827690883961,0.15481261889994666,False,False,False,True,True,False,False,False,True,False,False,False,False
track_000206,Song 207,Artist B,31,280866,1,0.8023813969924667,0.547325001220481,5,-11.3322180379658,0,0.2329769761903147,0.3365169038829415,0.0307782354979807,0.4282155475627195,0.6063158639455876,115.96073713641984,5,0,4.6811,long,0,0.3318518309740157,happy_calm,0.4391633990881931,0.202198740692334,-0.21080809733753952,0,1,moderate,1,0.46384294854567937,0.8111296993672367,0,0.6670448183468073,0.45230402037070855,0.6098295461883176,medium,2018,8,0,0,8,29.91919191919192,99,68,15.991500783213745,0,0.0,0.012048192771084338,0.0,0.4391633990881931,0.4864965699313549,0.6508353813203629,0.3318518309740157,0.4439515636961412,0.49180080444377083,False,False,False,False,False,False,True,True,False,False,True,False,False
track_000207,Song 208,Artist D,35,285243,0,0.8396348720692657,0.760403850823792,5,-7.28846477746882,0,0.0461277010966504,0.3172726211732667,0.0192148471040923,0.2241313477836954,0.3632995920621799,189.991085272129,4,0,4.75405,long,0,0.2762544088067943,sad_energetic,0.6384615900074117,0.026912853992558102,-0.4431312296505253,0,1,very_fast,0,0.759964341088516,0.8785255870421864,0,0.6729649816934979,0.3077777708408231,0.8408936707285268,medium,2021,1,1,0,5,29.21551724137931,116,73,15.869470846487799,1,0.0,0.012048192771084338,0.008888888888888889,0.6384615900074117,0.30503900650394483,0.7376407188857427,0.2762544088067943,0.668034239434111,0.3191679873886134,False,False,False,True,False,False,True,False,False,True,True,False,False
track_000208,Song 209,Artist D,26,219071,1,0.6993990221124959,0.7313867035330136,8,-10.353800710128787,0,0.0923586007392404,0.2061293731635253,0.0362432169816274,0.058474663626116,0.3726953188773656,65.60967208875734,5,0,3.6511833333333334,medium,1,0.2725844006959018,sad_energetic,0.5115311452370717,0.056115383757613005,-0.5252573303694883,0,0,slow,0,0.2624386883550293,0.8274366548311869,0,0.6109842155681121,0.2748443338687157,0.6295951908658802,low,2025,6,2,0,1,29.21551724137931,116,73,15.869470846487799,1,0.02,0.012048192771084338,0.0,0.5115311452370717,0.26066274156873437,0.578708387248967,0.2725844006959018,0.6051761673593657,0.30838176792312993,False,False,False,True,False,True,False,False,False,False,False,False,False
track_000209,Song 210,Artist D,9,190017,1,0.7782085344590833,0.8629162357590383,1,-3.038307447853752,1,0.0444217956319873,0.1195808656736774,0.1647287844420044,0.0744514611599712,0.728054580354079,172.37187418131077,4,0,3.16695,medium,1,0.6282501179062682,happy_energetic,0.6715287791909901,-0.12030698881001708,-0.7433353700853609,0,1,very_fast,0,0.6894874967252431,0.9493615425357708,1,0.7885746586175686,0.3073738496479832,0.8798882376586395,low,2022,1,5,1,4,29.21551724137931,116,73,15.869470846487799,1,0.0,0.00796812749003984,0.008888888888888889,0.6715287791909901,0.5665782879835708,0.7388012546885768,0.6282501179062682,0.8192194886593615,0.6911870194551817,True,False,False,False,False,True,False,False,False,True,False,False,False
track_000210,Song 211,Artist E,15,273812,0,0.8415005885007497,0.6798713466561908,2,-8.739081290509025,1,0.0764257652020313,0.1604547427402467,0.1001796331691722,0.0880835122570248,0.2294182716300786,189.251324577932,4,0,4.563533333333333,long,0,0.1559749092806773,sad_energetic,0.5721121383159817,-0.023753867967140893,-0.519416603915944,0,1,very_fast,0,0.757005298311728,0.8543486451581829,0,0.6093871208861807,0.22904597458826503,0.7946823892266299,low,2025,2,1,0,1,27.588785046728972,107,73,15.343213896081435,1,0.027777777777777776,0.00796812749003984,0.008888888888888889,0.5721121383159817,0.193055610589536,0.7189348876854291,0.1559749092806773,0.5808471638975858,0.19600318954168963,False,False,False,True,False,False,True,False,False,True,False,False,False
track_000211,Song 212,Artist E,12,240575,1,0.8383221724418188,0.4461736055229435,9,-8.663430611954409,0,0.0512269887017757,0.2221775865013917,0.0076978333786081,0.2727942833964689,0.3712417684740965,98.94010966284752,4,0,4.0095833333333335,long,0,0.16563827836080144,neutral,0.3740372262681931,0.043529155323167604,-0.2239960190215518,0,1,moderate,0,0.3957604386513901,0.8556094898007598,0,0.5805534811758395,0.36639148348590256,0.542618865215895,low,2015,1,6,1,11,27.588785046728972,107,73,15.343213896081435,1,0.0,0.012048192771084338,0.008888888888888889,0.3740372262681931,0.3112202058483473,0.7172764062516092,0.16563827836080144,0.3817503709840511,0.3176379801168535,False,True,False,False,False,False,True,True,False,False,False,False,False
track_000212,Song 213,Artist B,54,146035,0,0.7023231894883101,0.8980302482480037,8,-3.1905733940851526,0,0.0198546212082904,0.4902794232319584,0.080956378428555,0.1219320178205642,0.2950982285994288,117.53060669478616,4,0,2.4339166666666667,short,0,0.2650071354866912,sad_energetic,0.6307074682065168,-0.061101757220264605,-0.4077508250160453,0,1,moderate,1,0.4701224267791446,0.9468237767652475,1,0.6388678188495539,0.3152321633982109,0.8146757895192306,high,2020,11,1,0,6,29.91919191919192,99,68,15.991500783213745,0,0.02,0.012048192771084338,0.008888888888888889,0.6307074682065168,0.20725432912230127,0.6649762947811363,0.2650071354866912,0.8502763912956077,0.2794060193192456,False,False,False,True,True,False,False,True,False,False,False,True,False
track_000213,Song 214,Artist B,11,257244,1,0.6883388064775847,0.5905993896062912,11,-10.844807501583018,0,0.1400378097855737,0.1359779487173602,0.0952977937520907,0.0830761606925203,0.8016824241155469,128.09670497506494,4,0,4.2874,long,0,0.4734731503407339,happy_calm,0.40653247894798455,0.044740016033483,-0.454621440888931,0,0,fast,1,0.5123868199002598,0.8192532083069497,0,0.6930200667075853,0.41771608983972075,0.651295393927133,low,2022,5,2,0,4,29.91919191919192,99,68,15.991500783213745,0,0.02631578947368421,0.012048192771084338,0.008888888888888889,0.40653247894798455,0.5518291229897524,0.5639237756089378,0.4734731503407339,0.48385044475908023,0.6567808979999545,False,False,False,False,False,False,True,False,True,False,False,False,False
track_000214,Song 215,Artist D,30,171399,1,0.8343445478945581,0.6432896073225688,0,-3.7921509778485927,1,0.0458657958041558,0.2320804621615537,0.0114027325349735,0.228290328408931,0.3976732750173785,138.62181053536713,4,0,2.85665,short,1,0.25581908492860933,sad_energetic,0.5367251765868165,0.0344630632691823,-0.4112091451610151,0,1,fast,0,0.5544872421414685,0.9367974837025235,1,0.6460266838598074,0.31914728517306434,0.7169370162048397,low,2019,10,1,0,7,29.21551724137931,116,73,15.869470846487799,1,0.0,0.00796812749003984,0.008888888888888889,0.5367251765868165,0.3317965288541229,0.7816118730085416,0.25581908492860933,0.6026320854317668,0.3725393233720217,False,False,False,True,True,False,False,False,True,False,False,False,False
track_000215,Song 216,Artist E,41,180920,0,0.4952312174904298,0.871325877749408,1,-5.16686575595562,1,0.0015799995847694,0.1802256826949509,0.0742938724925183,0.0347426040497855,0.3131420056533167,105.74823374170631,4,0,3.0153333333333334,medium,1,0.27284873293608625,sad_energetic,0.4315077752687567,-0.0727138729077489,-0.6911001950544571,0,0,moderate,0,0.4229929349668253,0.9138855707340731,0,0.5534328520169893,0.20463511144915297,0.7770624036340781,medium,2018,9,2,0,8,27.588785046728972,107,73,15.343213896081435,1,0.0,0.00796812749003984,0.008888888888888889,0.4315077752687567,0.15507769670708707,0.4525846638415713,0.27284873293608625,0.7962921470823848,0.28617596055729366,False,False,False,True,False,True,False,True,False,False,True,False,False
track_000216,Song 217,Artist C,9,245426,1,0.8764255660929988,0.7243121392646716,11,-7.529407245442634,0,0.1606548838200296,0.3480633913462357,0.2409833573251516,0.215451670593355,0.5791824772417354,95.93528283103689,4,0,4.090433333333333,long,0,0.4195088991155734,neutral,0.6348056766830709,-0.08032847350512201,-0.37624874791843593,0,1,moderate,0,0.38374113132414756,0.8745098792426228,0,0.7416186113891217,0.3956864579316134,0.6809609697274157,low,2016,6,0,0,10,26.333333333333332,87,80,15.76916823001983,1,0.02631578947368421,0.012048192771084338,0.008888888888888889,0.6348056766830709,0.5076103304877334,0.7664428159691358,0.4195088991155734,0.6334181214423138,0.5065007982321131,False,True,False,False,False,False,True,True,False,False,False,False,False
track_000217,Song 218,Artist E,43,279342,1,0.4998033767483748,0.5128107385981822,5,-7.718081236937005,1,0.1077588724334474,0.7101584799327308,0.0291808035032613,0.2566486280966228,0.4260520397972289,151.5930091923445,4,0,4.6557,long,0,0.21848406120967903,neutral,0.25630453878419956,0.0785780689301861,0.1973477413345487,0,0,very_fast,0,0.606372036769378,0.8713653127177167,0,0.4815801842179732,0.5580357823328064,0.6580679456311511,medium,2020,11,2,0,6,27.588785046728972,107,73,15.343213896081435,1,0.0,0.00796812749003984,0.008888888888888889,0.25630453878419956,0.21294224816118795,0.43551132567771833,0.21848406120967903,0.44684548960360826,0.3712469688919334,False,True,False,False,False,False,True,False,False,True,True,False,False
track_000218,Song 219,Artist A,24,126910,0,0.6315491103461043,0.5036773234910776,10,-5.67200983101368,0,0.0441300656991701,0.1545556589281696,0.0667284065817852,0.0162392111233317,0.467275849026438,76.93449271338892,4,0,2.1151666666666666,short,0,0.23535624896965715,neutral,0.31809696555229705,-0.022598340882615094,-0.34912166456290805,0,0,slow,0,0.3077379708535557,0.9054665028164386,0,0.5439055958936965,0.35090182123187597,0.5483337013789099,low,2020,11,2,0,6,30.35164835164835,91,75,18.436300922288936,1,0.0,0.012048192771084338,0.008888888888888889,0.31809696555229705,0.29510764673886747,0.5718465643019202,0.23535624896965715,0.4560629446494101,0.42310262886855093,False,True,False,False,True,False,False,False,False,False,False,False,False
track_000219,Song 220,Artist D,12,189519,0,0.2948097504299842,0.6455882558426218,1,-7.5727780468387955,0,0.0064290970430004,0.2856460958713193,0.0182267224037188,0.0565500578521257,0.1614327948794734,153.74557591525246,5,0,3.15865,medium,1,0.10421911648203896,sad_energetic,0.19032571258549213,-0.011797625360718399,-0.3599421599713025,0,0,very_fast,0,0.6149823036610098,0.8737870325526867,0,0.36003021538862223,0.2690118000595832,0.728169898304727,low,2025,1,3,0,1,29.21551724137931,116,73,15.869470846487799,1,0.0,0.012048192771084338,0.0,0.19032571258549213,0.04759196196963238,0.25760093699581404,0.10421911648203896,0.5641066463235892,0.14105788279442164,False,False,False,True,False,True,False,False,False,True,False,False,False
track_000220,Song 221,Artist C,13,225432,1,0.9088526805715118,0.858298066150418,3,-11.413641734557588,0,0.0140559057649656,0.4675445008982005,0.0315854228671344,0.2489119087546777,0.5042114094576776,89.49893311048687,4,0,3.7572,medium,1,0.4327636776685013,neutral,0.7800664981501522,-0.017529517102168803,-0.39075356525221755,0,1,slow,0,0.3579957324419475,0.8097726377573735,0,0.7722939149110335,0.38079180335145807,0.7253519602924141,low,2015,1,2,0,11,26.333333333333332,87,80,15.76916823001983,1,0.0,0.012048192771084338,0.008888888888888889,0.7800664981501522,0.4582538910603504,0.7359640324792527,0.4327636776685013,0.6950262890086767,0.4082966030239067,False,True,False,False,False,True,False,False,False,False,False,False,False
track_000221,Song 222,Artist E,39,157643,0,0.736177594069704,0.8803873425835161,4,-5.872721023319258,1,0.1051594512321413,0.1123817524660215,0.0721340159261087,0.1024444804415239,0.5280596605879232,106.78002313374073,4,0,2.6273833333333334,short,1,0.4648970413105552,neutral,0.6481214357125531,0.033025435306032594,-0.7680055901174947,0,1,moderate,0,0.4271200925349629,0.9021213162780124,0,0.7170051385793134,0.23925439638773072,0.7807879692479717,medium,2023,2,2,0,3,27.588785046728972,107,73,15.343213896081435,1,0.04081632653061224,0.00796812749003984,0.008888888888888889,0.6481214357125531,0.3887456904568818,0.6641215001765416,0.4648970413105552,0.794216188325943,0.4763738760828977,False,True,False,False,True,False,False,True,False,False,True,False,False
track_000222,Song 223,Artist E,60,178005,0,0.8075033445731904,0.8343516935141045,1,-6.294263591814158,0,0.0533168640515293,0.0805866484804441,0.1708921060180225,0.0732679934199298,0.3011639336265982,105.77189403565728,4,0,2.96675,short,1,0.25127663804672157,sad_energetic,0.6737417830629449,-0.11757524196649319,-0.7537650450336605,0,1,moderate,0,0.42308757614262915,0.8950956068030974,0,0.663656025971487,0.17227833142592575,0.7548528091711576,high,2025,9,5,1,1,27.588785046728972,107,73,15.343213896081435,1,0.0,0.012048192771084338,0.008888888888888889,0.6737417830629449,0.2431908836682964,0.7227926962062705,0.25127663804672157,0.7468245353931994,0.26957051391670767,False,False,False,True,True,False,False,True,False,False,False,True,False
track_000223,Song 224,Artist E,26,299761,1,0.5668193854167143,0.7562156582716282,7,-3.8269165139038215,0,0.2140218651939354,0.488273116278742,0.0144375268907874,0.0558805003784711,0.6067630979406158,66.53587478589833,4,0,4.996016666666667,long,0,0.4588437555240952,happy_energetic,0.4286376946640203,0.199584338303148,-0.2679425419928862,0,0,slow,0,0.2661434991435933,0.936218058101603,1,0.6356213810303589,0.4504734784121931,0.6651552529349822,low,2020,3,0,0,6,27.588785046728972,107,73,15.343213896081435,1,0.0,0.012048192771084338,0.008888888888888889,0.4286376946640203,0.3439250862682415,0.5306665443091803,0.4588437555240952,0.7079827550930892,0.5680625692816761,True,False,False,False,False,False,True,False,False,False,False,False,False
track_000224,Song 225,Artist D,7,128894,1,0.6583537479000406,0.8543832462959916,8,-12.736413042911105,0,0.0160869153416063,0.0490160528305587,0.0548810904802163,0.2637396486391432,0.7225058916127644,128.3346225941929,4,0,2.148233333333333,short,0,0.6172969291440935,happy_energetic,0.5624864123419696,-0.03879417513861,-0.805367193465433,0,0,fast,1,0.5133384903767716,0.787726449284815,0,0.7364082405326431,0.2800432147272553,0.7772388468962482,low,2017,1,6,1,9,29.21551724137931,116,73,15.869470846487799,1,0.02,0.012048192771084338,0.008888888888888889,0.5624864123419696,0.4756644616231239,0.5186026602066492,0.6172969291440935,0.673020280933175,0.5691370005874822,True,False,False,False,True,False,False,False,True,False,False,False,False
track_000225,Song 226,Artist D,50,273728,0,0.4700500847436583,0.9710143739343318,10,-7.699799441619856,1,0.0258537002045641,0.314720980619649,0.0196311804343905,0.0717625813464451,0.744860907797194,103.84548709850893,4,0,4.562133333333334,long,0,0.7232706480528504,happy_energetic,0.45642538875514294,0.006222519770173598,-0.6562933933146828,0,0,moderate,0,0.4153819483940357,0.8716700093063356,0,0.702782618416921,0.35804235240671833,0.8156094194761964,medium,2018,5,3,0,8,29.21551724137931,116,73,15.869470846487799,1,0.0,0.00796812749003984,0.008888888888888889,0.45642538875514294,0.3501219328323093,0.40972856174294847,0.7232706480528504,0.8464041083639247,0.6492729144315058,True,False,False,False,False,False,True,True,False,False,True,False,False
track_000226,Song 227,Artist D,22,254153,0,0.9481443076741278,0.499750531861957,8,-6.245796857122535,0,0.0814611057126171,0.1733648216442498,0.1251394210796139,0.3065008807355366,0.4705730828999194,121.36180512464324,4,0,4.235883333333334,long,0,0.2351691484591555,neutral,0.4738356220420324,-0.0436783153669968,-0.32638571021770724,0,1,fast,1,0.485447220498573,0.8959033857146245,0,0.6703548074982142,0.3605926939690886,0.6110986507608682,low,2025,7,5,1,1,29.21551724137931,116,73,15.869470846487799,1,0.02,0.012048192771084338,0.008888888888888889,0.4738356220420324,0.446171189896224,0.8494456953912998,0.2351691484591555,0.44772819350781157,0.42158801819620645,False,True,False,False,False,False,True,False,True,False,False,False,False
track_000227,Song 228,Artist C,13,298773,0,0.6717957709250031,0.9194736909917616,5,-8.168623404593706,1,0.1326727745077934,0.2919711776496619,0.0029842579643251,0.1957993208627206,0.2314226973574778,183.59710869493108,4,0,4.97955,long,0,0.21278708171854951,sad_energetic,0.6176985370850685,0.1296885165434683,-0.6275025133420997,0,0,very_fast,0,0.7343884347797244,0.863856276590105,0,0.613987224874773,0.21037317296957964,0.9079037638562983,low,2018,6,4,0,8,26.333333333333332,87,80,15.76916823001983,1,0.0,0.00796812749003984,0.008888888888888889,0.6176985370850685,0.1554687893808105,0.5803349933002523,0.21278708171854951,0.794293119122704,0.1999159496576695,False,False,False,True,False,False,True,False,False,True,False,False,False
track_000228,Song 229,Artist D,31,125110,0,0.4225032873403774,0.4589760260944591,6,-11.73257207150239,0,0.034141020339977,0.1759330135279555,0.0714709698248379,0.1590195813605333,0.4799441088143419,177.70991007147603,3,0,2.085166666666667,short,0,0.22028283981105332,neutral,0.1939188798353318,-0.0373299494848609,-0.28304301256650355,0,0,very_fast,0,0.7108396402859041,0.8044571321416268,0,0.4506773554087913,0.37666363022714705,0.656944304582769,medium,2017,12,0,0,9,29.21551724137931,116,73,15.869470846487799,1,0.0,0.012048192771084338,0.030303030303030304,0.1939188798353318,0.20277796371370727,0.3398857828542497,0.22028283981105332,0.36922653767370905,0.3860944613650544,False,True,False,False,True,False,False,False,False,True,True,False,False
track_000229,Song 230,Artist B,6,234914,1,0.8061077799670183,0.5032274355040444,2,-12.871086358545812,1,0.1389313101865331,0.3841764081129712,0.0159751380177272,0.1277447548110886,0.6343537097545031,143.92027588386702,4,0,3.915233333333333,medium,1,0.3192241905622355,happy_calm,0.4056555508526611,0.12295617216880589,-0.11905102739107315,0,1,fast,0,0.5756811035354681,0.7854818940242365,0,0.6637174555643716,0.4930084455203261,0.62459051038267,low,2024,1,0,0,2,29.91919191919192,99,68,15.991500783213745,0,0.027777777777777776,0.00796812749003984,0.008888888888888889,0.4056555508526611,0.5113574606840448,0.633183065796166,0.3192241905622355,0.3952760391646761,0.49827335341926793,False,False,False,False,False,True,False,False,True,False,False,False,False
track_000230,Song 231,Artist E,23,147766,0,0.6837501371466916,0.6324594735086109,5,-3.463410358275418,1,0.2713497246005362,0.1439894107276229,0.1750046452733161,0.27742499735889,0.7924016880723772,107.74670219628727,4,0,2.4627666666666665,short,0,0.5011619544455902,happy_energetic,0.4324442517512371,0.09634507932722008,-0.488470062780988,0,0,moderate,0,0.4309868087851491,0.942276494028743,1,0.7009584033329731,0.40557842866017907,0.666305088854485,low,2017,5,4,0,9,27.588785046728972,107,73,15.343213896081435,1,0.0,0.00796812749003984,0.008888888888888889,0.4324442517512371,0.5418047628947579,0.6442816820222568,0.5011619544455902,0.5959516953129586,0.7466614844992973,True,False,False,False,True,False,False,True,False,False,False,False,False
track_000231,Song 232,Artist E,10,185697,0,0.9870632131321532,0.8373535569478883,0,-10.296387116706445,0,0.0157066513707193,0.1937910129570804,0.0202665455394122,0.1177928818690284,0.3790021573036344,67.91219671154603,4,0,3.09495,medium,1,0.31735880450912135,sad_energetic,0.82652089244862,-0.004559894168692898,-0.6435625439908079,0,1,slow,0,0.2716487868461841,0.8283935480548926,0,0.7597319995283182,0.240010985289556,0.6862237831522418,low,2017,5,6,1,9,27.588785046728972,107,73,15.343213896081435,1,0.0,0.012048192771084338,0.008888888888888889,0.82652089244862,0.37409908717214313,0.8176767972810071,0.31735880450912135,0.6936582840164458,0.31396294180921624,False,False,False,True,False,True,False,False,False,False,False,False,False
track_000232,Song 233,Artist D,65,182539,0,0.6356984978441201,0.3412394901170772,9,-8.319212306889387,0,0.1915895209197337,0.3714729352660303,0.2818079549454635,0.5503686272781839,0.410287670230789,125.0565255823231,4,0,3.042316666666667,medium,1,0.14000635539087797,neutral,0.21692543127251945,-0.09021843402572982,0.030233445148953098,0,0,fast,1,0.5002261023292924,0.8613464615518436,0,0.4797375472420079,0.4693036281405256,0.530473825742392,high,2018,6,2,0,8,29.21551724137931,116,73,15.869470846487799,1,0.0,0.012048192771084338,0.008888888888888889,0.21692543127251945,0.2608192556496763,0.5475566517318552,0.14000635539087797,0.29392542735409977,0.3533998329716398,False,True,False,False,False,True,False,False,True,False,False,True,False
track_000233,Song 234,Artist D,45,196256,1,0.7726171105933415,0.7259846273886135,1,-8.148101144088258,0,0.0325660651611844,0.2585348232686412,0.0014558476010164,0.142941343820327,0.7817017627355682,124.0122587467362,4,0,3.2709333333333332,medium,1,0.5675034629486039,happy_energetic,0.5609081451481742,0.031110217560167998,-0.4674498041199723,0,1,fast,1,0.49604903498694475,0.8641983142651957,0,0.7613527612745912,0.4201290699115429,0.7218503646674501,medium,2021,3,5,1,5,29.21551724137931,116,73,15.869470846487799,1,0.0,0.012048192771084338,0.008888888888888889,0.5609081451481742,0.6039561572704765,0.667694404547212,0.5675034629486039,0.627394691171686,0.67554534561421,True,False,False,False,False,True,False,False,True,False,True,False,False
track_000234,Song 235,Artist C,17,197984,0,0.5941714608396319,0.6747829832154718,3,-6.50659225965021,0,0.1833607747746553,0.7115514649308492,0.1412761312912952,0.0883758759830596,0.8585321022621594,94.27198222024164,4,0,3.299733333333333,medium,1,0.5793228531507104,happy_energetic,0.4009367908868617,0.04208464348336008,0.03676848171537739,0,0,moderate,0,0.37708792888096654,0.8915567956724965,0,0.6976631099791422,0.639745321686346,0.6571108240725976,low,2018,5,1,0,8,26.333333333333332,87,80,15.76916823001983,1,0.0,0.012048192771084338,0.008888888888888889,0.4009367908868617,0.5101152733788274,0.5297376037062285,0.5793228531507104,0.601607354289914,0.7654301300748229,True,False,False,False,False,True,False,True,False,False,False,False,False
track_000235,Song 236,Artist C,36,166850,1,0.9380113433668238,0.8438885109092842,0,-13.860556230980029,1,0.2427456811124851,0.2040838345005342,0.0630469712422762,0.252746226910815,0.6573570388364152,99.04206967653508,5,0,2.7808333333333333,short,1,0.5547360526393988,happy_energetic,0.7915769957698462,0.1796987098702089,-0.6398046764087499,0,1,moderate,0,0.3961682787061403,0.7689907294836662,0,0.8255782022704393,0.32567409217835297,0.7243055058661779,medium,2023,7,3,0,3,26.333333333333332,87,80,15.76916823001983,1,0.0,0.00796812749003984,0.0,0.7915769957698462,0.6166083590705832,0.7213220271996075,0.5547360526393988,0.6489424416070152,0.5055014688260376,True,False,False,False,True,False,False,True,False,False,True,False,False
track_000236,Song 237,Artist E,11,162963,0,0.837655581096836,0.8296985833388629,9,-5.8403086174534735,1,0.0430944937458682,0.0826641414308655,0.1107510235198385,0.1406214157083004,0.4907869390911649,89.54093683905364,4,0,2.71605,short,1,0.4072052280851563,neutral,0.6950016489619368,-0.0676565297739703,-0.7470344419079974,0,1,slow,0,0.3581637473562146,0.9026615230424421,0,0.7312078891677428,0.23139216329803677,0.7296930015365004,low,2015,5,1,0,11,27.588785046728972,107,73,15.343213896081435,1,0.0,0.00796812749003984,0.008888888888888889,0.6950016489619368,0.4111104186591472,0.7561194626178719,0.4072052280851563,0.7489369869028145,0.44301448592936915,False,True,False,False,True,False,False,False,False,False,False,False,False
track_000237,Song 238,Artist D,8,214848,0,0.9082984380425374,0.8594336517552111,5,-4.040403460799595,0,0.0468910953631849,0.1261403781678983,0.1707106750845062,0.4022394299139681,0.7722236818050867,168.11363862505874,4,0,3.5808,medium,1,0.6636750188255999,happy_energetic,0.7806222434904523,-0.12381957972132132,-0.7332932735873128,0,1,very_fast,0,0.672454554500235,0.9326599423200067,1,0.8528165752851042,0.32429316028212196,0.868419272279195,low,2022,5,4,0,4,29.21551724137931,116,73,15.869470846487799,1,0.0,0.012048192771084338,0.008888888888888889,0.7806222434904523,0.7014095640030177,0.8471335688341051,0.6636750188255999,0.801559340073888,0.7202220945304754,True,False,False,False,False,True,False,False,False,True,False,False,False
track_000238,Song 239,Artist A,30,265047,0,0.3259531129723524,0.7059789214713313,1,-5.085391490697358,0,0.2363803714705302,0.4307350459150248,0.1395371900493958,0.2091253456083309,0.5840130171147934,126.02519990375292,4,0,4.41745,long,0,0.41230087994792,neutral,0.23011602714644439,0.0968431814211344,-0.2752438755563065,0,0,fast,1,0.5041007996150116,0.915243475155044,0,0.5173788267647783,0.43570424705904853,0.7250759556223039,low,2021,5,0,0,5,30.35164835164835,91,75,18.436300922288936,1,0.0,0.012048192771084338,0.008888888888888889,0.23011602714644439,0.19036086094494262,0.29832645985442047,0.41230087994792,0.6461426014736312,0.5345141033199257,False,True,False,False,False,False,True,False,True,False,False,False,False
track_000239,Song 240,Artist D,23,260905,0,0.6596905969286468,0.7429917663250027,4,-9.232223660251092,1,0.1943974749356018,0.0962953863947158,0.0371453953303287,0.1337544363452651,0.6250689016208021,193.20196944422648,4,0,4.348416666666667,long,0,0.4644210472900691,happy_energetic,0.49014468184001075,0.1572520796052731,-0.646696379930287,0,0,very_fast,0,0.772807877776906,0.8461296056624817,0,0.6742944391552003,0.30314129514662613,0.8305247584613374,low,2016,10,6,1,10,29.21551724137931,116,73,15.869470846487799,1,0.04081632653061224,0.00796812749003984,0.008888888888888889,0.49014468184001075,0.41235207683176056,0.5581837446384832,0.4644210472900691,0.6286673302510454,0.5288893032402898,True,False,False,False,False,False,True,False,False,True,False,False,False
track_000240,Song 241,Artist A,44,244302,1,0.680502943098518,0.2632554750766663,5,-4.64789804465129,1,0.0427612770894648,0.1798064343166922,0.0382580355529215,0.0771181525359222,0.4344145157360989,155.8682421590878,4,0,4.0717,long,0,0.11436199972030664,neutral,0.17914612557646997,0.004503241536543294,-0.08344904075997411,0,0,very_fast,0,0.6234729686363512,0.9225350325891452,1,0.48150217448323684,0.42327028592450666,0.5499371072947938,medium,2022,10,0,0,4,30.35164835164835,91,75,18.436300922288936,1,0.0,0.00796812749003984,0.008888888888888889,0.17914612557646997,0.2956203564831328,0.6277878047884005,0.11436199972030664,0.24286239827912323,0.4007626094317997,False,True,False,False,False,False,True,False,False,True,True,False,False
track_000241,Song 242,Artist D,42,231487,0,0.5113413218153031,0.5941569492098592,4,-13.584735901509198,0,0.0043857352536295,0.2159288292765619,0.1021050306541309,0.1222605930073667,0.2517124243534639,116.38865880876664,3,0,3.8581166666666666,medium,1,0.14955668613207157,neutral,0.3038169997747173,-0.09771929540050141,-0.3782281199332973,0,0,moderate,1,0.4655546352350665,0.7735877349748467,0,0.4582973407951182,0.2836381742537062,0.6263790098130488,medium,2015,3,3,0,11,29.21551724137931,116,73,15.869470846487799,1,0.04081632653061224,0.012048192771084338,0.030303030303030304,0.3038169997747173,0.12871096378623473,0.3955673749421445,0.14955668613207157,0.45963252855882,0.19472164422062357,False,True,False,False,False,True,False,True,False,False,True,False,False
track_000242,Song 243,Artist E,54,138322,0,0.8082196108052877,0.4770451262821273,3,-13.762238869459669,1,0.0127307930671608,0.458981611073202,0.0426448191315992,0.2820260494731466,0.5440247347807222,78.77674717937063,4,0,2.3053666666666666,short,0,0.25952434830407045,neutral,0.38555722630030026,-0.029914026064438395,-0.018063515208925296,0,1,slow,0,0.31510698871748255,0.7706293521756723,0,0.62960880264097,0.5036865269788593,0.5108135543452541,high,2025,1,0,0,1,27.588785046728972,107,73,15.343213896081435,1,0.0,0.00796812749003984,0.008888888888888889,0.38555722630030026,0.4396914594129252,0.6228377550905528,0.25952434830407045,0.36762497662535754,0.4192414289316099,False,True,False,False,True,False,False,False,False,False,False,True,False
track_000243,Song 244,Artist A,44,122336,0,0.5805886440364648,0.5464935816481167,11,-13.37780334994284,1,0.0534513177637283,0.0782809954332331,0.0441335637994796,0.1337428880158897,0.452819556864649,62.21732993228239,4,0,2.0389333333333335,short,0,0.24746298147127505,neutral,0.31728796754371114,0.0093177539642487,-0.4682125862148836,0,0,slow,0,0.24886931972912957,0.777036610834286,0,0.5320293991684156,0.30321019073825295,0.5219801078893391,medium,2023,5,0,0,3,30.35164835164835,91,75,18.436300922288936,1,0.02631578947368421,0.00796812749003984,0.008888888888888889,0.31728796754371114,0.2629018925132394,0.4511386322509683,0.24746298147127505,0.42464552052654275,0.35185737378559007,False,True,False,False,True,False,False,False,False,False,True,False,False
track_000244,Song 245,Artist D,22,170669,0,0.9811117628181296,0.9071196726808056,6,-12.009554752904553,0,0.0994359837664066,0.5631449421908192,0.150078231603057,0.2503390911785783,0.3343315058811176,63.41976361168865,4,0,2.8444833333333333,short,1,0.30327868618176024,sad_energetic,0.8899857811508699,-0.0506422478366504,-0.3439747304899864,0,1,slow,0,0.2536790544467546,0.7998407541182575,0,0.7648800586958289,0.35342152683642125,0.7086576325815872,low,2023,9,3,0,3,29.21551724137931,116,73,15.869470846487799,1,0.0,0.012048192771084338,0.008888888888888889,0.8899857811508699,0.3280165731006632,0.7847331722467458,0.30327868618176024,0.7255512830725225,0.26741196378944576,False,False,False,True,True,False,False,False,False,False,False,False,False
track_000245,Song 246,Artist E,31,216111,0,0.935463541251047,0.8446269019801746,8,-11.068140435796613,0,0.008491195689547,0.1020684765575704,0.0803506706714545,0.2405060530505704,0.1452293614267138,106.978008237532,5,0,3.60185,medium,1,0.12266462561840435,sad_energetic,0.7901176727622752,-0.0718594749819075,-0.7425584254226043,0,1,moderate,0,0.427912032950128,0.8155309927367231,0,0.6711422955224853,0.1310081284569899,0.74588666189373,medium,2016,1,5,1,10,27.588785046728972,107,73,15.343213896081435,1,0.02,0.012048192771084338,0.0,0.7901176727622752,0.1358567727338619,0.7628995104654769,0.12266462561840435,0.6888194158640347,0.11843904529884827,False,False,False,True,False,True,False,True,False,False,True,False,False
track_000246,Song 247,Artist D,24,187263,0,0.5710407366544537,0.711048000573034,9,-9.756541666995629,1,0.006970123868697,0.1845027662826494,0.1489716122328684,0.0683279642419465,0.5661898078370502,126.74554257116594,4,0,3.12105,medium,1,0.4025881308073649,neutral,0.4060373740439017,-0.1420014883641714,-0.5265452342903846,0,0,fast,1,0.5069821702846637,0.8373909722167395,0,0.6115876371848067,0.3303436486922646,0.7131205085866138,low,2021,3,5,1,5,29.21551724137931,116,73,15.869470846487799,1,0.0,0.00796812749003984,0.008888888888888889,0.4060373740439017,0.3233174449535127,0.47818435764243605,0.4025881308073649,0.5954251764926217,0.4741222336438764,False,True,False,False,False,True,False,False,True,False,False,False,False
track_000247,Song 248,Artist E,18,262055,0,0.7970873718537239,0.6868881556015669,6,-12.784185049275628,1,0.0331663914048849,0.1430116271377745,0.1692392410526133,0.102572341916993,0.6695437561291993,85.17169388931056,4,0,4.367583333333333,long,0,0.459901675742131,happy_energetic,0.5475098747059047,-0.1360728496477284,-0.5438765284637924,0,1,slow,0,0.34068677555724225,0.7869302491787395,0,0.7257645222607194,0.3520013310133995,0.6285876684704972,low,2024,4,3,0,2,27.588785046728972,107,73,15.343213896081435,1,0.0,0.00796812749003984,0.008888888888888889,0.5475098747059047,0.533684872914094,0.6272521641500776,0.459901675742131,0.5405330674454659,0.52688423484682,True,False,False,False,False,False,True,False,False,False,False,False,False
track_000248,Song 249,Artist D,15,149118,0,0.9067501457354192,0.5789930873642896,10,-4.294164997560468,0,0.0053770443297314,0.1401708131650687,0.1806940050390836,0.0835542779094757,0.714236215610163,83.90643968305399,4,0,2.4853,short,0,0.4135378315835147,happy_calm,0.5250020663473699,-0.17531696070935218,-0.4388222741992209,0,1,slow,0,0.33562575873221595,0.9284305833739921,1,0.7506688491865035,0.3966412637397895,0.6010423198815241,low,2017,1,6,1,9,29.21551724137931,116,73,15.869470846487799,1,0.0,0.012048192771084338,0.008888888888888889,0.5250020663473699,0.6476337925940296,0.8418545667795876,0.4135378315835147,0.5375548898711361,0.663118746325776,False,False,False,False,True,False,False,False,False,False,False,False,False
track_000249,Song 250,Artist D,47,208664,0,0.2615189756327429,0.7530214639927635,11,-6.562873154886805,0,0.088743510898977,0.1079740026232547,0.0758780048466596,0.2722830089895771,0.3436767334635919,131.36124402449911,4,0,3.477733333333333,medium,1,0.2587959569730047,sad_energetic,0.1969294018928559,0.0128655060523174,-0.6450474613695087,0,0,fast,0,0.5254449760979965,0.8906187807518866,0,0.4336170494900038,0.2203861818905504,0.7516763541835078,medium,2021,1,4,0,5,29.21551724137931,116,73,15.869470846487799,1,0.02631578947368421,0.012048192771084338,0.008888888888888889,0.1969294018928559,0.08987798728420576,0.23291371122151583,0.2587959569730047,0.6706550581412357,0.3060849533301353,False,False,False,True,False,True,False,False,True,False,True,False,False
track_000250,Song 251,Artist E,25,153243,0,0.7728820555283284,0.5598724949936699,4,-9.321928180428522,1,0.036933799183955,0.2342421968535579,0.0085154815158205,0.1375744577181336,0.4758800377800564,85.15230046418768,4,0,2.55405,short,1,0.26643214406960203,neutral,0.43271540476448134,0.0284183176681345,-0.32563029814011196,0,1,slow,0,0.3406092018567507,0.8446345303261913,0,0.6198785820434493,0.3684991415773391,0.5765916042583548,low,2024,8,0,0,2,27.588785046728972,107,73,15.343213896081435,1,0.04081632653061224,0.00796812749003984,0.008888888888888889,0.43271540476448134,0.3677991417843486,0.652802871968711,0.26643214406960203,0.47288764185153126,0.4019447122019681,False,True,False,False,True,False,False,False,False,False,False,False,False
track_000251,Song 252,Artist A,7,280211,0,0.7942679509041448,0.6011138774617962,8,-4.05753018185991,0,0.0923929355468689,0.2702602802223847,0.3478823938046922,0.5650246703183273,0.5270242256356097,182.25560993683416,4,0,4.670183333333333,long,0,0.3168015757881219,neutral,0.4774454877116261,-0.2554894582578233,-0.33085359723941155,0,1,very_fast,0,0.7290224397473366,0.9323744969690015,1,0.6561486112908796,0.3858772165410979,0.7604152530299497,low,2023,2,6,1,3,30.35164835164835,91,75,18.436300922288936,1,0.02,0.012048192771084338,0.008888888888888889,0.4774454877116261,0.4185984517724394,0.7405551811828517,0.3168015757881219,0.5604632491195283,0.49138394726747914,False,True,False,False,False,False,True,False,False,True,False,False,False
track_000252,Song 253,Artist C,19,153380,0,0.8461733371257042,0.7080396394760079,9,-12.825383476636592,1,0.1757942954870306,0.3537566284881079,0.1764285072436634,0.2569560078310885,0.3797168918189982,80.79243939599644,4,0,2.5563333333333333,short,1,0.2688546111864738,sad_energetic,0.5991242645526941,-0.0006342117566328076,-0.3542830109879,0,1,slow,0,0.32316975758398575,0.7862436087227235,0,0.6647962942387835,0.34300582709814026,0.6324572005765433,low,2018,12,0,0,8,26.333333333333332,87,80,15.76916823001983,1,0.0,0.00796812749003984,0.008888888888888889,0.5991242645526941,0.3213063095134817,0.6652983781866634,0.2688546111864738,0.5566916412603525,0.29854997931674515,False,False,False,True,True,False,False,False,False,False,False,False,False
track_000253,Song 254,Artist D,26,174400,0,0.5491897155320672,0.8428668526924403,9,-14.729948070855762,0,0.0504384570105724,0.1642331078847531,0.034904470502657,0.206744240510879,0.4192626348712496,172.35903480880737,4,0,2.9066666666666667,short,1,0.3533825775054699,neutral,0.4628938070615701,0.015533986507915404,-0.6786337448076872,0,0,very_fast,0,0.6894361392352295,0.7545008654857372,0,0.5983147324819338,0.238611977807544,0.8308721516565786,low,2015,8,4,0,11,29.21551724137931,116,73,15.869470846487799,1,0.0,0.012048192771084338,0.008888888888888889,0.4628938070615701,0.23025472717816653,0.4143641156848105,0.3533825775054699,0.6359437698456857,0.31633402087618845,False,True,False,False,True,False,False,False,False,True,False,False,False
track_000254,Song 255,Artist E,16,146819,0,0.6679838996966107,0.7148537306111998,6,-5.061446905360869,0,0.0735983152896911,0.5329887474747875,0.0779397301771065,0.0631581139189882,0.3949620174053718,62.61052209806961,4,0,2.4469833333333333,short,0,0.2823400715919557,sad_energetic,0.4775107826863396,-0.004341414887415393,-0.1818649831364123,0,0,slow,0,0.25044208839227844,0.9156425515773189,0,0.6001382842836158,0.4172279850281666,0.6344711587681682,low,2016,7,5,1,10,27.588785046728972,107,73,15.343213896081435,1,0.0,0.012048192771084338,0.008888888888888889,0.4775107826863396,0.26382826861848085,0.6116344823307724,0.2823400715919557,0.6545504939014044,0.3616440293931801,False,False,False,True,True,False,False,False,False,False,False,False,False
track_000255,Song 256,Artist E,25,251717,0,0.5287067561370119,0.7271340752644958,10,-14.895970921858428,0,0.0990698280105472,0.5399323244711868,0.1943912566941593,0.0532156459199815,0.3648916423962316,194.16587610739413,4,0,4.195283333333333,long,0,0.26532514696552695,sad_energetic,0.38444069820977744,-0.0953214286836121,-0.18720175079330903,0,0,very_fast,0,0.7766635044295765,0.7517338179690262,0,0.539090417753023,0.40730019992799543,0.8051626153871444,low,2015,10,6,1,11,27.588785046728972,107,73,15.343213896081435,1,0.0,0.012048192771084338,0.008888888888888889,0.38444069820977744,0.1929206765928182,0.3974467483768948,0.26532514696552695,0.5466112745739566,0.2743013874835078,False,False,False,True,False,False,True,False,False,True,False,False,False
track_000256,Song 257,Artist C,22,297109,0,0.6996837504234775,0.8626353852282517,6,-9.83407699882188,1,0.0929537516911568,0.2929353205154596,0.0860259075042037,0.1587976955563479,0.7093196880855622,160.60452369662738,4,0,4.951816666666667,long,0,0.6118842623816723,happy_energetic,0.6035719615845044,0.006927844186953094,-0.5697000647127921,0,0,very_fast,0,0.6424180947865096,0.836098716686302,0,0.7514600221635351,0.37117941906337704,0.8394442214963274,low,2019,10,2,0,7,26.333333333333332,87,80,15.76916823001983,1,0.0,0.00796812749003984,0.008888888888888889,0.6035719615845044,0.49629945960891747,0.5850046858153284,0.6118842623816723,0.721248338557535,0.5930612809286666,True,False,False,False,False,False,True,False,False,True,False,False,False
track_000257,Song 258,Artist E,40,229089,0,0.810525554416971,0.4311779221937191,9,-4.434937165516743,0,0.5124653438726549,0.4598800052486492,0.0119646970118627,0.1450074801145916,0.3391916488087603,150.7937837553884,4,0,3.81815,medium,1,0.14625195035882294,neutral,0.34948072443842176,0.5005006468607922,0.028702083054930105,0,1,very_fast,0,0.6031751350215536,0.926084380574721,1,0.5553210930675322,0.45635612008397203,0.6269965128448863,medium,2019,2,2,0,7,27.588785046728972,107,73,15.343213896081435,1,0.0,0.012048192771084338,0.008888888888888889,0.34948072443842176,0.27492349920432696,0.7506150560022229,0.14625195035882294,0.39930713899226555,0.3141200879831791,False,True,False,False,False,True,False,False,False,True,True,False,False
track_000258,Song 259,Artist C,35,269130,0,0.7194604505534199,0.823827065799869,11,-8.119180489227555,1,0.0500163765334344,0.2516881080383334,0.2539233485515777,0.2091665800769001,0.5087844693359611,155.58182169134363,4,0,4.4855,long,0,0.4191504164975883,neutral,0.5927109919384757,-0.2039069720181433,-0.5721389577615356,0,1,very_fast,0,0.6223272867653745,0.8646803251795407,0,0.687567640762117,0.306162464276161,0.8182223304728581,medium,2025,6,2,0,1,26.333333333333332,87,80,15.76916823001983,1,0.02631578947368421,0.00796812749003984,0.008888888888888889,0.5927109919384757,0.36605030354303325,0.62210329633835,0.4191504164975883,0.7123470551475376,0.4399359203917189,False,True,False,False,False,False,True,False,False,True,True,False,False
track_000259,Song 260,Artist A,60,120155,0,0.4793047772903291,0.9281409502356436,7,-9.549990357986834,1,0.0399209945661419,0.1317836591416556,0.0275411026414234,0.066034327567938,0.4592779592242769,168.82138061747028,4,0,2.0025833333333334,short,0,0.4262746814967075,neutral,0.44486239144672957,0.0123798919247185,-0.796357291093988,0,0,very_fast,0,0.6752855224698812,0.8408334940335528,0,0.6079475837541077,0.2120545663532522,0.8854692448507377,high,2021,6,5,1,5,30.35164835164835,91,75,18.436300922288936,1,0.0,0.00796812749003984,0.008888888888888889,0.44486239144672957,0.2201341199603489,0.40301551059600127,0.4262746814967075,0.780411998142258,0.3861762911871483,False,True,False,False,True,False,False,False,False,True,False,True,False
track_000260,Song 261,Artist D,50,207960,1,0.8615288267647818,0.6922383692118922,8,-12.012852147424876,0,0.1442949121029124,0.3204278458464525,0.0740318543886347,0.4070280256092594,0.5093368573546947,126.0458833147224,4,0,3.466,medium,1,0.352582515514724,neutral,0.5963833100686874,0.0702630577142777,-0.3718105233654397,0,1,fast,1,0.5041835332588896,0.7997857975429187,0,0.7050840986758888,0.37330068478142175,0.6951451690866135,medium,2023,3,5,1,3,29.21551724137931,116,73,15.869470846487799,1,0.02,0.012048192771084338,0.008888888888888889,0.5963833100686874,0.43880838514485115,0.6890385198202861,0.352582515514724,0.5536424162099426,0.4073603846774283,False,True,False,False,False,True,False,False,True,False,True,False,False
track_000261,Song 262,Artist A,32,173798,0,0.543152243205741,0.5998632800917698,7,-13.35640038546917,0,0.0895147552170912,0.1513027813230683,0.1108235265918545,0.2653645209417314,0.3744965137892992,72.10240544427579,4,0,2.8966333333333334,short,1,0.22464670714458174,neutral,0.32581708619859845,-0.021308771374763308,-0.4485604987687015,0,0,slow,0,0.28840962177710316,0.7773933269088471,0,0.5095688354466171,0.29291108263848614,0.563563913594068,medium,2023,11,4,0,3,30.35164835164835,91,75,18.436300922288936,1,0.0,0.012048192771084338,0.008888888888888889,0.32581708619859845,0.20340862153738756,0.4222429293637142,0.22464670714458174,0.4663297110009945,0.29113109077042826,False,True,False,False,True,False,False,False,False,False,True,False,False
track_000262,Song 263,Artist C,23,266295,0,0.9164924875308772,0.7520937698819793,5,-4.896831906248961,0,0.0663369559370044,0.1551487850207681,0.0590814772826286,0.2227960149707178,0.5389908824861319,121.4640941572627,3,0,4.43825,long,0,0.4053716847410098,neutral,0.6892882900156103,0.007255478654375792,-0.5969449848612112,0,1,fast,1,0.48585637662905085,0.9183861348958506,1,0.7539223907227842,0.298128647789553,0.7419202531560538,low,2017,2,0,0,9,26.333333333333332,87,80,15.76916823001983,1,0.0,0.012048192771084338,0.030303030303030304,0.6892882900156103,0.49398109464617773,0.8416939932845658,0.4053716847410098,0.6907124904011602,0.4950017533105423,False,True,False,False,False,False,True,False,True,False,False,False,False
track_000263,Song 264,Artist E,51,128787,1,0.8150140713591127,0.7772570050393389,11,-13.74284956258272,1,0.0849668097411471,0.2275616133451981,0.0332865838853618,0.2559332979653478,0.5396012484453211,141.91703252979744,4,0,2.14645,short,0,0.4194088502820985,neutral,0.633475396169502,0.05168022585578531,-0.5496953916941408,0,1,fast,0,0.5676681301191897,0.770952507290288,0,0.7210631045890432,0.3197279183598739,0.7556945527724231,high,2017,12,4,0,9,27.588785046728972,107,73,15.343213896081435,1,0.02631578947368421,0.00796812749003984,0.008888888888888889,0.633475396169502,0.43978261040588124,0.6283371417911736,0.4194088502820985,0.5992282368440184,0.4160069354258899,False,True,False,False,True,False,False,False,True,False,False,True,False
track_000264,Song 265,Artist B,22,272850,0,0.3920535522883321,0.8482159300067466,3,-10.25423966362012,0,0.2407822324928711,0.6191723565854288,0.0489717787974185,0.1242876159262107,0.5909439051817325,71.73258227330851,4,0,4.5475,long,0,0.5012480341155419,neutral,0.33254606846669627,0.19181045369545258,-0.22904357342131776,0,0,slow,0,0.286930329093234,0.8290960056063313,0,0.5885693714718765,0.4704873351866673,0.6975260395346022,low,2017,1,4,0,9,29.91919191919192,99,68,15.991500783213745,0,0.0,0.012048192771084338,0.008888888888888889,0.33254606846669627,0.23168165722963752,0.3250500341860291,0.5012480341155419,0.7032524394602531,0.489949231323581,False,True,False,False,False,False,True,False,False,False,False,False,False
track_000265,Song 266,Artist A,20,255565,1,0.7936533794327777,0.8142058174068684,5,-6.342129922419931,1,0.1077126645841588,0.1115223530543981,0.1219136789274747,0.2315059667872056,0.2759734672757289,169.4132381346294,4,0,4.259416666666667,long,0,0.2246992025058425,sad_energetic,0.6461971985387882,-0.014201014343315901,-0.7026834643524703,0,1,very_fast,0,0.6776529525385177,0.8942978346263345,0,0.6445151371778903,0.1831392361824174,0.8400823328306452,low,2018,6,5,1,8,30.35164835164835,91,75,18.436300922288936,1,0.0,0.00796812749003984,0.008888888888888889,0.6461971985387882,0.21902727493716334,0.7097624986706057,0.2246992025058425,0.7281424994471271,0.24680247419900594,False,False,False,True,False,False,True,False,False,True,False,False,False
track_000266,Song 267,Artist A,38,248202,1,0.9459902753857572,0.9649032464383256,9,-8.256223900483448,1,0.0778099879418913,0.5020573965730817,0.0640145448583756,0.5504362617752563,0.7946536991396396,150.12788513417425,4,0,4.1367,long,0,0.7667639340940626,happy_energetic,0.9127890878188027,0.013795443083515699,-0.4628458498652439,0,1,very_fast,0,0.600511540536697,0.8623962683252758,0,0.9062631938276924,0.4497480944396268,0.8801227045854794,medium,2022,12,2,0,4,30.35164835164835,91,75,18.436300922288936,1,0.0,0.00796812749003984,0.008888888888888889,0.9127890878188027,0.7517346716854183,0.815818483364677,0.7667639340940626,0.8321289590233559,0.6853063847489016,True,False,False,False,False,False,True,False,False,True,True,False,False
track_000267,Song 268,Artist A,15,237886,0,0.6076302765767994,0.9200503617945964,1,-8.849008477834362,0,0.0206260910817654,0.4747630726143337,0.0119165537581485,0.2946460629686122,0.5918045147996914,71.7457144880473,4,0,3.9647666666666668,medium,1,0.5444899579531317,neutral,0.559050455801835,0.008709537323616899,-0.4452872891802627,0,0,slow,0,0.2869828579521892,0.8525165253694273,0,0.696608573609006,0.391431474947262,0.7381470577032546,low,2020,5,1,0,6,30.35164835164835,91,75,18.436300922288936,1,0.0,0.012048192771084338,0.008888888888888889,0.559050455801835,0.35959834100713506,0.5180148520965171,0.5444899579531317,0.7843581376020139,0.5045231286549727,False,True,False,False,False,True,False,False,False,False,False,False,False
track_000268,Song 269,Artist D,60,294018,0,0.922862799882622,0.7821913730303562,3,-5.30441172887091,1,0.5841526402801545,0.5797302214014631,0.0785963710643096,0.2466081442792176,0.4902671379675458,115.61185413927257,4,0,4.9003,long,0,0.38348272579849774,neutral,0.721855320558827,0.5055562692158448,-0.2024611516288931,0,1,moderate,1,0.46244741655709026,0.9115931378521515,0,0.7508826732524194,0.4443148180417421,0.7468320952945172,high,2022,11,0,0,4,29.21551724137931,116,73,15.869470846487799,1,0.0,0.00796812749003984,0.008888888888888889,0.721855320558827,0.45244930363516905,0.8412753955520215,0.38348272579849774,0.7130402881416251,0.44692415868562874,False,True,False,False,False,False,True,True,False,False,False,True,False
track_000269,Song 270,Artist E,32,191853,0,0.3224177699196382,0.6335914012844464,1,-3.700401822177565,0,0.0531993308379523,0.115255583981919,0.0386291226337297,0.2062967030324927,0.5685033567639293,161.16564147682294,4,0,3.19755,medium,1,0.3601988384469695,neutral,0.2042811266423898,0.014570208204222598,-0.5183358173025273,0,0,very_fast,0,0.6446625659072918,0.9383266362970405,1,0.489595535382368,0.32657582023661247,0.7462094901168657,medium,2015,9,5,1,11,27.588785046728972,107,73,15.343213896081435,1,0.0,0.012048192771084338,0.008888888888888889,0.2042811266423898,0.18329558447965455,0.30253318153108727,0.3601988384469695,0.594515688353963,0.5334418424758741,False,True,False,False,False,True,False,False,False,True,True,False,False
track_000270,Song 271,Artist B,19,269302,0,0.972708632939968,0.7480675685051531,2,-7.654096092681251,1,0.0058803045279526,0.3832338848599824,0.2132652834275794,0.3943656226205107,0.3967426227015198,158.6094139060982,4,0,4.488366666666667,long,0,0.29679028908668326,sad_energetic,0.7276517819073733,-0.2073849788996268,-0.3648336836451707,0,1,very_fast,0,0.6344376556243928,0.8724317317886459,0,0.7325265105379891,0.347896070202903,0.786434251469453,low,2022,1,2,0,4,29.91919191919192,99,68,15.991500783213745,0,0.027777777777777776,0.00796812749003984,0.008888888888888889,0.7276517819073733,0.3859149741570128,0.8486218771615825,0.29679028908668326,0.6526378842858722,0.3461308533978562,False,False,False,True,False,False,True,False,False,True,False,False,False
track_000271,Song 272,Artist D,19,131190,0,0.3163838143523752,0.5756396422341814,0,-4.437024066293237,1,0.0298252744520203,0.7067653701064027,0.0299372895278203,0.2516144791815181,0.7311469102241195,194.62966892414252,4,0,2.1865,short,0,0.4208771458220393,happy_calm,0.18212306570248693,-0.00011201507580000172,0.13112572787222132,0,0,very_fast,0,0.7785186756965701,0.9260495988951127,1,0.5185894914784404,0.6293583284395425,0.7649742442823271,low,2018,7,6,1,8,29.21551724137931,116,73,15.869470846487799,1,0.0,0.00796812749003984,0.008888888888888889,0.18212306570248693,0.23132304830866057,0.2929871043779229,0.4208771458220393,0.5330708597990899,0.6770783029464469,False,False,False,False,True,False,False,False,False,True,False,False,False
track_000272,Song 273,Artist A,27,232082,1,0.972370833329696,0.3134957563711863,9,-5.180217460148739,1,0.011267911017967,0.2315485497660847,0.1562924690275706,0.2358333352412249,0.6528619917095562,64.4638713292029,4,0,3.8680333333333334,medium,1,0.20466946389698648,happy_calm,0.3048341298679738,-0.1450245580096036,-0.08194720660510163,0,1,slow,0,0.25785548531681163,0.9136630423308544,0,0.6788556577561011,0.4944292905079448,0.4361762936455684,low,2025,5,1,0,1,30.35164835164835,91,75,18.436300922288936,1,0.0,0.00796812749003984,0.008888888888888889,0.3048341298679738,0.6348239589279062,0.8884192938537981,0.20466946389698648,0.2864294865239104,0.5964958735675341,False,False,False,False,False,True,False,False,False,False,False,False,False
track_000273,Song 274,Artist E,24,216055,0,0.747891012985782,0.6677186061972323,5,-12.825666486369808,1,0.1254275617523707,0.22078531761749,0.0762266717296266,0.129495913652531,0.6087912273823859,135.1615505158843,4,0,3.6009166666666665,medium,1,0.40650122981286907,happy_energetic,0.4993807447783025,0.04920089002274408,-0.44693328857974235,0,1,fast,0,0.5406462020635372,0.7862388918938364,0,0.6821093552681983,0.3706359134025421,0.69384940725121,low,2015,5,1,0,11,27.588785046728972,107,73,15.343213896081435,1,0.0,0.00796812749003984,0.008888888888888889,0.4993807447783025,0.4553094877438701,0.5880210013073001,0.40650122981286907,0.5249863370334089,0.4786553400118157,True,False,False,False,False,True,False,False,True,False,False,False,False
track_000274,Song 275,Artist A,62,236656,1,0.59601061534778,0.8919842574457464,11,-11.926938885138917,0,0.0558613239880717,0.192930326140786,0.0022012482528623,0.0607963072131084,0.6153489854756149,87.91331466148777,4,0,3.9442666666666666,medium,1,0.5488816078794597,happy_energetic,0.531632086160772,0.053660075735209395,-0.6990539313049604,0,0,slow,0,0.3516532586459511,0.8012176852476848,0,0.6906042190155204,0.294181548865275,0.7381056377646418,high,2022,2,5,1,4,30.35164835164835,91,75,18.436300922288936,1,0.02631578947368421,0.012048192771084338,0.008888888888888889,0.531632086160772,0.36675452748695336,0.47753424561199653,0.5488816078794597,0.7146735620280559,0.49302848976228336,True,False,False,False,False,True,False,False,False,False,False,True,False
track_000275,Song 276,Artist A,14,155634,0,0.9347080619710716,0.9162848296626204,8,-11.849131542768516,1,0.0839955216465827,0.2833591800431042,0.0498463631537136,0.0711446686054873,0.6835589377643672,63.32029044281069,4,0,2.5939,short,1,0.6263346848537849,happy_energetic,0.8564588173474413,0.03414915849286909,-0.6329256496195161,0,1,slow,0,0.25328116177124277,0.8025144742871914,0,0.8538363550165249,0.3435259044477657,0.7136257453529645,low,2018,11,3,0,8,30.35164835164835,91,75,18.436300922288936,1,0.02,0.00796812749003984,0.008888888888888889,0.8564588173474413,0.6389280499607359,0.750116748964714,0.6263346848537849,0.7353318383740265,0.5485659415842821,True,False,False,False,True,False,False,False,False,False,False,False,False
track_000276,Song 277,Artist E,16,295271,0,0.6158070891238602,0.6478981729666823,9,-7.482172320350912,1,0.0495717882642168,0.4461102236091253,0.0107025260236171,0.330975171805078,0.5237065358504405,109.18983085168976,4,0,4.9211833333333335,long,0,0.3393085077482107,neutral,0.3989802879432799,0.0388692622405997,-0.201787949357557,0,0,moderate,0,0.43675932340675905,0.8752971279941515,0,0.5978042482946809,0.4411865983087776,0.662793258359706,low,2020,3,0,0,6,27.588785046728972,107,73,15.343213896081435,1,0.0,0.00796812749003984,0.008888888888888889,0.3989802879432799,0.32250219739720026,0.5390141765085533,0.3393085077482107,0.567103410030395,0.45839882674165666,False,True,False,False,False,False,True,True,False,False,False,False,False
track_000277,Song 278,Artist E,33,254393,0,0.9195632924362438,0.9441573568627118,5,-9.013526146153428,0,0.0780111259968411,0.268776663673572,0.1018372208043338,0.3449402572960781,0.7337036032662715,166.64397890573224,4,0,4.239883333333333,long,0,0.6927316547805307,happy_energetic,0.8682124476545768,-0.023826094807492704,-0.6753806931891398,0,1,very_fast,0,0.666575915622929,0.8497745642307762,0,0.8711836050131925,0.34437453939049667,0.8919995596361096,medium,2022,7,1,0,4,27.588785046728972,107,73,15.343213896081435,1,0.0,0.012048192771084338,0.008888888888888889,0.8682124476545768,0.6746869010918682,0.7814214961126269,0.6927316547805307,0.8023209064932925,0.6234826597401462,True,False,False,False,False,False,True,False,False,True,True,False,False
track_000278,Song 279,Artist E,31,144995,0,0.6388858733525031,0.8422568549718574,9,-8.841411098645377,0,0.0173994907271448,0.5575169562385874,0.0838191163177428,0.2102447151752703,0.709072745773873,101.71717125271772,3,0,2.4165833333333335,short,0,0.5972213808017617,happy_energetic,0.5381060063758277,-0.066419625590598,-0.28473989873327,0,0,moderate,0,0.40686868501087087,0.8526431483559104,0,0.7209532295647203,0.4830515497360397,0.7442328140361874,medium,2018,6,5,1,8,27.588785046728972,107,73,15.343213896081435,1,0.0,0.012048192771084338,0.030303030303030304,0.5381060063758277,0.4530165604541983,0.5447416624953937,0.5972213808017617,0.718144536547552,0.6045860183700051,True,False,False,False,True,False,False,True,False,False,True,False,False
track_000279,Song 280,Artist D,22,191425,0,0.9560691480533552,0.827046959196066,10,-8.524609792777955,1,0.0469164827238849,0.0750703355287186,0.0345256365067608,0.1892442921973643,0.5129940458250887,143.74554237588035,4,0,3.1904166666666667,medium,1,0.4242701656853269,neutral,0.7907140816787008,0.0123908462171241,-0.7519766236673474,0,1,fast,0,0.5749821695035214,0.8579231701203675,0,0.7844399607276884,0.23581226020019425,0.800726427185927,low,2017,12,5,1,9,29.21551724137931,116,73,15.869470846487799,1,0.0,0.00796812749003984,0.008888888888888889,0.7907140816787008,0.4904577803484364,0.8202338743522134,0.4242701656853269,0.7095427490718991,0.44010947804713313,False,True,False,False,False,True,False,False,True,False,False,False,False
track_000280,Song 281,Artist B,13,184200,0,0.4912555435578253,0.6537647843508589,10,-7.516466005664207,1,0.0638258990935193,0.1652681857976551,0.0282847857579907,0.1136832185670955,0.6137687965983355,195.8802665678305,4,0,3.07,medium,1,0.401260424949397,happy_energetic,0.32116557449524563,0.03554111333552859,-0.4884965985532038,0,0,very_fast,0,0.783521066271322,0.8747255665722632,0,0.5767622917078884,0.354108477993305,0.7956479053416279,low,2023,2,2,0,3,29.91919191919192,99,68,15.991500783213745,0,0.0,0.00796812749003984,0.008888888888888889,0.32116557449524563,0.3015173237917476,0.4297137836703839,0.401260424949397,0.5718647713962985,0.5368792583488552,True,False,False,False,False,True,False,False,False,True,False,False,False
track_000281,Song 282,Artist D,59,142785,1,0.5364505119801459,0.4343595337234825,8,-5.097684782331719,0,0.1220267888038297,0.1401147682757895,0.2292301150158652,0.2409300459848632,0.5814571254277933,75.7137500788224,4,0,2.37975,short,0,0.25256144588101276,neutral,0.23301239424941966,-0.10720332621203552,-0.294244765447693,0,0,slow,0,0.3028550003152896,0.915038586961138,0,0.5193252025374412,0.4001751848216091,0.5137581093722025,high,2017,6,6,1,9,29.21551724137931,116,73,15.869470846487799,1,0.02,0.012048192771084338,0.008888888888888889,0.23301239424941966,0.3119229726302436,0.4908729184568918,0.25256144588101276,0.39745573397143424,0.5320557064299332,False,True,False,False,True,False,False,False,False,False,False,True,False
track_000282,Song 283,Artist C,53,288509,0,0.7837057004212372,0.3479488517517773,6,-12.482695034650703,0,0.3471140742959075,0.5050040708327036,0.0695854756310851,0.1620074734601571,0.2640382477441725,125.72088070156612,4,0,4.808483333333333,long,0,0.09187180512113613,sad_calm,0.2726894985728919,0.27752859866482243,0.1570552190809263,0,1,fast,1,0.5028835228062645,0.7919550827558216,0,0.49707841001727987,0.4768284471308,0.520946763479402,high,2023,2,3,0,3,26.333333333333332,87,80,15.76916823001983,1,0.0,0.012048192771084338,0.008888888888888889,0.2726894985728919,0.20692827988634288,0.62065971283331,0.09187180512113613,0.2755598616838719,0.20910643234293827,False,False,True,False,False,False,True,False,True,False,False,True,False
track_000283,Song 284,Artist A,10,287340,1,0.9635777865762184,0.7323503053953317,11,-3.2528442357961147,1,0.3252901917583947,0.4655578011923071,0.1550044330209462,0.4010097576070748,0.4583291225252212,76.19453131073632,4,0,4.789,long,0,0.33565747285292014,neutral,0.7056764862712513,0.1702857587374485,-0.26679250420302464,0,1,slow,0,0.3047781252429453,0.945785929403398,1,0.7426349430066532,0.4040167656158897,0.66962413554445,low,2016,2,0,0,10,30.35164835164835,91,75,18.436300922288936,1,0.02631578947368421,0.00796812749003984,0.008888888888888889,0.7056764862712513,0.44163576140627303,0.9113383124294578,0.33565747285292014,0.6926466142371862,0.4334812351201602,False,True,False,False,False,False,True,False,False,False,False,False,False
track_000284,Song 285,Artist B,26,159758,0,0.4650116283923452,0.5918806881069076,3,-14.132739491863784,0,0.0314730753551402,0.46715104056632,0.214722375671276,0.1644392421166686,0.5675750173411387,61.98830186390706,4,0,2.6626333333333334,short,1,0.3359366918161632,neutral,0.27523140259057494,-0.1832493003161358,-0.12472964754058763,0,0,slow,0,0.24795320745562824,0.7644543418022702,0,0.533841362991352,0.4795687149967973,0.5418136652097685,low,2016,2,4,0,10,29.91919191919192,99,68,15.991500783213745,0,0.0,0.012048192771084338,0.008888888888888889,0.27523140259057494,0.2639289830486165,0.35548015831307217,0.3359366918161632,0.45246576185224086,0.4338851863049323,False,True,False,False,True,False,False,False,False,False,False,False,False
track_000285,Song 286,Artist C,5,296806,0,0.778546554421129,0.7720345100063507,1,-10.237344261300972,0,0.0103720289115556,0.4733984600228944,0.0598079785962905,0.1896506594106674,0.3291410369179893,189.00070806342347,4,0,4.946766666666667,long,0,0.25410823915996206,sad_energetic,0.601064807659649,-0.0494359496847349,-0.29863604998345633,0,1,very_fast,0,0.7560028322536939,0.8293775956449837,0,0.6417712858457535,0.3564913420826493,0.8353938362273073,low,2016,11,6,1,10,26.333333333333332,87,80,15.76916823001983,1,0.0,0.012048192771084338,0.008888888888888889,0.601064807659649,0.25625162021109815,0.6457090694034824,0.25410823915996206,0.6403081256640203,0.2729822018271388,False,False,False,True,False,False,True,False,False,True,False,False,False
track_000286,Song 287,Artist D,5,240234,0,0.7069207306880745,0.7794597726312089,3,-10.374354783603176,0,0.1229502885631332,0.3677880121595545,0.1620575396447452,0.2766286355631973,0.4057626298262707,104.51437643234648,4,0,4.0039,long,0,0.3162756471866264,neutral,0.5510162720104146,-0.039107251081612004,-0.41167176047165444,0,1,moderate,0,0.41805750572938594,0.8270940869399471,0,0.6383350130124736,0.3350060620223403,0.7119202683521136,low,2020,3,6,1,6,29.21551724137931,116,73,15.869470846487799,1,0.0,0.012048192771084338,0.008888888888888889,0.5510162720104146,0.286842014762702,0.5846899562873732,0.3162756471866264,0.6446865689508285,0.3356038718305111,False,True,False,False,False,False,True,True,False,False,False,False,False
track_000287,Song 288,Artist A,3,211575,0,0.7131092481637681,0.678245486507726,2,-5.192888772149725,0,0.0603939723835291,0.6630555692592939,0.110467277213469,0.2712953279925366,0.6328630300725243,126.70851562953568,4,0,3.52625,medium,1,0.42923649372429284,happy_energetic,0.4836631289539936,-0.050073304829939894,-0.015189917248432105,0,1,fast,1,0.5068340625181428,0.9134518537975045,0,0.6785762542395823,0.5516074907731571,0.7118758874576674,low,2017,2,2,0,9,30.35164835164835,91,75,18.436300922288936,1,0.027777777777777776,0.012048192771084338,0.008888888888888889,0.4836631289539936,0.45130047956566194,0.6513909646953386,0.42923649372429284,0.6195445969802726,0.5780899080196532,True,False,False,False,False,True,False,False,True,False,False,False,False
track_000288,Song 289,Artist A,50,240906,1,0.963618378386076,0.7274833322274413,1,-5.793848059156062,1,0.0938319446458658,0.1746996093879876,0.0204922816342637,0.2564454492510164,0.4575861349045058,91.700144712271,4,0,4.0151,long,0,0.33288628620140537,neutral,0.701016308903906,0.07333966301160211,-0.5527837228394538,0,1,moderate,0,0.366800578849084,0.9034358656807323,0,0.7409681914940145,0.28891068455831437,0.6819790563182736,medium,2023,4,1,0,3,30.35164835164835,91,75,18.436300922288936,1,0.0,0.00796812749003984,0.008888888888888889,0.701016308903906,0.4409384092886321,0.8705674038630881,0.33288628620140537,0.6572345340192023,0.41339972591095253,False,True,False,False,False,False,True,True,False,False,True,False,False
track_000289,Song 290,Artist C,28,253241,1,0.8163132446674887,0.6825434274957406,4,-11.872398542915985,0,0.1942699207137241,0.2237601377930674,0.0905678483517316,0.1187903475783386,0.2819944725462153,156.31479761661927,4,0,4.220683333333334,long,0,0.1924734738265473,sad_energetic,0.5571692399255168,0.1037020723619925,-0.45878328970267324,0,1,very_fast,0,0.625259190466477,0.8021266909514002,0,0.6158866678795822,0.2693393686323694,0.7361692483630793,low,2018,9,1,0,8,26.333333333333332,87,80,15.76916823001983,1,0.04081632653061224,0.012048192771084338,0.008888888888888889,0.5571692399255168,0.23019582286249807,0.6547866417249334,0.1924734738265473,0.5474863009277854,0.22619529313008113,False,False,False,True,False,False,True,False,False,True,False,False,False
track_000290,Song 291,Artist E,48,145372,1,0.8866195199784488,0.8192178404530921,0,-14.161298257344628,0,0.1192087335577938,0.5044930265597255,0.0287157989564886,0.3393152404479149,0.8060325831316212,157.38970548235713,4,0,2.4228666666666667,short,0,0.6603162720879141,happy_energetic,0.726334528460302,0.0904929346013052,-0.3147248138933666,0,1,very_fast,0,0.6295588219294285,0.7639783623775895,0,0.8422229350667936,0.49784163342744897,0.7984891509255997,medium,2015,6,2,0,11,27.588785046728972,107,73,15.343213896081435,1,0.0,0.012048192771084338,0.008888888888888889,0.726334528460302,0.7146442219431471,0.6773581289251398,0.6603162720879141,0.6258647041798587,0.6157914528838743,True,False,False,False,True,False,False,False,False,True,True,False,False
track_000291,Song 292,Artist A,21,122352,0,0.8156766346883312,0.697422271284368,1,-14.5425810577381,0,0.0611439167483329,0.3173303802877205,0.0945045750831958,0.186501744899622,0.6702157500026478,143.44422253297216,4,0,2.0392,short,0,0.46742339061740273,happy_energetic,0.5688710511979256,-0.0333606583348629,-0.3800918909966475,0,1,fast,0,0.5737768901318886,0.7576236490376983,0,0.7365620602614372,0.41877019573057217,0.7154021992491819,low,2018,1,5,1,8,30.35164835164835,91,75,18.436300922288936,1,0.0,0.012048192771084338,0.008888888888888889,0.5688710511979256,0.5466793274772757,0.617975908407363,0.46742339061740273,0.5283836060906224,0.5077713021595438,True,False,False,False,True,False,False,False,True,False,False,False,False
track_000292,Song 293,Artist E,9,250544,0,0.8205154639321315,0.5188943419194526,1,-8.101566058103149,0,0.1947738133801075,0.4316538654150713,0.2386114797914359,0.3965458039192347,0.3495835824138959,150.4332143556863,5,0,4.1757333333333335,long,0,0.18139694294250325,neutral,0.42576083169179774,-0.04383766641132841,-0.08724047650438133,0,1,very_fast,0,0.6017328574227452,0.8649738990316143,0,0.5887495628728572,0.42186831831436156,0.6580917722995786,low,2015,8,1,0,11,27.588785046728972,107,73,15.343213896081435,1,0.0,0.012048192771084338,0.0,0.42576083169179774,0.28683873530739434,0.7097244600531096,0.18139694294250325,0.4488300621155125,0.3023806743179872,False,True,False,False,False,False,True,False,False,True,False,False,False
track_000293,Song 294,Artist D,30,201532,0,0.8345468468585138,0.8544165784771138,4,-10.60207705006604,1,0.2037649402648906,0.4754700679502412,0.0453620719589572,0.092392377010198,0.3739162941953696,111.16320785145832,4,0,3.3588666666666667,medium,1,0.3194802807232496,sad_energetic,0.7130506614717153,0.1584028683059334,-0.3789465105268726,0,1,moderate,1,0.4446528314058333,0.8232987158322326,0,0.7023186005451505,0.34603794189557324,0.7586128441821909,low,2019,12,3,0,7,29.21551724137931,116,73,15.869470846487799,1,0.04081632653061224,0.00796812749003984,0.008888888888888889,0.7130506614717153,0.3120506643097661,0.6870813473204532,0.3194802807232496,0.7034400718459778,0.30784480483979504,False,False,False,True,False,True,False,True,False,False,False,False,False
track_000294,Song 295,Artist D,20,197988,0,0.806300218045994,0.8232605011187095,1,-5.379030997850871,1,0.120361927967798,0.2755314051613975,0.2462910369509178,0.2755327980856355,0.5855026587068398,64.13587560560906,4,0,3.2998,medium,1,0.4820212122133297,neutral,0.6637951215606698,-0.12592910898311982,-0.547729095957312,0,1,slow,0,0.25654350242243623,0.9103494833691522,0,0.7451490351660625,0.3388852093409981,0.6899039606415988,low,2018,7,0,0,8,29.21551724137931,116,73,15.869470846487799,1,0.0,0.00796812749003984,0.008888888888888889,0.6637951215606698,0.47209092138183417,0.7340149869386055,0.4820212122133297,0.7494547718716466,0.5330120428650367,False,True,False,False,False,True,False,False,False,False,False,False,False
track_000295,Song 296,Artist E,73,252212,0,0.837908276732319,0.6299749628220798,8,-5.683160135734763,1,0.1773908698409104,0.2215718560998294,0.2543612820867734,0.1094049537783869,0.1212891559885475,114.19827125596076,4,1,4.203533333333334,long,0,0.07640913153460664,sad_energetic,0.5278612354827557,-0.07697041224586298,-0.40840310672225033,0,1,moderate,1,0.456793085023843,0.9052806644044206,0,0.5605425463361159,0.2360230003898721,0.6673410211758651,viral,2022,10,6,1,4,27.588785046728972,107,73,15.343213896081435,1,0.02,0.00796812749003984,0.008888888888888889,0.5278612354827557,0.10162918768068127,0.7585421614701969,0.07640913153460664,0.5703041529017225,0.10980072771836369,False,False,False,True,False,False,True,True,False,False,False,False,True
track_000296,Song 297,Artist E,37,186093,1,0.848610772927578,0.4814297692594498,5,-4.710176955165357,1,0.0439209922902519,0.3518628163322812,0.0890739568425011,0.1700537099703023,0.5952789970812847,105.47184815325048,4,0,3.10155,medium,1,0.2865850302098396,neutral,0.40854648860160725,-0.04515296455224921,-0.12956695292716858,0,1,moderate,0,0.4218873926130019,0.921497050747244,1,0.6624569390732516,0.47489989487946294,0.5832220670090494,medium,2022,3,6,1,4,27.588785046728972,107,73,15.343213896081435,1,0.0,0.00796812749003984,0.008888888888888889,0.40854648860160725,0.5051601698207026,0.7819923244851023,0.2865850302098396,0.4436361125145092,0.5485478401821812,False,True,False,False,False,True,False,True,False,False,True,False,False
track_000297,Song 298,Artist C,27,198518,0,0.6044712013911487,0.6762531093166566,4,-4.026663815325499,0,0.0477508916929608,0.3367312113313589,0.0709815376355308,0.1712395606619294,0.3667216822448975,151.546160491696,4,0,3.3086333333333333,medium,1,0.24799667787194687,sad_energetic,0.4087755294331393,-0.02323064594257001,-0.3395218979852977,0,0,very_fast,0,0.606184641966784,0.9328889364112417,1,0.5546809180249257,0.3418330564110158,0.7520235826781207,low,2021,1,3,0,5,26.333333333333332,87,80,15.76916823001983,1,0.04081632653061224,0.012048192771084338,0.008888888888888889,0.4087755294331393,0.22167269584275628,0.5639044961570142,0.24799667787194687,0.6308690438952109,0.34211060010838373,False,False,False,True,False,True,False,False,False,True,False,False,False
track_000298,Song 299,Artist A,17,224946,0,0.3824884161995387,0.615319194367601,2,-11.404888132977412,0,0.2140950776754159,0.2698755190167036,0.0813473324211989,0.3912831961560443,0.2778102333800135,155.36929609501684,4,0,3.7491,medium,1,0.1709419689904651,sad_energetic,0.23535246411083982,0.132747745254217,-0.3454436753508974,0,0,very_fast,0,0.6214771843800674,0.8099185311170432,0,0.4209341948040998,0.3066975193104052,0.7026972475497344,low,2017,5,1,0,9,30.35164835164835,91,75,18.436300922288936,1,0.027777777777777776,0.012048192771084338,0.008888888888888889,0.23535246411083982,0.10625919616954559,0.30978445621761463,0.1709419689904651,0.49835841807032977,0.22500365614842346,False,False,False,True,False,True,False,False,False,True,False,False,False
track_000299,Song 300,Artist C,8,270575,0,0.8090031453989592,0.4049012123849966,3,-7.40365313510709,0,0.0065732320642367,0.3681480560334361,0.1270007661722279,0.0790511924992101,0.6511026483949894,142.47662303723314,4,0,4.5095833333333335,long,0,0.2636322517222134,happy_calm,0.3275663543953143,-0.12042753410799122,-0.03675315635156051,0,1,fast,0,0.5699064921489325,0.8766057810815485,0,0.6404024163935795,0.5211196532163722,0.5914866969646577,low,2015,4,6,1,11,26.333333333333332,87,80,15.76916823001983,1,0.0,0.012048192771084338,0.008888888888888889,0.3275663543953143,0.5267440905291391,0.7091768341698842,0.2636322517222134,0.35493874354361593,0.5707603456605546,False,False,False,False,False,False,True,False,True,False,False,False,False
track_000300,Song 301,Artist E,30,210102,1,0.7566177136742742,0.5049929828551689,2,-7.400253906760673,1,0.0465575657532846,0.3432353932643258,0.0022150294354902,0.1843476080024493,0.6282018250561164,199.09021845539917,4,0,3.5017,medium,1,0.3172375134701492,happy_calm,0.3820866361094299,0.0443425363177944,-0.16175758959084313,0,1,very_fast,0,0.7963608738215967,0.8766624348873221,0,0.6426055278430953,0.4742568099660146,0.7264643060881476,low,2015,10,4,0,11,27.588785046728972,107,73,15.343213896081435,1,0.027777777777777776,0.00796812749003984,0.008888888888888889,0.3820866361094299,0.4753086285999652,0.663298327148568,0.3172375134701492,0.4427083779508241,0.5507209415543546,False,False,False,False,False,True,False,False,False,True,False,False,False
track_000301,Song 302,Artist C,53,263016,1,0.3381627981766619,0.8705589559976014,9,-11.544256704809996,1,0.1516370715823792,0.0571304895826824,0.1987549060018933,0.1686679432027702,0.5009539520902073,137.49432395000565,4,0,4.3836,long,0,0.4361099495345233,neutral,0.29439065253790236,-0.04711783441951409,-0.813428466414919,0,0,fast,0,0.5499772958000226,0.8075957215865001,0,0.5467189916970073,0.21197069466085475,0.8030401082411092,high,2025,8,0,0,1,26.333333333333332,87,80,15.76916823001983,1,0.0,0.00796812749003984,0.008888888888888889,0.29439065253790236,0.16940399019648192,0.27309882900719123,0.4361099495345233,0.703059688252473,0.40456826841989996,False,True,False,False,False,False,True,False,True,False,False,True,False
track_000302,Song 303,Artist C,13,283864,0,0.933908852406597,0.8322602778648315,5,-9.907244487017572,0,0.0075221135239008,0.6772142656077721,0.1158712849961743,0.0572056780407692,0.3780806994665484,92.7872195863538,4,0,4.731066666666667,long,0,0.3146615479933594,sad_energetic,0.7772552410043403,-0.1083491714722735,-0.15504601225705938,0,1,moderate,0,0.3711488783454152,0.8348792585497071,0,0.7366658341620528,0.43463183272362393,0.7222868200218878,low,2017,1,0,0,9,26.333333333333332,87,80,15.76916823001983,1,0.0,0.012048192771084338,0.008888888888888889,0.7772552410043403,0.35309291215588773,0.7797011302502276,0.3146615479933594,0.6948368437041638,0.31565173404258656,False,False,False,True,False,False,True,True,False,False,False,False,False
track_000303,Song 304,Artist E,28,266110,1,0.9133695960684084,0.7061523165451433,4,-8.937282266379913,0,0.0382553647643606,0.3790663667386276,0.0564755919401511,0.1870520801811697,0.5319960852129995,106.28411339580026,4,0,4.4351666666666665,long,0,0.37567026796610703,neutral,0.6449780561256084,-0.0182202271757905,-0.32708594980651573,0,1,moderate,0,0.42513645358320107,0.8510452955603348,0,0.7367923589548062,0.3993796772958079,0.682711387478339,low,2020,10,6,1,6,27.588785046728972,107,73,15.343213896081435,1,0.04081632653061224,0.012048192771084338,0.008888888888888889,0.6449780561256084,0.4859090494609719,0.7773188978418623,0.37567026796610703,0.6009676069447766,0.4527527655770382,False,True,False,False,False,False,True,True,False,False,False,False,False
track_000304,Song 305,Artist D,17,152955,0,0.5917197495238579,0.8840905761882275,11,-10.96307343380077,0,0.0270366087455947,0.3881367097222021,0.1003906351135093,0.1182240201218576,0.3803771790250858,175.23225406096327,3,0,2.54925,short,1,0.33628787937314064,sad_energetic,0.5231338542985011,-0.0733540263679146,-0.4959538664660254,0,0,very_fast,0,0.7009290162438531,0.8172821094366538,0,0.6160282263735372,0.30414066473993834,0.8683500910728895,low,2021,1,2,0,5,29.21551724137931,116,73,15.869470846487799,1,0.02631578947368421,0.012048192771084338,0.030303030303030304,0.5231338542985011,0.2250766890973154,0.48360196508618697,0.33628787937314064,0.7225514110401813,0.31087546325518584,False,False,False,True,True,False,False,False,False,True,False,False,False
track_000305,Song 306,Artist C,25,231041,0,0.9596404444326851,0.5825902942858665,10,-14.505383448579606,0,0.1029293513371018,0.3045624313430021,0.2412536123891229,0.0844538003632827,0.376327028233218,182.3745314492695,4,0,3.8506833333333335,medium,1,0.21924447412611608,neutral,0.5590772089306577,-0.1383242610520211,-0.2780278629428644,0,1,very_fast,0,0.7294981257970781,0.7582436091903398,0,0.6715313745287994,0.35994599272140626,0.7165056661549055,low,2020,12,6,1,6,26.333333333333332,87,80,15.76916823001983,1,0.0,0.012048192771084338,0.008888888888888889,0.5590772089306577,0.36113863662575696,0.7276412341116609,0.21924447412611608,0.4417453674185776,0.28534756412343015,False,True,False,False,False,True,False,False,False,True,False,False,False
track_000306,Song 307,Artist B,47,221084,0,0.8814691491785113,0.682873867224394,9,-9.991354467593442,1,0.0337806240925798,0.2989694242177937,0.0388513280849846,0.2984746383506593,0.3047290453635611,141.1946772749155,4,0,3.6847333333333334,medium,1,0.20809150166301277,sad_energetic,0.6019322467385263,-0.0050707039924048,-0.3839044430066003,0,1,fast,0,0.564778709099662,0.8334774255401094,0,0.648868533447791,0.3061443231288676,0.7199244346325921,medium,2020,4,2,0,6,29.91919191919192,99,68,15.991500783213745,0,0.0,0.00796812749003984,0.008888888888888889,0.6019322467385263,0.26860925234659816,0.7346846371503362,0.20809150166301277,0.5691599528228064,0.2539847802169161,False,False,False,True,False,True,False,False,True,False,True,False,False
track_000307,Song 308,Artist A,27,244184,1,0.6628958677401909,0.5307482089260599,8,-13.295260686683251,1,0.189246449508509,0.1827346518216439,0.0989871318391366,0.065317948865613,0.2674764380184724,68.06006114239159,4,0,4.069733333333334,long,0,0.14196264040822648,neutral,0.35183079450759264,0.0902593176693724,-0.348013557104416,0,0,slow,0,0.27224024456956636,0.7784123218886125,0,0.504625741179436,0.2941123294563813,0.5231466605543399,low,2020,8,6,1,6,30.35164835164835,91,75,18.436300922288936,1,0.02,0.00796812749003984,0.008888888888888889,0.35183079450759264,0.17730902548031063,0.5160063115780086,0.14196264040822648,0.41314094564835674,0.20820695516845464,False,True,False,False,False,False,True,False,False,False,False,False,False
track_000308,Song 309,Artist B,39,282993,0,0.7678378704286408,0.5421914486736206,5,-8.961259855366588,0,0.0148703581097416,0.1796692438957928,0.0051020718508032,0.3255336035614973,0.2724393540976414,192.85682817674345,4,0,4.71655,long,0,0.1477142880739057,neutral,0.41631512731417253,0.0097682862589384,-0.36252220477782776,0,1,very_fast,0,0.7714273127069738,0.8506456690772235,0,0.551524389002835,0.29094206918552334,0.7305101004173702,medium,2017,5,4,0,9,29.91919191919192,99,68,15.991500783213745,0,0.0,0.012048192771084338,0.008888888888888889,0.41631512731417253,0.2091892534712874,0.6531579590336016,0.1477142880739057,0.46121280762492106,0.23174935664935478,False,True,False,False,False,False,True,False,False,True,True,False,False
track_000309,Song 310,Artist D,37,263309,0,0.9171225777907231,0.4864448026335446,0,-3.3242714349563407,0,0.147724059751292,0.2056851950183342,0.0359365109478151,0.0469612324791133,0.7767998701432759,108.45553819317612,4,0,4.388483333333333,long,0,0.37787025951760894,happy_calm,0.446129511344176,0.11178754880347688,-0.2807596076152104,0,1,moderate,0,0.4338221527727045,0.9445954760840609,1,0.7458224329493355,0.469380598260253,0.5948248038233487,medium,2020,2,5,1,6,29.21551724137931,116,73,15.869470846487799,1,0.0,0.012048192771084338,0.008888888888888889,0.446129511344176,0.7124206993333002,0.8663098379956693,0.37787025951760894,0.4594935599322501,0.7337616431600243,False,False,False,False,False,False,True,True,False,False,True,False,False
track_000310,Song 311,Artist C,31,282969,0,0.9402071879352656,0.7230431553752179,3,-10.86686344539374,1,0.3509426031150103,0.3732868490084938,0.0095874949342705,0.0346428677876336,0.4878821232240619,83.5499043267894,4,0,4.71615,long,0,0.3527598298270866,neutral,0.679810371871175,0.3413551081807398,-0.3497563063667241,0,1,slow,0,0.33419961730715764,0.8188856092434377,0,0.7393604587538902,0.37876642995805065,0.6506235560264806,medium,2022,6,0,0,4,26.333333333333332,87,80,15.76916823001983,1,0.0,0.00796812749003984,0.008888888888888889,0.679810371871175,0.4587102791203819,0.7699221359074293,0.3527598298270866,0.5920896347987329,0.39951964971531784,False,True,False,False,False,False,True,False,False,False,True,False,False
track_000311,Song 312,Artist A,9,152402,0,0.7042305578889401,0.7441666579245846,2,-8.711547961588957,1,0.087657077911595,0.4301666384521578,0.230227067242038,0.0722182852167248,0.3701983879235407,134.70471415712333,4,0,2.540033333333333,short,1,0.2754892971101302,sad_energetic,0.5240649006725783,-0.14256998933044301,-0.3140000194724268,0,1,fast,0,0.5388188566284934,0.8548075339735174,0,0.6160017369100136,0.35987617438055,0.7451019069926808,low,2025,5,6,1,1,30.35164835164835,91,75,18.436300922288936,1,0.027777777777777776,0.00796812749003984,0.008888888888888889,0.5240649006725783,0.2607050172569813,0.6019815865378393,0.2754892971101302,0.6361192657258282,0.3164483710618934,False,False,False,True,True,False,False,False,True,False,False,False,False
track_000312,Song 313,Artist D,28,299767,0,0.760020127666163,0.4623727874889351,3,-14.683832013672989,0,0.0666943832537764,0.2500402861629541,0.1463006939301294,0.0992362817068127,0.5025280032440228,181.4580202423754,3,0,4.9961166666666665,long,0,0.23235527365118747,neutral,0.3514126249767001,-0.079606310676353,-0.21233250132598103,0,1,very_fast,0,0.7258320809695016,0.7552694664387835,0,0.5934782882863526,0.4120626791917079,0.6544273173957873,low,2025,2,4,0,1,29.21551724137931,116,73,15.869470846487799,1,0.0,0.012048192771084338,0.030303030303030304,0.3514126249767001,0.38193139718134417,0.574019996305159,0.23235527365118747,0.34921604850258103,0.37954405688066034,False,True,False,False,False,False,True,False,False,True,False,False,False
track_000313,Song 314,Artist B,33,143478,1,0.7909761297094678,0.4971876501331515,6,-9.251511291904636,1,0.2316241632836505,0.2088923459215792,0.083714863197185,0.2817200410569875,0.2040060026930696,191.73246705789165,4,0,2.3913,short,0,0.10142926509202466,neutral,0.39326356324166517,0.14790930008646552,-0.28829530421157235,0,1,very_fast,0,0.7669298682315666,0.8458081451349228,0,0.5267485477316536,0.2956024441366071,0.7053541546803979,medium,2016,11,2,0,10,29.91919191919192,99,68,15.991500783213745,0,0.0,0.00796812749003984,0.008888888888888889,0.39326356324166517,0.16136387844766345,0.669014053115565,0.10142926509202466,0.4205253641431118,0.17254993873421526,False,True,False,False,True,False,False,False,False,True,True,False,False
track_000314,Song 315,Artist E,22,213635,0,0.7176171892369293,0.7691856814584628,1,-10.748811344068493,0,0.0193233827486949,0.200031046910188,0.0017452954605796,0.0657400276684348,0.3831787807012404,149.54639744432984,4,0,3.560583333333333,medium,1,0.2947356315541065,sad_energetic,0.5519808667295141,0.0175780872881153,-0.5691546345482748,0,1,fast,0,0.5981855897773194,0.8208531442655251,0,0.6327562143426826,0.2642103485369085,0.7730830657488312,low,2019,11,2,0,7,27.588785046728972,107,73,15.343213896081435,1,0.0,0.012048192771084338,0.008888888888888889,0.5519808667295141,0.2749756795820579,0.5890583261641218,0.2947356315541065,0.6313884851491998,0.3145335069544433,False,False,False,True,False,True,False,False,True,False,False,False,False
track_000315,Song 316,Artist E,51,186914,0,0.8958933145672162,0.8133115412279266,5,-6.02017438653011,1,0.1232607157408168,0.385496800552643,0.157238764599555,0.1534035745655128,0.5293185598804099,67.78101421271094,4,0,3.1152333333333333,medium,1,0.4305008937368827,neutral,0.7286403724464583,-0.03397804885873819,-0.4278147406752836,0,1,slow,0,0.2711240568508438,0.8996637602244982,0,0.7611463561593874,0.36900082581680216,0.6882600439779294,high,2015,11,0,0,11,27.588785046728972,107,73,15.343213896081435,1,0.0,0.00796812749003984,0.008888888888888889,0.7286403724464583,0.47421295907320593,0.806002748143531,0.4305008937368827,0.7317069194150985,0.4762087259386258,False,True,False,False,False,True,False,False,False,False,False,True,False
track_000316,Song 317,Artist D,28,231715,0,0.7200364620476054,0.7451828024314884,8,-5.82457519183658,0,0.0908580045614372,0.3639157244279368,0.1680102456018372,0.2659506305182982,0.8509045051870714,183.48674604107785,4,0,3.8619166666666667,medium,1,0.6340794037768808,happy_energetic,0.5365587886414886,-0.0771522410404,-0.3812670780035516,0,1,very_fast,0,0.7339469841643114,0.9029237468027237,0,0.7668407771046102,0.4772828005978496,0.8284062696379058,low,2015,3,3,0,11,29.21551724137931,116,73,15.869470846487799,1,0.02,0.012048192771084338,0.008888888888888889,0.5365587886414886,0.6126822694552672,0.650138020146601,0.6340794037768808,0.6728432480243933,0.7683018839948281,True,False,False,False,False,True,False,False,False,True,False,False,False
track_000317,Song 318,Artist C,21,177505,0,0.5743275334801395,0.6292345433746623,0,-12.821904460542054,0,0.0845816859429212,0.2001514165770334,0.0172703059680114,0.198579437042857,0.6366525157177234,64.5444198467187,4,0,2.9584166666666665,short,1,0.40060375501597173,happy_energetic,0.3613867232768717,0.0673113799749098,-0.42908312679762894,0,0,slow,0,0.2581776793868748,0.7863015923242991,0,0.6094971311197716,0.3822859583337317,0.5686942199222691,low,2019,9,6,1,7,26.333333333333332,87,80,15.76916823001983,1,0.0,0.012048192771084338,0.008888888888888889,0.3613867232768717,0.36564706903608585,0.45159465409112093,0.40060375501597173,0.4947681234009502,0.5006008868661168,True,False,False,False,True,False,False,False,False,False,False,False,False
track_000318,Song 319,Artist D,25,167591,0,0.7353702681297967,0.911529472494043,6,-11.553449146471662,1,0.0180978969359392,0.5685914877427378,0.0314482489063987,0.1408462724550604,0.4640016913592897,80.34430388712764,4,0,2.7931833333333334,short,1,0.4229512169610771,neutral,0.6703116725961565,-0.013350351970459497,-0.3429379847513052,0,1,slow,0,0.32137721554851056,0.8074425142254723,0,0.7068074564079185,0.3931782607566692,0.7377696949228074,low,2017,7,1,0,9,29.21551724137931,116,73,15.869470846487799,1,0.0,0.00796812749003984,0.008888888888888889,0.6703116725961565,0.34121304818756004,0.5937692181853828,0.4229512169610771,0.7360076490612086,0.3746546922760165,False,True,False,False,True,False,False,False,False,False,False,False,False
track_000319,Song 320,Artist E,11,182507,1,0.5540432726075707,0.4325775270348606,7,-14.050448526303796,1,0.100529337824286,0.1351694896027314,0.0857193944675743,0.068663130615262,0.7376056808995388,148.3091626346905,4,0,3.0417833333333335,medium,1,0.319071641370387,happy_calm,0.23966666873488404,0.014809943356711694,-0.2974080374321292,0,0,fast,0,0.593236650538762,0.7658258578949367,0,0.5726722714233481,0.445576242000496,0.5919176790484534,low,2018,7,2,0,8,27.588785046728972,107,73,15.343213896081435,1,0.0,0.00796812749003984,0.008888888888888889,0.23966666873488404,0.408665465339516,0.4243006645556111,0.319071641370387,0.3312790557475423,0.5648775033630683,False,False,False,False,False,True,False,False,True,False,False,False,False
track_000320,Song 321,Artist B,25,287093,1,0.96810993241185,0.4043137631625467,5,-6.984759065423216,0,0.1645461096272043,0.3296019803074114,0.0086748412455234,0.3745992529807373,0.5024383540391191,108.81839351801698,4,0,4.784883333333333,long,0,0.20314274167875218,neutral,0.3914201699284738,0.15587126838168092,-0.0747117828551353,0,1,moderate,0,0.4352735740720679,0.883587348909613,0,0.6592696081252397,0.46127816938593624,0.5421019416402214,low,2017,11,5,1,9,29.91919191919192,99,68,15.991500783213745,0,0.0,0.012048192771084338,0.008888888888888889,0.3914201699284738,0.4864155609699327,0.8554096886328512,0.20314274167875218,0.35724652612046376,0.4439481732359348,False,True,False,False,False,False,True,True,False,False,False,False,False
track_000321,Song 322,Artist A,6,139611,1,0.8219072943209715,0.7905646141812513,1,-5.680909248200145,0,0.117066528055733,0.5530774021456556,0.0107164644069337,0.2767894173298519,0.2919484780526374,95.75995934645266,4,0,2.32685,short,0,0.23080413591248683,sad_energetic,0.649770823027615,0.1063500636487993,-0.23748721203559575,0,1,moderate,0,0.38303983738581066,0.9053181791966642,0,0.6535168453985553,0.3716461200196781,0.7199858819496375,low,2015,6,5,1,11,30.35164835164835,91,75,18.436300922288936,1,0.0,0.012048192771084338,0.008888888888888889,0.649770823027615,0.23995458367736874,0.7440876151631187,0.23080413591248683,0.7157125170478839,0.264306264569851,False,False,False,True,True,False,False,True,False,False,False,False,False
track_000322,Song 323,Artist D,23,201029,0,0.6726955750052503,0.8305291729342494,2,-8.399535108016753,1,0.1418441654399457,0.6182371703451811,0.153217523462003,0.36180431210826,0.545933348135037,130.91016814516956,4,0,3.3504833333333335,medium,1,0.45341357210381794,neutral,0.55869329954564,-0.0113733580220573,-0.21229200258906833,0,0,fast,0,0.5236406725806783,0.8600077481997208,0,0.682016986322886,0.46191612069830873,0.7836313883248233,low,2015,8,2,0,11,29.21551724137931,116,73,15.869470846487799,1,0.027777777777777776,0.00796812749003984,0.008888888888888889,0.55869329954564,0.3672469475382402,0.5785234066841818,0.45341357210381794,0.7142615238293604,0.46950690939674744,False,True,False,False,False,True,False,False,True,False,False,False,False
track_000323,Song 324,Artist A,29,284559,1,0.5118557753137962,0.6021734799952477,4,-12.028573353613131,0,0.1039299538359451,0.121269426455607,0.0355913704115343,0.4897234654069982,0.4881776760512111,142.42632489910133,4,0,4.74265,long,0,0.2939676500437505,neutral,0.30822597347637426,0.06833858342441079,-0.4809040535396407,0,0,fast,0,0.5697052995964054,0.7995237774397811,0,0.5318476569394561,0.3143090293990318,0.6746309828342321,low,2019,4,3,0,7,30.35164835164835,91,75,18.436300922288936,1,0.04081632653061224,0.012048192771084338,0.008888888888888889,0.30822597347637426,0.2498765628660799,0.4092408629832542,0.2939676500437505,0.48145201539985893,0.39030965961823805,False,True,False,False,False,False,True,False,True,False,False,False,False
track_000324,Song 325,Artist D,7,296743,1,0.6140660240813617,0.8517889404709325,11,-12.570453796334023,0,0.0264240573827619,0.6457873795174868,0.0637897469378403,0.0099957015805279,0.3565926510550685,101.54044322106571,4,0,4.945716666666667,long,0,0.30374167642191774,sad_energetic,0.5230546480314612,-0.0373656895550784,-0.20600156095344568,0,0,moderate,0,0.40616177288426286,0.7904924367277663,0,0.6081408870903449,0.4097560649822355,0.736303622412618,low,2020,8,3,0,6,29.21551724137931,116,73,15.869470846487799,1,0.02631578947368421,0.012048192771084338,0.008888888888888889,0.5230546480314612,0.2189714314500183,0.4854145476878068,0.30374167642191774,0.6733327151306296,0.28188379365173516,False,False,False,True,False,False,True,True,False,False,False,False,False
track_000325,Song 326,Artist B,38,232217,0,0.78310732978539,0.5549442937761252,8,-11.267499539316193,1,0.181416326781309,0.199877743731061,0.0071036592798735,0.352701842437615,0.5190300206713426,84.29849521019464,4,0,3.8702833333333335,medium,1,0.2880327482700659,neutral,0.43458094407866044,0.1743126675014355,-0.3550665500450642,0,1,slow,0,0.33719398084077856,0.8122083410113968,0,0.6354352262483964,0.36917681556098964,0.5663615579056339,medium,2017,4,4,0,9,29.91919191919192,99,68,15.991500783213745,0,0.02,0.00796812749003984,0.008888888888888889,0.43458094407866044,0.4064562135663909,0.6360463051588564,0.2880327482700659,0.45073038420164785,0.4215605120245822,False,True,False,False,False,True,False,False,False,False,True,False,False
track_000326,Song 327,Artist D,66,197240,0,0.8244103179410345,0.6650109185427291,9,-3.749688158885004,1,0.0599253643148979,0.4903798029245834,0.3326565507758407,0.0374960666656471,0.3318805414257381,165.71129269703513,4,0,3.287333333333333,medium,1,0.22070418369998834,sad_energetic,0.5482418627900707,-0.2727311864609428,-0.1746311156181457,0,1,very_fast,0,0.6628451707881405,0.9375051973519165,1,0.628831565166954,0.3962128080347361,0.7685734377873006,high,2023,8,5,1,3,29.21551724137931,116,73,15.869470846487799,1,0.0,0.00796812749003984,0.008888888888888889,0.5482418627900707,0.2736057426752354,0.7728889578202658,0.22070418369998834,0.6234511924295805,0.3111397324865975,False,False,False,True,False,True,False,False,False,True,False,True,False
track_000327,Song 328,Artist E,17,127006,0,0.8055356740278987,0.3687229085585877,9,-7.302115571228546,0,0.0995555181670889,0.208448967989342,0.1514997319628127,0.1135861114089245,0.3606487599948995,128.50062205052674,4,0,2.1167666666666665,short,0,0.13297945975336736,sad_calm,0.2970194566752692,-0.051944213795723795,-0.16027394056924568,0,1,fast,1,0.5140024882021069,0.8782980738128575,0,0.5410257701772057,0.38095734262663034,0.5527720021176554,low,2019,9,4,0,7,27.588785046728972,107,73,15.343213896081435,1,0.0,0.012048192771084338,0.008888888888888889,0.2970194566752692,0.2905154419698172,0.7075004308862454,0.13297945975336736,0.32384862035768197,0.3167571112265158,False,False,True,False,True,False,False,False,True,False,False,False,False
track_000328,Song 329,Artist A,21,210270,0,0.7719748066582861,0.9366484197654708,5,-8.106858203962265,1,0.0671585179034644,0.1714998192794329,0.1002126024044068,0.2812429133556418,0.5896627352683872,98.07511508893155,4,0,3.5045,medium,1,0.55230666918372,neutral,0.7230689827552385,-0.033054084500942396,-0.7651486004860378,0,1,moderate,0,0.3923004603557262,0.864885696600629,0,0.7666832691734717,0.2645042223626481,0.7884140218362585,low,2022,3,5,1,4,30.35164835164835,91,75,18.436300922288936,1,0.0,0.00796812749003984,0.008888888888888889,0.7230689827552385,0.45520477605240933,0.6676699684147877,0.55230666918372,0.8100938209987375,0.5099908655520313,False,True,False,False,False,True,False,True,False,False,False,False,False
track_000329,Song 330,Artist A,27,278117,0,0.808169261137945,0.7590735473352418,11,-10.580846521537042,1,0.0389741682930437,0.3328442456265503,0.0784730327260886,0.3892439173310929,0.5243039126432052,89.596025838526,4,0,4.635283333333334,long,0,0.3979852308518245,neutral,0.6134599078992813,-0.03949886443304491,-0.4262293017086915,0,1,slow,0,0.35838410335410403,0.8236525579743826,0,0.7082809424487121,0.3627068078430091,0.6786613240202863,low,2015,3,6,1,11,30.35164835164835,91,75,18.436300922288936,1,0.02631578947368421,0.00796812749003984,0.008888888888888889,0.6134599078992813,0.4237263056925928,0.6656506792125352,0.3979852308518245,0.6252128689533605,0.43184425880455324,False,True,False,False,False,False,True,False,False,False,False,False,False
track_000330,Song 331,Artist E,20,151433,1,0.6680466003260904,0.7865535134483019,2,-7.391075265497213,1,0.02610695384458,0.2945380531783335,0.3732309919353666,0.0870206504658599,0.7885771194755589,176.97497017754336,4,0,2.5238833333333335,short,1,0.6202581039484422,happy_energetic,0.52545440063368,-0.34712403809078657,-0.49201546026996845,0,0,very_fast,0,0.7078998807101734,0.8768154122417131,0,0.7397578300075944,0.41842230307951045,0.8341022944388087,low,2019,11,6,1,7,27.588785046728972,107,73,15.343213896081435,1,0.027777777777777776,0.00796812749003984,0.008888888888888889,0.52545440063368,0.5268062637605884,0.5857535552615959,0.6202581039484422,0.6896622431443407,0.6914365720973448,True,False,False,False,True,False,False,False,False,True,False,False,False
track_000331,Song 332,Artist E,26,167153,0,0.8400214073361408,0.9312416298174556,1,-11.92818055451066,1,0.1323741403144825,0.7461493459030948,0.1193799850244634,0.2527081373144296,0.4852663405000226,68.63524147543336,4,0,2.7858833333333335,short,1,0.45190021782279344,neutral,0.7822629044492606,0.0129941552900191,-0.18509228391436083,0,1,slow,0,0.27454096590173344,0.8011969907581556,0,0.7609609540296998,0.46466715156600796,0.728813075273509,low,2017,2,1,0,9,27.588785046728972,107,73,15.343213896081435,1,0.0,0.00796812749003984,0.008888888888888889,0.7822629044492606,0.4076341142796879,0.6730226237301469,0.45190021782279344,0.7461079914784657,0.3887939317248406,False,True,False,False,True,False,False,False,False,False,False,False,False
track_000332,Song 333,Artist A,57,158870,1,0.6506537250798645,0.7005242624708561,10,-3.2763473444848685,0,0.0312868248720902,0.3266810985643254,0.1141686490256405,0.2574400208273861,0.5908087221716186,163.53143264198906,4,0,2.6478333333333333,short,1,0.413875844360622,neutral,0.45579872088548723,-0.0828818241535503,-0.37384316390653066,0,0,very_fast,0,0.6541257305679562,0.9453942109252522,1,0.6476613854246882,0.39775777733595896,0.7846381223834621,high,2015,10,6,1,11,30.35164835164835,91,75,18.436300922288936,1,0.0,0.012048192771084338,0.008888888888888889,0.45579872088548723,0.3844118958906384,0.6151242650074545,0.413875844360622,0.6622715823526293,0.5585471457051939,False,True,False,False,True,False,False,False,False,True,False,True,False
track_000333,Song 334,Artist B,28,154064,0,0.9583604202810704,0.7617478058429936,11,-10.394712835732514,0,0.0267735218605708,0.318783379949993,0.0627895476627921,0.4280983210645527,0.2102249943858287,176.85359305055874,4,0,2.5677333333333334,short,1,0.16013842820676066,sad_energetic,0.7300289473558745,-0.036016025802221296,-0.4429644258930006,0,1,very_fast,0,0.707414372202235,0.8267547860711247,0,0.6749360081810749,0.26205650854284773,0.8115052497115599,low,2018,3,1,0,8,29.91919191919192,99,68,15.991500783213745,0,0.02631578947368421,0.012048192771084338,0.008888888888888889,0.7300289473558745,0.20147131397318846,0.7923290642485096,0.16013842820676066,0.6297786442598728,0.1738045202602592,False,False,False,True,True,False,False,False,False,True,False,False,False
track_000334,Song 335,Artist B,38,231086,1,0.8050342019142398,0.8814473222291093,5,-9.307528320304572,0,0.0338740284510746,0.2144105173222253,0.1132681550493037,0.2943039673570038,0.2319999490257576,153.00955337231414,4,0,3.8514333333333335,medium,1,0.20449573382604389,sad_energetic,0.7095952415801547,-0.07939412659822909,-0.667036804906884,0,1,very_fast,0,0.6120382134892566,0.8448745279949238,0,0.6560478621421559,0.19092999496788465,0.8392128967720106,medium,2019,3,6,1,7,29.91919191919192,99,68,15.991500783213745,0,0.0,0.012048192771084338,0.008888888888888889,0.7095952415801547,0.18676789380809508,0.6801528913620636,0.20449573382604389,0.7447123903207082,0.19601084742798333,False,False,False,True,False,True,False,False,False,True,True,False,False
track_000335,Song 336,Artist A,5,197960,0,0.8320172944245247,0.6284593127977964,9,-14.359034841005418,1,0.0416079614140167,0.2292851401215796,0.1833726409489033,0.2514379351673323,0.5080773946003216,131.24267519730685,4,0,3.2993333333333332,medium,1,0.31930597025861296,neutral,0.5228890170899186,-0.14176467953488658,-0.3991741726762168,0,1,fast,0,0.5249707007892274,0.7606827526499097,0,0.6737679299892452,0.3555994805893894,0.6632302197248404,low,2021,5,0,0,5,30.35164835164835,91,75,18.436300922288936,1,0.0,0.00796812749003984,0.008888888888888889,0.5228890170899186,0.4227291792136212,0.6329012057751778,0.31930597025861296,0.4780581599874984,0.38648571108376706,False,True,False,False,False,True,False,False,True,False,False,False,False
track_000336,Song 337,Artist D,26,183227,1,0.8802095920128564,0.7283356409328193,4,-14.770828132761547,1,0.0240191015598077,0.1295305778420596,0.0243596642409021,0.2438384272220292,0.4356824065103331,60.612357519621305,4,0,3.0537833333333335,medium,1,0.3173230247888566,neutral,0.6410880173538992,-0.00034056268109439874,-0.5988050630907598,0,1,slow,0,0.2424494300784852,0.7538195311206408,0,0.7012892510380883,0.264016260810078,0.6058502629699698,low,2015,5,6,1,11,29.21551724137931,116,73,15.869470846487799,1,0.04081632653061224,0.00796812749003984,0.008888888888888889,0.6410880173538992,0.3834918332816397,0.6635191819390219,0.3173230247888566,0.5490336313464292,0.3284259073931317,False,True,False,False,False,True,False,False,False,False,False,False,False
track_000337,Song 338,Artist C,12,186732,1,0.7716155442410796,0.6849401480191428,1,-14.790382436651967,0,0.0324843866117444,0.1030017507537529,0.2463594197153948,0.3692429507315559,0.5131975210482868,156.40810058607605,4,0,3.1122,medium,1,0.3515095860298707,neutral,0.5285104650863565,-0.21387503310365039,-0.58193839726539,0,1,very_fast,0,0.6256324023443042,0.7534936260558005,0,0.6680875184166607,0.2896779122102443,0.7277809500998456,low,2017,2,4,0,9,26.333333333333332,87,80,15.76916823001983,1,0.0,0.012048192771084338,0.008888888888888889,0.5285104650863565,0.39599118450684667,0.581407394351231,0.3515095860298707,0.5160980357621406,0.3866910610175216,False,True,False,False,False,True,False,False,False,True,False,False,False
track_000338,Song 339,Artist C,2,148482,0,0.6966167861436983,0.5710257199923331,3,-13.479339948567876,1,0.0756343120225866,0.1030865014391018,0.0539064723513635,0.5836443354660501,0.7273497679335641,112.59881275323788,4,0,2.4747,short,0,0.41533542492051984,happy_calm,0.3977861018664504,0.021727839671223097,-0.4679392185532313,0,0,moderate,1,0.4503952510129515,0.7753443341905354,0,0.6681593608352485,0.38813181495800997,0.6094799459641305,low,2016,12,2,0,10,26.333333333333332,87,80,15.76916823001983,1,0.0,0.00796812749003984,0.008888888888888889,0.3977861018664504,0.5066840577402442,0.5401178782385363,0.41533542492051984,0.4427415566731266,0.5639465215420897,False,False,False,False,True,False,False,True,False,False,False,False,False
track_000339,Song 340,Artist C,19,226611,0,0.8323058695463809,0.8545534650702359,3,-6.7892554693436935,0,0.0501300568467608,0.2848998750913402,0.0597686100211733,0.1578802005883171,0.1776004887265834,118.0468087355069,3,0,3.77685,medium,1,0.15176911303946922,sad_energetic,0.7112498648191555,-0.0096385531744125,-0.5696535899788957,0,1,moderate,1,0.4721872349420276,0.8868457421776051,0,0.642568533957598,0.21087405713344032,0.7817160940738994,low,2023,10,4,0,3,26.333333333333332,87,80,15.76916823001983,1,0.0,0.012048192771084338,0.030303030303030304,0.7112498648191555,0.1478179292014412,0.7381269165966371,0.15176911303946922,0.7578571019606575,0.15750423723583226,False,False,False,True,False,True,False,True,False,False,False,False,False
track_000340,Song 341,Artist B,50,281033,0,0.666150182354683,0.9047779557545984,0,-12.147614876325251,1,0.0536075143868821,0.327537890172654,0.1173536876220476,0.301872328468508,0.7377247295478734,96.82721196167122,4,0,4.683883333333333,long,0,0.6674770727099388,happy_energetic,0.6027180002164231,-0.06374617323516552,-0.5772400655819444,0,0,moderate,0,0.3873088478466849,0.7975397520612458,0,0.7592108785326148,0.3808991882070441,0.7571377462320552,medium,2024,6,2,0,2,29.91919191919192,99,68,15.991500783213745,0,0.0,0.00796812749003984,0.008888888888888889,0.6027180002164231,0.4914354631158751,0.5312812512707076,0.6674770727099388,0.7215963865030033,0.5883647978930606,True,False,False,False,False,False,True,True,False,False,True,False,False
track_000341,Song 342,Artist E,16,204700,0,0.7053126485835673,0.7836031075373395,8,-10.011557060580852,1,0.0158210494156866,0.2179783709706252,0.0896132850580783,0.1839204199946758,0.7152092749546269,112.94122586094454,4,0,3.4116666666666666,medium,1,0.5604402103939732,happy_energetic,0.5526851832154749,-0.07379223564239171,-0.5656247365667143,0,1,moderate,1,0.4517649034437782,0.8331407156569858,0,0.7317687741810168,0.3666731986134363,0.7278415356914838,low,2020,5,3,0,6,27.588785046728972,107,73,15.343213896081435,1,0.02,0.00796812749003984,0.008888888888888889,0.5526851832154749,0.5044461480097808,0.5876246848028374,0.5604402103939732,0.652851653804697,0.5958699671802118,True,False,False,False,False,True,False,True,False,False,False,False,False
track_000342,Song 343,Artist C,17,162998,0,0.5647661971124529,0.7047257095014691,7,-11.970690443664388,1,0.0654391123023349,0.4628387668988104,0.0735230664845174,0.5221206173075977,0.3611073141984313,85.24061828618969,4,0,2.7166333333333332,short,1,0.2544816082046594,sad_energetic,0.3980052589625199,-0.008083954182182496,-0.24188694260265864,0,0,slow,0,0.34096247314475875,0.8004884926055935,0,0.5456563859549513,0.38204998816861285,0.6403214807011377,low,2024,6,4,0,2,26.333333333333332,87,80,15.76916823001983,1,0.0,0.00796812749003984,0.008888888888888889,0.3980052589625199,0.2039412045893397,0.45208884180114095,0.2544816082046594,0.5641248208992383,0.2890622496115567,False,False,False,True,True,False,False,False,False,False,False,False,False
track_000343,Song 344,Artist E,33,293423,0,0.658757752881745,0.8581221024978228,8,-10.951286025014802,0,0.1845246154214573,0.1309739704756163,0.0160863459902465,0.2318192657803962,0.3869159334718231,75.25602810254821,4,0,4.890383333333333,long,0,0.3320211143207486,sad_energetic,0.5652945879396242,0.1684382694312108,-0.7271481320222065,0,0,slow,0,0.30102411241019283,0.8174785662497533,0,0.6370145119435917,0.2110277374824466,0.7054408066526844,medium,2017,1,3,0,9,27.588785046728972,107,73,15.343213896081435,1,0.02,0.012048192771084338,0.008888888888888889,0.5652945879396242,0.25488387088804093,0.5385203433316782,0.3320211143207486,0.7014964260171441,0.3162954825537309,False,False,False,True,False,False,True,False,False,False,True,False,False
track_000344,Song 345,Artist A,23,211502,0,0.659501862979262,0.8641478903351706,7,-9.24550649872526,0,0.114392077058986,0.1139457083838562,0.0622284354920236,0.2700458224212809,0.5541766173042277,188.4923556293417,4,0,3.5250333333333335,medium,1,0.4788905547165296,neutral,0.5699071435656441,0.052163641566962404,-0.7502021819513144,0,0,very_fast,0,0.7539694225173668,0.8459082250212456,0,0.6892980974835242,0.25258690144425966,0.883994123615847,low,2022,5,1,0,4,30.35164835164835,91,75,18.436300922288936,1,0.0,0.012048192771084338,0.008888888888888889,0.5699071435656441,0.36548051153168376,0.5578780503109924,0.4788905547165296,0.7309898080692782,0.4687825586920974,False,True,False,False,False,True,False,False,False,True,False,False,False
track_000345,Song 346,Artist B,14,278128,0,0.8439723544266399,0.9670461999263652,1,-11.621108569733638,1,0.1343840809508069,0.2447669456712874,0.0668174964108481,0.232668634566337,0.6247294660665634,110.28707633448542,4,0,4.635466666666667,long,0,0.6041422561416973,happy_energetic,0.8161602581911895,0.0675665845399588,-0.7222792542550778,0,1,moderate,1,0.4411483053379417,0.8063148571711061,0,0.8151216415685345,0.29521175811057443,0.8102166858991319,low,2022,9,1,0,4,29.91919191919192,99,68,15.991500783213745,0,0.0,0.00796812749003984,0.008888888888888889,0.8161602581911895,0.5272543983558952,0.6805074484158783,0.6041422561416973,0.779743718571488,0.5037286502020425,True,False,False,False,False,False,True,True,False,False,False,False,False
track_000346,Song 347,Artist E,17,123832,1,0.6498182776998918,0.809265364884626,8,-12.410700042687727,1,0.0333484499023877,0.4062459785352231,0.239141391305775,0.1509163710449504,0.4887605120667245,97.96488999956848,4,0,2.0638666666666667,short,0,0.3955369541388744,neutral,0.5258754256115021,-0.2057929414033873,-0.4030193863494029,0,0,moderate,0,0.39185955999827393,0.7931549992885378,0,0.6493350741653618,0.3663469355687188,0.7102110172993733,low,2016,12,0,0,10,27.588785046728972,107,73,15.343213896081435,1,0.02,0.00796812749003984,0.008888888888888889,0.5258754256115021,0.3176055141589161,0.5154066155867365,0.3955369541388744,0.6418728699093038,0.38766284360054826,False,True,False,False,True,False,False,True,False,False,False,False,False
track_000347,Song 348,Artist A,25,158402,0,0.6755669307996433,0.4339055560847186,9,-4.378568149108247,0,0.0351929322969848,0.2545555780635088,0.0681270595745099,0.226525064133734,0.5794892129294409,117.23811264150956,4,0,2.6400333333333332,short,1,0.25144358918124493,neutral,0.2931322447810658,-0.0329341272775251,-0.17934997802120978,0,0,moderate,1,0.46895245056603824,0.9270238641815293,1,0.5742452030241051,0.44549732827882027,0.5782147198409295,low,2020,10,6,1,6,30.35164835164835,91,75,18.436300922288936,1,0.0,0.012048192771084338,0.008888888888888889,0.2931322447810658,0.3914837490102433,0.626266666703141,0.25144358918124493,0.4022408052914911,0.5372003294213633,False,True,False,False,True,False,False,True,False,False,False,False,False
track_000348,Song 349,Artist D,9,273484,0,0.6909598450561918,0.7244299688580381,9,-14.774588086953818,0,0.0475181140212394,0.2270942865235646,0.0563178062013709,0.1966490722593149,0.5235648282995091,197.89130165592087,4,0,4.558066666666667,long,0,0.3792860522601775,neutral,0.5005520190362118,-0.008799692180131498,-0.49733568233447356,0,0,very_fast,0,0.7915652066236835,0.7537568652174363,0,0.6507823771697409,0.33057817244186716,0.8098033099563876,low,2021,2,4,0,5,29.21551724137931,116,73,15.869470846487799,1,0.0,0.012048192771084338,0.008888888888888889,0.5005520190362118,0.3617622726387005,0.5208157268006807,0.3792860522601775,0.5460440623959999,0.3946405837171433,False,True,False,False,False,False,True,False,False,True,False,False,False
track_000349,Song 350,Artist A,54,258286,0,0.878022432412519,0.8884910588605053,5,-3.668915524252185,1,0.1146311457151576,0.232942981499998,0.000931155559135,0.1286282532255035,0.6449856243597365,101.45149247896305,4,0,4.304766666666667,long,0,0.5730639603371864,happy_energetic,0.7801150806774754,0.1136999901560226,-0.6555480773605072,0,1,moderate,0,0.40580596991585216,0.9388514079291302,1,0.8112519779310803,0.32012556224976857,0.7841930497345233,high,2016,1,3,0,10,30.35164835164835,91,75,18.436300922288936,1,0.0,0.00796812749003984,0.008888888888888889,0.7801150806774754,0.5663118467714431,0.8243325968638531,0.5730639603371864,0.8341610815436291,0.6055456615241878,True,False,False,False,False,False,True,True,False,False,False,True,False
track_000350,Song 351,Artist E,23,254345,1,0.6916697544359867,0.6037072087266068,0,-14.932174741905785,1,0.1948939330550032,0.660788648700383,0.0852783501037634,0.1539934333791354,0.6991483348475988,174.30353978407814,4,0,4.239083333333333,long,0,0.4220808897166989,happy_energetic,0.41756601681116706,0.10961558295123978,0.05708143997377624,0,0,very_fast,0,0.6972141591363126,0.7511304209682369,0,0.6675245648466563,0.5929477973164508,0.7135349982330679,low,2025,10,2,0,1,27.588785046728972,107,73,15.343213896081435,1,0.0,0.00796812749003984,0.008888888888888889,0.41756601681116706,0.4835797570783676,0.5195341938204997,0.4220808897166989,0.4534628498323754,0.5251515830733187,True,False,False,False,False,False,True,False,False,True,False,False,False
track_000351,Song 352,Artist A,24,262228,0,0.8915667059023429,0.9651989901499272,4,-13.432506203080903,1,0.1697402019641402,0.3248644660775664,0.1448355812301098,0.2766273064912405,0.3331835598215909,184.50266133595056,4,0,4.370466666666666,long,0,0.3215884354743574,sad_energetic,0.8605392841882384,0.02490462073403038,-0.6403345240723608,0,1,very_fast,0,0.7380106453438022,0.7761248966153182,0,0.7461414473523925,0.2403411573325257,0.9145784664019531,low,2024,11,1,0,2,30.35164835164835,91,75,18.436300922288936,1,0.04081632653061224,0.00796812749003984,0.008888888888888889,0.8605392841882384,0.297055368890952,0.6919671174441158,0.3215884354743574,0.7491149664433218,0.258592055920456,False,False,False,True,False,False,True,False,False,True,False,False,False
track_000352,Song 353,Artist A,38,205774,0,0.5482055466476513,0.8822621131858519,8,-6.510542499205183,1,0.2695633877252935,0.1985836266134219,0.0361566733514897,0.2862331275169824,0.7855191108019557,90.33613011875498,4,0,3.4295666666666667,medium,1,0.6930337506440047,happy_energetic,0.48366098404556196,0.23340671437380378,-0.68367848657243,0,0,moderate,0,0.3613445204750199,0.8914909583465802,0,0.7196165858554029,0.35041054993019993,0.7549334434403745,medium,2016,9,6,1,10,30.35164835164835,91,75,18.436300922288936,1,0.02,0.00796812749003984,0.008888888888888889,0.48366098404556196,0.43062593353936307,0.48872028815182555,0.6930337506440047,0.7865286967969342,0.700283184888389,True,False,False,False,False,True,False,True,False,False,True,False,False
track_000353,Song 354,Artist A,35,204040,0,0.7785305463437909,0.9283477111744716,6,-5.451611607942153,0,0.0496900148970884,0.4096780600664294,0.0866018013778696,0.0095214993611439,0.2963762396295039,198.48578301125343,4,0,3.4006666666666665,medium,1,0.2751402037065466,sad_energetic,0.7227470507776692,-0.0369117864807812,-0.5186696511080422,0,1,very_fast,0,0.7939431320450138,0.9091398065342974,0,0.678829403778709,0.27427978256308144,0.9437304914109754,medium,2024,10,1,0,2,30.35164835164835,91,75,18.436300922288936,1,0.0,0.012048192771084338,0.008888888888888889,0.7227470507776692,0.23073795576207595,0.7077931102840349,0.2751402037065466,0.8439978585337169,0.26944743715812974,False,False,False,True,False,True,False,False,False,True,True,False,False
track_000354,Song 355,Artist D,22,212268,0,0.7144071978914005,0.7932052100249584,0,-5.2130023171765405,1,0.0307379754121671,0.2036760984907854,0.0215735835196618,0.0922905264067917,0.5382069783377109,193.5622125766862,4,0,3.5378,medium,1,0.4269085792892622,neutral,0.5666715114467903,0.0091643918925053,-0.589529111534173,0,1,very_fast,0,0.7742488503067447,0.9131166280470577,0,0.6851865356653609,0.30497096989013994,0.8695692494869199,low,2015,9,2,0,11,29.21551724137931,116,73,15.869470846487799,1,0.0,0.00796812749003984,0.008888888888888889,0.5666715114467903,0.38449893927984174,0.6523370915911427,0.4269085792892622,0.7242888667273483,0.49144574125112644,False,True,False,False,False,True,False,False,False,True,False,False,False
track_000355,Song 356,Artist C,18,144618,0,0.5530019836203678,0.8286678123979496,9,-12.046810529084208,1,0.0267971082376212,0.0595321276814715,0.0370308729170896,0.1876838211442214,0.2459193316688133,192.55076411942687,4,0,2.4103,short,0,0.20378543460036133,sad_energetic,0.45825494401841693,-0.010233764679468398,-0.7691356847164781,0,0,very_fast,0,0.7702030564777075,0.7992198245152632,0,0.543576936668176,0.1489883068538477,0.8630040172811677,low,2022,9,6,1,4,26.333333333333332,87,80,15.76916823001983,1,0.0,0.00796812749003984,0.008888888888888889,0.45825494401841693,0.13599387822344888,0.4419701483056628,0.20378543460036133,0.6622877436061363,0.19654360510125976,False,False,False,True,True,False,False,False,False,True,False,False,False
track_000356,Song 357,Artist A,21,190533,0,0.7911471540212516,0.756721785192119,8,-13.471814683489375,1,0.1716584917004373,0.214169027653818,0.248380121059337,0.1990456338786755,0.4468799027719518,139.12425587135124,4,0,3.17555,medium,1,0.3381637577920719,neutral,0.5986782867406258,-0.0767216293588997,-0.5425527575383009,0,1,fast,0,0.556497023485405,0.775469755275177,0,0.6775393679977219,0.29271504633547707,0.7421412274581217,low,2015,6,6,1,11,30.35164835164835,91,75,18.436300922288936,1,0.02,0.00796812749003984,0.008888888888888889,0.5986782867406258,0.35354776326732323,0.6135106899155127,0.3381637577920719,0.5868148575743276,0.34654184883996036,False,True,False,False,False,True,False,False,True,False,False,False,False
track_000357,Song 358,Artist C,7,233903,0,0.959382438162146,0.7997722673140137,2,-5.970695922623362,0,0.044511570762534,0.5167027865234831,0.3012856609009144,0.1610462539168076,0.4975251006119275,121.1909315860465,4,0,3.8983833333333333,medium,1,0.3979067777620341,neutral,0.7672874677901861,-0.25677409013838043,-0.2830694807905306,0,1,fast,1,0.484763726344186,0.9004884012896106,0,0.7729421856426407,0.41600696459876735,0.7617702112939988,low,2023,8,3,0,3,26.333333333333332,87,80,15.76916823001983,1,0.027777777777777776,0.012048192771084338,0.008888888888888889,0.7672874677901861,0.477316844071938,0.8639127579659596,0.3979067777620341,0.7201856503893633,0.44801558245148726,False,True,False,False,False,True,False,False,True,False,False,False,False
track_000358,Song 359,Artist D,35,245355,1,0.7734822907008405,0.7572593406279235,1,-8.26170481472226,0,0.1039997136146926,0.0856024044481729,0.0907593339272818,0.1564016372552506,0.7560503637025434,136.8951779929052,4,0,4.08925,long,0,0.5725261998988899,happy_energetic,0.5857266894434944,0.013240379687410792,-0.6716569361797506,0,1,fast,0,0.5475807119716207,0.8623049197546291,0,0.7633858275794763,0.3338782687016551,0.7564334212542453,medium,2025,11,3,0,1,29.21551724137931,116,73,15.869470846487799,1,0.0,0.012048192771084338,0.008888888888888889,0.5857266894434944,0.5847915672018469,0.6669775846144149,0.5725261998988899,0.6529884549536049,0.6519459482029798,True,False,False,False,False,False,True,False,True,False,True,False,False
track_000359,Song 360,Artist C,15,262961,0,0.7466804790933661,0.7646784143944511,4,-13.57593009513835,1,0.3599714018841061,0.4853284534068068,0.0253940696406724,0.3184848028449059,0.6567449654591482,108.85929094226752,4,0,4.3826833333333335,long,0,0.5021986988488399,happy_energetic,0.5709704448124042,0.33457733224343367,-0.27934996098764425,0,1,moderate,0,0.4354371637690701,0.7737344984143609,0,0.7250992055934261,0.4617513466821318,0.700375043293499,low,2020,1,4,0,6,26.333333333333332,87,80,15.76916823001983,1,0.04081632653061224,0.00796812749003984,0.008888888888888889,0.5709704448124042,0.4903786454511929,0.5777324459671004,0.5021986988488399,0.5916580694097794,0.5081462364356908,True,False,False,False,False,False,True,True,False,False,False,False,False
track_000360,Song 361,Artist B,20,179722,1,0.7570652004246405,0.3941519008160553,9,-12.213782598356495,0,0.0093844872749076,0.1449859368713775,0.0832332176224838,0.4856336086410406,0.5230766430339588,79.32386525130555,4,0,2.9953666666666665,short,1,0.2061716531243161,neutral,0.2983986877890599,-0.07384873034757619,-0.24916596394467777,0,1,slow,0,0.3172954610052222,0.7964369566940585,0,0.5779946433248605,0.3966717974139221,0.47534913962379766,low,2021,10,4,0,5,29.91919191919192,99,68,15.991500783213745,0,0.0,0.012048192771084338,0.008888888888888889,0.2983986877890599,0.3960031235959522,0.6029547042451782,0.2061716531243161,0.31391714036111745,0.41659756969571055,False,True,False,False,True,False,False,False,False,False,False,False,False
track_000361,Song 362,Artist A,43,205024,1,0.4108569826787919,0.6805106786719145,2,-12.04174444992758,1,0.0339736433296552,0.4794011512220575,0.0076757825786814,0.2553586444069743,0.384495999307949,136.9983782212334,4,0,3.4170666666666665,medium,1,0.2616536334356883,sad_energetic,0.2795925641198397,0.026297860750973796,-0.201109527449857,0,0,fast,0,0.5479935128849336,0.7993042591678737,0,0.48384479646547585,0.4029560566796333,0.7056137585013821,medium,2024,4,5,1,2,30.35164835164835,91,75,18.436300922288936,1,0.027777777777777776,0.00796812749003984,0.008888888888888889,0.2795925641198397,0.15797286612773076,0.3283997361640197,0.2616536334356883,0.5439350838716815,0.3073292898798515,False,False,False,True,False,True,False,False,True,False,True,False,False
track_000362,Song 363,Artist E,29,296342,1,0.8062604821589916,0.2713225242302017,0,-14.360039181519046,0,0.0271865512611862,0.3514240810698942,0.011093363123527,0.1552337857460593,0.6255654636904134,155.54706927316067,4,0,4.939033333333334,long,0,0.16973000067971955,happy_calm,0.2187566292064371,0.0160931881376592,0.0801015568396925,0,1,very_fast,0,0.6221882770926427,0.7606660136413493,0,0.5915705892397811,0.5468425142660212,0.5211150687531118,low,2021,1,5,1,5,27.588785046728972,107,73,15.343213896081435,1,0.0,0.012048192771084338,0.008888888888888889,0.2187566292064371,0.5043687123770458,0.6132949469204324,0.16973000067971955,0.20638582291729593,0.4758463875370891,False,False,False,False,False,False,True,False,False,True,False,False,False
track_000363,Song 364,Artist E,26,214776,1,0.870340428143387,0.6922508280324674,8,-7.620789864994231,0,0.0236649327160263,0.358393661988459,0.0061474456378725,0.2125923208873841,0.5591837430779967,61.09293722844464,4,0,3.5796,medium,1,0.3870954091680377,neutral,0.6024938820523918,0.0175174870781538,-0.3338571660440084,0,1,slow,0,0.24437174891377855,0.8729868355834295,0,0.723566542590494,0.4034373393090424,0.6123621869755865,low,2024,8,0,0,2,27.588785046728972,107,73,15.343213896081435,1,0.02,0.012048192771084338,0.008888888888888889,0.6024938820523918,0.4866802183613253,0.7597957362452226,0.3870954091680377,0.6043258597940725,0.4881600463793578,False,True,False,False,False,True,False,False,False,False,False,False,False
track_000364,Song 365,Artist A,38,230041,0,0.7107766064586278,0.909758680122742,3,-5.678023566620537,1,0.0065217467431072,0.2501640256657009,0.1535219571592797,0.2740626326462635,0.3450859000770248,107.4576325073439,4,0,3.834016666666667,medium,1,0.31394489298304246,sad_energetic,0.6466351873539229,-0.14700021041617248,-0.659594654457041,0,1,moderate,0,0.4298305300293756,0.9053662738896577,0,0.6607640166433811,0.23066377625256518,0.7971390436003184,medium,2017,1,1,0,9,30.35164835164835,91,75,18.436300922288936,1,0.0,0.00796812749003984,0.008888888888888889,0.6466351873539229,0.2452789849934688,0.6435131677573835,0.31394489298304246,0.8236648263615,0.31242913552459467,False,False,False,True,False,True,False,True,False,False,True,False,False
track_000365,Song 366,Artist A,10,292239,0,0.3183718392324754,0.6169760742696647,10,-7.925935389894895,0,0.0345884001839168,0.1440238234567779,0.2098042488656766,0.1044392817886267,0.7038339801636239,195.2535889723073,4,0,4.87065,long,0,0.4342487260189457,happy_energetic,0.1964278075276655,-0.17521584868175982,-0.47295225081288683,0,0,very_fast,0,0.7810143558892293,0.8679010768350851,0,0.5235917520229768,0.3836669011508989,0.7749486359603104,low,2016,3,4,0,10,30.35164835164835,91,75,18.436300922288936,1,0.0,0.012048192771084338,0.008888888888888889,0.1964278075276655,0.22408091877900654,0.276315262103832,0.4342487260189457,0.5354741992401254,0.610858269297133,True,False,False,False,False,False,True,False,False,True,False,False,False
track_000366,Song 367,Artist B,15,188136,1,0.7655441984364765,0.6735403596780152,5,-3.5212328572659715,0,0.1309264558046097,0.4485683873799487,0.2411740436307294,0.2366343545057943,0.4593803220777054,129.53885815754677,4,0,3.1356,medium,1,0.30941118736122014,neutral,0.5156249147643222,-0.11024758782611968,-0.22497197229806648,0,1,fast,1,0.518155432630187,0.9413127857122338,1,0.6460938839013068,0.4151793436718865,0.7193410242177745,low,2023,4,3,0,3,29.91919191919192,99,68,15.991500783213745,0,0.0,0.012048192771084338,0.008888888888888889,0.5156249147643222,0.35167594044246736,0.7206165420160787,0.30941118736122014,0.6340121522581323,0.43242057067634804,False,True,False,False,False,True,False,False,True,False,False,False,False
track_000367,Song 368,Artist D,37,248133,1,0.8467758213759757,0.634556506526213,11,-13.168164239992716,1,0.108096145374587,0.1924577982700175,0.2062407183131097,0.1837634163228265,0.4319934508100279,123.24256188264584,3,0,4.13555,long,0,0.27412425498821474,neutral,0.5373271070232037,-0.09814457293852269,-0.44209870825619546,0,1,fast,1,0.4929702475305834,0.7805305960001213,0,0.6586753157512626,0.31621420259315147,0.6582482152870995,medium,2022,8,2,0,4,29.21551724137931,116,73,15.869470846487799,1,0.02631578947368421,0.00796812749003984,0.030303030303030304,0.5373271070232037,0.3658016091387035,0.6609344365370826,0.27412425498821474,0.4952907682346599,0.33718410562890017,False,True,False,False,False,False,True,False,True,False,True,False,False
track_000368,Song 369,Artist A,24,138689,0,0.7336071502620756,0.6127487037490842,7,-13.124863922263732,0,0.0186537623239879,0.7450736118233352,0.085432213543312,0.0335536872273521,0.4691710518775628,158.13575164093686,4,0,2.3114833333333333,short,0,0.28748395387457093,neutral,0.4495168303841464,-0.0667784512193241,0.132324908074251,0,1,very_fast,0,0.6325430065637474,0.7812522679622712,0,0.6180187867928243,0.5549561491678776,0.6998284329284017,low,2024,6,3,0,2,30.35164835164835,91,75,18.436300922288936,1,0.0,0.012048192771084338,0.008888888888888889,0.4495168303841464,0.3441872383533593,0.5731322499355852,0.28748395387457093,0.47871131449491383,0.36654094834159034,False,True,False,False,True,False,False,False,False,True,False,False,False
track_000369,Song 370,Artist B,68,245844,1,0.4516828341319616,0.4452969462694505,6,-14.411357128946474,1,0.0959655361071341,0.1034996878923292,0.0215473841782908,0.2917705452549055,0.6848080762673653,139.45501010388483,4,0,4.0974,long,0,0.3049429451425147,happy_calm,0.2011329867212932,0.0744181519288433,-0.34179725837712127,0,0,fast,0,0.5578200404155393,0.7598107145175587,0,0.5197046404138295,0.4132532141563061,0.5837931311940643,high,2021,10,1,0,5,29.91919191919192,99,68,15.991500783213745,0,0.0,0.00796812749003984,0.008888888888888889,0.2011329867212932,0.30931605272490004,0.34319345693712167,0.3049429451425147,0.3383413909174781,0.5203245137361017,False,False,False,False,False,False,True,False,True,False,False,True,False
track_000370,Song 371,Artist B,20,185618,0,0.3385969487868834,0.750205086456231,0,-13.359659106131565,1,0.2183714042659621,0.1917209428948212,0.0346207213319031,0.3750147295067073,0.5362885780140251,130.94967342152398,4,0,3.0936333333333335,medium,1,0.40232641903450084,neutral,0.25401715323847984,0.183750682934059,-0.5584841435614097,0,0,fast,0,0.5237986936860959,0.7773390148978072,0,0.5213868788558301,0.31251342462526666,0.7269948563399629,low,2023,12,5,1,3,29.91919191919192,99,68,15.991500783213745,0,0.0,0.00796812749003984,0.008888888888888889,0.25401715323847984,0.18158567618480537,0.26320461861739924,0.40232641903450084,0.5831636828772109,0.4168780349343681,False,True,False,False,False,True,False,False,True,False,False,False,False
track_000371,Song 372,Artist E,40,202289,0,0.3782944340997805,0.8593544219613136,8,-8.494841889620176,1,0.1050363474633736,0.3965873057779536,0.0646111311094501,0.2012003536064905,0.5608956771817654,69.99616815216697,4,0,3.3714833333333334,medium,1,0.48200818044513555,neutral,0.3250889947469991,0.0404252163539235,-0.46276711618336,0,0,slow,0,0.2799846726086679,0.8584193018396638,0,0.5773928033828358,0.36909729887731696,0.70635532357684,medium,2018,7,3,0,8,27.588785046728972,107,73,15.343213896081435,1,0.02,0.00796812749003984,0.008888888888888889,0.3250889947469991,0.21218371278848908,0.3247352440097642,0.48200818044513555,0.7376864229328587,0.48148367561125643,False,True,False,False,False,True,False,False,False,False,True,False,False
track_000372,Song 373,Artist D,29,189212,0,0.7648096642558483,0.6246204460356168,6,-14.985556633091786,0,0.0270716740850877,0.4388753042129216,0.1358022459016768,0.2153756248938253,0.6764430244860513,62.74851799427147,4,0,3.1535333333333333,medium,1,0.42252014367215907,happy_energetic,0.4777157536198383,-0.1087305718165891,-0.18574514182269525,0,1,slow,0,0.25099407197708584,0.7502407227818035,0,0.6962429068588397,0.491096895220299,0.5564811445655764,low,2018,8,0,0,8,29.21551724137931,116,73,15.869470846487799,1,0.0,0.012048192771084338,0.008888888888888889,0.4777157536198383,0.5173501624453875,0.5737913553018161,0.42252014367215907,0.4686156948980537,0.5074951036111244,True,False,False,False,False,True,False,False,False,False,False,False,False
track_000373,Song 374,Artist C,37,130451,1,0.6684598977001281,0.3999856941723854,6,-6.861808984931184,0,0.1912192259031985,0.1809271030641656,0.122801226775299,0.5902103468680331,0.3929952982825522,186.96549482873587,4,0,2.174183333333333,short,0,0.15719249719003028,sad_calm,0.2673743962079875,0.0684179991278995,-0.2190585911082198,0,0,very_fast,0,0.7478619793149435,0.8856365169178135,0,0.5052782568165325,0.3702737224587163,0.6575683927128593,medium,2015,2,1,0,11,26.333333333333332,87,80,15.76916823001983,1,0.0,0.012048192771084338,0.008888888888888889,0.2673743962079875,0.2627015968865862,0.5920124954983794,0.15719249719003028,0.3542419370037852,0.3480509871360367,False,False,True,False,True,False,False,False,False,True,True,False,False
track_000374,Song 375,Artist E,26,141869,1,0.5990550867115525,0.9920613703859116,1,-14.096142813991142,0,0.0386754699957175,0.3051455147094238,0.1221498348254617,0.1203950079498658,0.421151588123746,133.08327847300882,4,0,2.3644833333333333,short,0,0.4178082216542464,neutral,0.5942994102597139,-0.0834743648297442,-0.6869158556764878,0,0,fast,0,0.5323331138920353,0.7650642864334809,0,0.6635859222375183,0.25078527120511984,0.8486684601891652,low,2022,10,5,1,4,27.588785046728972,107,73,15.343213896081435,1,0.0,0.012048192771084338,0.008888888888888889,0.5942994102597139,0.2522930011421787,0.45831565244932093,0.4178082216542464,0.7589907244325187,0.32220803924822095,False,True,False,False,True,False,False,False,True,False,False,False,False
track_000375,Song 376,Artist C,55,263697,0,0.7666842597387553,0.8589196356133769,8,-9.251715220689912,0,0.0561502395771893,0.1934562314807602,0.1042410073505798,0.1088022208068368,0.7718302357139123,157.0753003637729,4,0,4.39495,long,0,0.6629401448147804,happy_energetic,0.6585201650053233,-0.0480907677733905,-0.6654634041326167,0,1,very_fast,0,0.6283012014550916,0.8458047463218349,0,0.7958986652936888,0.3512556726224647,0.8342337176167148,high,2017,11,2,0,9,26.333333333333332,87,80,15.76916823001983,1,0.02,0.012048192771084338,0.008888888888888889,0.6585201650053233,0.5917500929123098,0.6484651858172817,0.6629401448147804,0.7264783045108151,0.6528176767215276,True,False,False,False,False,False,True,False,False,True,False,True,False
track_000376,Song 377,Artist B,29,230253,0,0.7953600886863288,0.5159134591591096,9,-12.031863946279872,1,0.0465353865608924,0.3160021205968952,0.215526225707665,0.3045937908995878,0.4964508538331311,164.36538534898773,4,0,3.83755,medium,1,0.25612567730354413,neutral,0.41033697463126007,-0.1689908391467726,-0.19991133856221438,0,1,very_fast,0,0.6574615413959509,0.7994689342286688,0,0.6218533293722037,0.4205620666409645,0.6643985944487701,low,2021,8,5,1,5,29.91919191919192,99,68,15.991500783213745,0,0.0,0.00796812749003984,0.008888888888888889,0.41033697463126007,0.3948571951331228,0.6358656824300788,0.25612567730354413,0.4124567833481592,0.39689703501088597,False,True,False,False,False,True,False,False,False,True,False,False,False
track_000377,Song 378,Artist C,15,280133,0,0.8780728116284484,0.8138344867044516,11,-6.402121640009094,1,0.1097778878721437,0.2754371204607214,0.2841105188088259,0.1457922557365942,0.4706937946882819,137.06025431259687,4,0,4.6688833333333335,long,0,0.3830668427951084,neutral,0.7146059359407729,-0.17433263093668216,-0.5383973662437302,0,1,fast,0,0.5482410172503874,0.8932979726665151,0,0.7365876090691994,0.30723264057943767,0.7911672193544241,low,2016,3,6,1,10,26.333333333333332,87,80,15.76916823001983,1,0.02631578947368421,0.00796812749003984,0.008888888888888889,0.7146059359407729,0.4133034237180033,0.7843806624812798,0.3830668427951084,0.7269966970591806,0.4204698125417511,False,True,False,False,False,False,True,False,True,False,False,False,False
track_000378,Song 379,Artist D,41,221121,0,0.6871774104278647,0.8388173208071025,8,-6.621204122242439,0,0.1280708158745947,0.2587358854741528,0.084592408334697,0.1785080538087637,0.3396679599546231,105.02235699136683,3,0,3.68535,medium,1,0.28491936813315116,sad_energetic,0.5764163143342641,0.04347840753989771,-0.5800814353329496,0,0,moderate,0,0.42008942796546733,0.889646597962626,0,0.6284165483996635,0.25374954593391735,0.7548715154831267,medium,2016,7,0,0,10,29.21551724137931,116,73,15.869470846487799,1,0.02,0.012048192771084338,0.030303030303030304,0.5764163143342641,0.2334121491269336,0.611345045383917,0.28491936813315116,0.7462509757681633,0.30218444501053593,False,False,False,True,False,True,False,True,False,False,True,False,False
track_000379,Song 380,Artist D,17,298267,0,0.8581455442673964,0.68395127804953,7,-8.83148652386155,0,0.0131808665559082,0.6936340536872929,0.1078688820868774,0.3113263818342908,0.6944738979394629,166.72462663715663,4,0,4.971116666666667,long,0,0.47498631006773456,happy_energetic,0.5869297417541953,-0.0946880155309692,0.009682775637762875,0,1,very_fast,0,0.6668985065486265,0.8528085579356408,0,0.7567857705036565,0.580610407441897,0.7626242905676281,low,2021,3,1,0,5,29.21551724137931,116,73,15.869470846487799,1,0.0,0.012048192771084338,0.008888888888888889,0.5869297417541953,0.5959596811267607,0.7318338641055739,0.47498631006773456,0.5832795031316582,0.5922532834256967,True,False,False,False,False,False,True,False,False,True,False,False,False
track_000380,Song 381,Artist B,16,258368,0,0.6623597629757934,0.5466796008369466,5,-3.276822998432216,1,0.1393138064525199,0.3606940684081248,0.0695845671246376,0.0310240990290508,0.756503782895868,101.69019025210184,4,0,4.306133333333333,long,0,0.4135651860651532,happy_calm,0.3620985708340612,0.06972923932788229,-0.18598553242882176,0,0,moderate,0,0.40676076100840736,0.9453862833594631,1,0.6558989203101617,0.5072248819809263,0.6149523424685186,low,2020,7,2,0,6,29.91919191919192,99,68,15.991500783213745,0,0.0,0.00796812749003984,0.008888888888888889,0.3620985708340612,0.5010776663291981,0.6261858345665402,0.4135651860651532,0.5168233960236757,0.7151882996592988,False,False,False,False,False,False,True,True,False,False,False,False,False
track_000381,Song 382,Artist B,39,220336,1,0.7775397096941601,0.8846341684722964,0,-11.502731000374467,1,0.2354119791557754,0.1612453190505989,0.092679596857338,0.1634574923726097,0.6333347566508094,122.96182316532946,4,0,3.672266666666667,medium,1,0.5602695658143929,happy_energetic,0.687838194539484,0.14273238229843743,-0.7233888494216975,0,1,fast,1,0.4918472926613178,0.8082878166604256,0,0.7664065614145957,0.28910830407379345,0.7884173823162275,medium,2017,11,0,0,9,29.91919191919192,99,68,15.991500783213745,0,0.0,0.00796812749003984,0.008888888888888889,0.687838194539484,0.49244292282549185,0.6284758743154738,0.5602695658143929,0.7150390205776835,0.5119167676684447,True,False,False,False,False,True,False,False,True,False,True,False,False
track_000382,Song 383,Artist C,26,122187,1,0.9691958950998606,0.9661053281998144,6,-7.505783815627835,0,0.0984300595649308,0.1698894731441608,0.0913602536790433,0.2804760290355403,0.4297319497153148,102.382112806559,4,0,2.03645,short,0,0.4151663263176604,neutral,0.9363453183253637,0.007069805885887501,-0.7962158550556536,0,1,moderate,0,0.409528451226236,0.8749036030728694,0,0.806429541414483,0.20704377571231442,0.8116065539243196,low,2023,12,5,1,3,26.333333333333332,87,80,15.76916823001983,1,0.0,0.012048192771084338,0.008888888888888889,0.9363453183253637,0.41649444165734284,0.8479529807063028,0.4151663263176604,0.8452490325899147,0.37597403116145806,False,True,False,False,True,False,False,True,False,False,False,False,False
track_000383,Song 384,Artist A,16,253663,0,0.7009749436267008,0.8167050306792315,2,-13.80136418402872,0,0.0826034562246527,0.2379827984912103,0.2115907347967252,0.2290036836973482,0.5770264389582168,195.4705929825932,5,0,4.227716666666667,long,0,0.47126039553209814,neutral,0.5724897628400172,-0.12898727857207248,-0.5787222321880212,0,1,very_fast,0,0.7818823719303728,0.7699772635995213,0,0.6985094183419148,0.3232895418801797,0.8555538575334098,low,2024,2,0,0,2,30.35164835164835,91,75,18.436300922288936,1,0.027777777777777776,0.012048192771084338,0.0,0.5724897628400172,0.4044810755198519,0.5397347689455158,0.47126039553209814,0.6288443046903578,0.444297238493624,False,True,False,False,False,False,True,False,False,True,False,False,False
track_000384,Song 385,Artist B,11,251208,1,0.7553962387123597,0.8220345409604818,5,-6.46070726873965,0,0.2922273891776565,0.3419188798781374,0.1092725199844347,0.1079144390218675,0.658706854577038,154.27891203456187,3,0,4.1868,long,0,0.5414797868297583,happy_energetic,0.6209618003331892,0.1829548691932218,-0.4801156610823444,0,1,very_fast,0,0.6171156481382475,0.8923215455210057,0,0.7463809141461999,0.38776924603622187,0.8208999476362849,low,2020,10,1,0,6,29.91919191919192,99,68,15.991500783213745,0,0.0,0.012048192771084338,0.030303030303030304,0.6209618003331892,0.49758468036154385,0.6740563392085674,0.5414797868297583,0.7335191320615077,0.5877783185214629,True,False,False,False,False,False,True,False,False,True,False,False,False
track_000385,Song 386,Artist A,25,136322,0,0.8039728222426547,0.4212823495087462,11,-9.675140671066028,0,0.1310370014318629,0.1672511938341364,0.0038064565374719,0.1562843423766133,0.3544246748346087,105.24656987645108,5,0,2.2720333333333333,short,0,0.14931285973819736,neutral,0.33869955949556313,0.127230544894391,-0.2540311556746098,0,1,moderate,0,0.4209862795058043,0.8387476554822328,0,0.5543012362000683,0.3468431751314133,0.5362605606654962,low,2024,6,4,0,2,30.35164835164835,91,75,18.436300922288936,1,0.02631578947368421,0.012048192771084338,0.0,0.33869955949556313,0.28494780609921555,0.6743303197274605,0.14931285973819736,0.3533495829465075,0.29727286506258077,False,True,False,False,True,False,False,True,False,False,False,False,False
track_000386,Song 387,Artist E,3,125520,0,0.6567902941497287,0.5403697801350912,8,-13.582133400666548,1,0.0031432966770431,0.1489831737621103,0.2022170573715266,0.2356528952178019,0.598716485905402,149.2226756999654,4,0,2.092,short,0,0.3235282958519565,neutral,0.35490962684455074,-0.1990737606944835,-0.3913866063729809,0,0,fast,0,0.5968907027998617,0.7736311099888908,0,0.6044419974720394,0.37709728123593733,0.6487451256152719,low,2024,3,0,0,2,27.588785046728972,107,73,15.343213896081435,1,0.02,0.00796812749003984,0.008888888888888889,0.35490962684455074,0.3932311768901009,0.5081134042929847,0.3235282958519565,0.4180468728103635,0.4631856995596443,False,True,False,False,True,False,False,False,True,False,False,False,False
track_000387,Song 388,Artist E,15,227216,0,0.6798149998714307,0.7209483641595942,9,-6.04169181406864,0,0.1170655608130341,0.2253816183842326,0.0659106936927703,0.3399197014654613,0.4696652428773064,177.5474294206185,4,0,3.7869333333333333,medium,1,0.3386043885550125,neutral,0.49011151208846265,0.05115486712026379,-0.4955667457753616,0,0,very_fast,0,0.710189717682474,0.8993051364321893,0,0.6291100820596425,0.3147677109690067,0.8066563534971627,low,2020,3,6,1,6,27.588785046728972,107,73,15.343213896081435,1,0.0,0.012048192771084338,0.008888888888888889,0.49011151208846265,0.3192854770262515,0.6113611212080258,0.3386043885550125,0.6483525669911075,0.42237236532323336,False,True,False,False,False,True,False,False,False,True,False,False,False
track_000388,Song 389,Artist B,17,230107,0,0.5889800477508083,0.6213664500719152,5,-13.31612670043686,0,0.0747236626879377,0.474437696913093,0.2219189612247384,0.0353453627821982,0.5453819104716452,147.55566818325778,4,0,3.8351166666666665,medium,1,0.33888202164320524,neutral,0.3659724414341068,-0.1471952985368007,-0.14692875315882215,0,0,fast,0,0.5902226727330311,0.778064554992719,0,0.5856165272633914,0.46697971688515616,0.6876296383093881,low,2015,9,0,0,11,29.91919191919192,99,68,15.991500783213745,0,0.0,0.012048192771084338,0.008888888888888889,0.3659724414341068,0.32121906367201664,0.458264498752823,0.33888202164320524,0.4834632104626102,0.4243423334721995,False,True,False,False,False,True,False,False,True,False,False,False,False
track_000389,Song 390,Artist C,54,128328,0,0.7348469361230345,0.6505075231292669,0,-11.707410675950996,1,0.0493986864701154,0.2772455747006247,0.0326902571771387,0.0855891302034453,0.4585895232676345,121.1027758352358,4,0,2.1388,short,0,0.2983159349138602,neutral,0.47802346029652576,0.016708429292976702,-0.37326194842864213,0,1,fast,1,0.4844111033409432,0.8048764887341501,0,0.6266678883682842,0.3533228299217602,0.6678832230643171,high,2018,7,5,1,8,26.333333333333332,87,80,15.76916823001983,1,0.0,0.00796812749003984,0.008888888888888889,0.47802346029652576,0.3369931061113443,0.5914610217037563,0.2983159349138602,0.5235782111114332,0.3691079252579215,False,True,False,False,True,False,False,False,True,False,False,True,False
track_000390,Song 391,Artist C,7,281121,0,0.4652126213146601,0.5553065984367479,8,-8.98123016015239,1,0.0024959164563731,0.4611456899657432,0.0371083548800195,0.1078123497781351,0.4527633633406034,96.79399843741184,3,0,4.68535,long,0,0.25142248319345184,neutral,0.25833563829208683,-0.0346124384236464,-0.09416090847100472,0,0,moderate,0,0.3871759937496474,0.8503128306641268,0,0.48850603705906936,0.45369530545745385,0.5929068630073171,low,2024,5,5,1,2,26.333333333333332,87,80,15.76916823001983,1,0.02,0.00796812749003984,0.030303030303030304,0.25833563829208683,0.21063123109492402,0.3955762608907471,0.25142248319345184,0.47218432560321866,0.384990497103159,False,True,False,False,False,False,True,True,False,False,False,False,False
track_000391,Song 392,Artist B,13,239639,0,0.7436067244497765,0.7857499898737409,4,-5.3486268772539205,0,0.0505460718243974,0.2361039540227281,0.0419103404143233,0.0822645233812148,0.5017884868916085,92.98992647995618,4,0,3.9939833333333334,medium,1,0.3942802984938411,neutral,0.5842889762064575,0.0086357314100741,-0.5496460358510128,0,1,moderate,0,0.37195970591982475,0.9108562187124346,0,0.6837042328095154,0.3092531307144515,0.7145311283992917,low,2020,12,2,0,6,29.91919191919192,99,68,15.991500783213745,0,0.04081632653061224,0.012048192771084338,0.008888888888888889,0.5842889762064575,0.3731332931040786,0.6773188092414627,0.3942802984938411,0.7157052646297294,0.45705716376352457,False,True,False,False,False,True,False,True,False,False,False,False,False
track_000392,Song 393,Artist B,22,156413,0,0.5277646848615055,0.7982277043547562,2,-6.088784141608921,0,0.0002357639107721,0.3144921084794702,0.0144785575841791,0.0722530878556155,0.5555698311513405,177.54811425965886,4,0,2.606883333333333,short,1,0.44347123092869406,neutral,0.4212763928365109,-0.014242793673407,-0.48373559587528603,0,0,very_fast,0,0.7101924570386354,0.898520264306518,0,0.6172451345964313,0.3529994814307633,0.84514007642817,low,2020,10,5,1,6,29.91919191919192,99,68,15.991500783213745,0,0.027777777777777776,0.012048192771084338,0.008888888888888889,0.4212763928365109,0.29321013685614705,0.47420726413340614,0.44347123092869406,0.7172237678936206,0.49919075152683007,False,True,False,False,True,False,False,False,False,True,False,False,False
track_000393,Song 394,Artist E,43,260431,1,0.7702168918741175,0.6255844676810196,11,-11.265535688060304,1,0.0036991211442459,0.1560687623173739,0.0336749028474686,0.0575884127774438,0.461258883191585,73.27626143817419,4,0,4.340516666666667,long,0,0.28855639290454926,neutral,0.4818357243019992,-0.029975781703222702,-0.46951570536364573,0,1,slow,0,0.29310504575269675,0.8122410718656616,0,0.6341397620114284,0.3131298295801192,0.5851548403709035,medium,2025,7,3,0,1,27.588785046728972,107,73,15.343213896081435,1,0.02631578947368421,0.00796812749003984,0.008888888888888889,0.4818357243019992,0.35526938336114916,0.6256017938248716,0.28855639290454926,0.5081253985717408,0.374653409691091,False,True,False,False,False,False,True,False,False,False,True,False,False
track_000394,Song 395,Artist A,43,215430,0,0.4598555035029631,0.7670778822345681,11,-3.162881446277643,1,0.029165574298585,0.1621186482586016,0.1171690461870627,0.0469534172459689,0.3705990275996842,134.55208176591282,4,0,3.5905,medium,1,0.28427831724935604,sad_energetic,0.35274498576096397,-0.0880034718884777,-0.6049592339759665,0,0,fast,0,0.5382083270636513,0.9472853092287059,1,0.525245274351461,0.24590380291297548,0.7748241256118944,medium,2019,9,1,0,7,30.35164835164835,91,75,18.436300922288936,1,0.02631578947368421,0.00796812749003984,0.008888888888888889,0.35274498576096397,0.17042200243456132,0.43561436283632665,0.28427831724935604,0.7266416088750737,0.35106301445962457,False,False,False,True,False,True,False,False,True,False,True,False,False
track_000395,Song 396,Artist B,52,154872,0,0.7429832705933497,0.7094472444192624,5,-4.409408226427821,1,0.081612398621512,0.0403022210280548,0.1416115989199866,0.1700795222754322,0.7761053335381275,67.08057925106145,4,0,2.5812,short,1,0.5506057902577172,happy_energetic,0.5271074339720632,-0.059999200298474595,-0.6691450233912076,0,1,slow,0,0.2683223170042458,0.9265098628928696,1,0.7428590816245568,0.3361183151468814,0.6406464636647973,high,2015,1,1,0,11,29.91919191919192,99,68,15.991500783213745,0,0.0,0.00796812749003984,0.008888888888888889,0.5271074339720632,0.5766332790371005,0.6883813281691402,0.5506057902577172,0.657309869156615,0.7190692461668353,True,False,False,False,True,False,False,False,False,False,False,True,False
track_000396,Song 397,Artist D,43,196848,1,0.8462866602194874,0.5550565793187685,9,-3.733294231619768,1,0.0406503404208175,0.4751261061182963,0.2077266232778708,0.4085864363081541,0.1340604202142717,161.4483871659151,3,0,3.2808,medium,1,0.07441111826617033,neutral,0.4697369787445336,-0.1670762828570533,-0.0799304732004722,0,1,very_fast,0,0.6457935486636605,0.9377784294730039,1,0.5452497639477071,0.36375159471596946,0.7072565563028577,medium,2022,7,4,0,4,29.21551724137931,116,73,15.869470846487799,1,0.0,0.00796812749003984,0.030303030303030304,0.4697369787445336,0.11345354529075705,0.7936293751045846,0.07441111826617033,0.5205200872222125,0.12571897032303067,False,True,False,False,False,True,False,False,False,True,True,False,False
track_000397,Song 398,Artist D,15,249974,0,0.8503584650856487,0.928692215983535,7,-13.028836035352512,1,0.000518213918556,0.2179583608406316,0.1520896743013897,0.122702210416009,0.5531496738114403,182.14378837518316,4,0,4.1662333333333335,long,0,0.5137057963425161,neutral,0.7897212873207486,-0.1515714603828337,-0.7107338551429034,0,1,very_fast,0,0.7285751535007327,0.7828527327441248,0,0.7846959529727521,0.27452058168462423,0.8941323371033671,low,2019,6,4,0,7,29.21551724137931,116,73,15.869470846487799,1,0.0,0.00796812749003984,0.008888888888888889,0.7897212873207486,0.47037550758492364,0.6657054482043996,0.5137057963425161,0.7270292391609073,0.4330347337598073,False,True,False,False,False,False,True,False,False,True,False,False,False
track_000398,Song 399,Artist D,28,153665,0,0.4427879945250106,0.7102984867733073,8,-8.415364733003408,1,0.049377851761475,0.0903078999255134,0.0391837991872277,0.223574012421518,0.6030006000994358,161.68010496253683,4,0,2.5610833333333334,short,1,0.42831041377402546,happy_energetic,0.3145116424725025,0.010194052574247305,-0.619990586847794,0,0,very_fast,0,0.6467204198501473,0.8597439211166099,0,0.5711049238718272,0.3039337939680439,0.7696181850537809,low,2019,10,1,0,7,29.21551724137931,116,73,15.869470846487799,1,0.02,0.00796812749003984,0.008888888888888889,0.3145116424725025,0.2670014264154071,0.3806842866362926,0.42831041377402546,0.6106748061816777,0.5184261003651578,True,False,False,False,True,False,False,False,False,True,False,False,False
track_000399,Song 400,Artist D,14,212067,0,0.9686166406535456,0.5626094166427345,9,-10.8420592418781,1,0.0365369853596155,0.0763913479680252,0.0692514190216327,0.0756584024188347,0.5721779482657967,123.78551033437986,4,0,3.53445,medium,1,0.3219127016896566,neutral,0.5449528431485364,-0.032714433662017206,-0.48621806867470924,0,1,fast,1,0.49514204133751943,0.819299012635365,0,0.7278828657339775,0.3334270986741288,0.63084277635001,low,2021,12,6,1,5,29.21551724137931,116,73,15.869470846487799,1,0.0,0.00796812749003984,0.008888888888888889,0.5449528431485364,0.5542210821052542,0.7935866573096341,0.3219127016896566,0.46094533955475103,0.46878482806589616,False,True,False,False,False,True,False,False,True,False,False,False,False
track_000400,Song 401,Artist E,2,295458,0,0.5370489178907184,0.491606575593808,7,-3.2934816753125595,0,0.0035418442840006,0.2001424923692482,0.0056216037251759,0.0807995777986547,0.4141035078683082,64.80650395999946,5,0,4.9243,long,0,0.2035760074445225,neutral,0.26401677945061625,-0.0020797594411753003,-0.2914640832245598,0,0,slow,0,0.2592260158399978,0.9451086387447906,1,0.4865325921949222,0.3568060766300494,0.5320347714858613,low,2018,9,4,0,8,27.588785046728972,107,73,15.343213896081435,1,0.0,0.012048192771084338,0.0,0.26401677945061625,0.2223938407954255,0.5075695717270596,0.2035760074445225,0.46462162145745184,0.39137280262085944,False,True,False,False,False,False,True,False,False,False,False,False,False
track_000401,Song 402,Artist D,29,137374,0,0.6015593348124155,0.7782777318593194,4,-7.061225181919134,0,0.0843971258921619,0.3378896361215734,0.1447962174597878,0.1522706848102204,0.2543967044045199,162.27596840952106,3,0,2.2895666666666665,short,0,0.19799129009643546,sad_energetic,0.46818023467660763,-0.06039909156762589,-0.44038809573774595,0,0,very_fast,0,0.6491038736380842,0.8823129136346811,0,0.550426064804118,0.2779915462121895,0.8090154012708776,low,2020,1,2,0,6,29.21551724137931,116,73,15.869470846487799,1,0.04081632653061224,0.012048192771084338,0.030303030303030304,0.46818023467660763,0.1530347122800537,0.530763569422483,0.19799129009643546,0.6866844932137871,0.22445749748221266,False,False,False,True,True,False,False,False,False,True,False,False,False
track_000402,Song 403,Artist B,41,238028,0,0.215817744271182,0.908376932275518,9,-6.948733130847527,0,0.2153645893831892,0.4064021373553867,0.0312785251314757,0.1715733409314978,0.7106193597687553,184.48029467940995,4,0,3.9671333333333334,medium,1,0.6455102340423347,happy_energetic,0.19604386047167854,0.1840860642517135,-0.5019747949201312,0,0,very_fast,0,0.7379211787176398,0.8841877811525412,0,0.5720259853217547,0.4032335831901259,0.9077464643873822,medium,2018,4,5,1,8,29.91919191919192,99,68,15.991500783213745,0,0.0,0.012048192771084338,0.008888888888888889,0.19604386047167854,0.15336426726072433,0.19082341244048295,0.6455102340423347,0.8031757841988424,0.6283209549579751,True,False,False,False,False,True,False,False,False,True,True,False,False
track_000403,Song 404,Artist C,47,292681,0,0.5653494639471213,0.822519789377362,5,-5.364841903508685,0,0.0103706788557637,0.3181206145621298,0.0598319313419793,0.4389744765478456,0.5016102196845286,199.3240551323653,4,0,4.8780166666666664,long,0,0.41258433224445074,neutral,0.4650111220103907,-0.04946125248621559,-0.5043991748152322,0,0,very_fast,0,0.7972962205294611,0.9105859682748553,0,0.6233787882974157,0.3309753749170019,0.8923631710422,medium,2017,9,1,0,9,26.333333333333332,87,80,15.76916823001983,1,0.0,0.012048192771084338,0.008888888888888889,0.4650111220103907,0.28358506880904594,0.5147992890419598,0.41258433224445074,0.7489749788354152,0.4567592275879993,False,True,False,False,False,False,True,False,False,True,True,False,False
track_000404,Song 405,Artist B,35,267839,0,0.7632631769200972,0.6940581273544533,10,-14.656861939686692,1,0.0234348471039151,0.1548206185838223,0.0139424279600541,0.1472997002401054,0.7559576201395591,138.02830906030536,4,0,4.463983333333333,long,0,0.5246785301933915,happy_energetic,0.5297490112517734,0.009492419143861,-0.5392375087706309,0,1,fast,0,0.5521132362412214,0.7557189676718885,0,0.7403099950162425,0.38049809526906064,0.7052153208020624,medium,2021,4,4,0,5,29.91919191919192,99,68,15.991500783213745,0,0.0,0.00796812749003984,0.008888888888888889,0.5297490112517734,0.576994614764676,0.5768124601240218,0.5246785301933915,0.5245128915085916,0.5712915122955653,True,False,False,False,False,False,True,False,True,False,True,False,False
track_000405,Song 406,Artist C,5,185133,1,0.7192476303017737,0.8556622168884215,8,-13.309204343122486,1,0.2362022411318222,0.4510351539961496,0.0975146162961489,0.3032316742531727,0.3864824919447419,160.68751847191166,4,0,3.08555,medium,1,0.3306984658459993,sad_energetic,0.6154330218357595,0.13868762483567332,-0.4046270628922719,0,1,very_fast,0,0.6427500738876466,0.7781799276146252,0,0.6603424647706585,0.33966014411535594,0.8244983716750032,low,2022,10,1,0,4,26.333333333333332,87,80,15.76916823001983,1,0.02,0.00796812749003984,0.008888888888888889,0.6154330218357595,0.27797661648437993,0.559704068885225,0.3306984658459993,0.6658591620008015,0.3007529176058792,False,False,False,True,False,True,False,False,False,True,False,False,False
track_000406,Song 407,Artist B,36,288773,0,0.8417368373641899,0.759045389997075,6,-14.153588457152138,0,0.0270320026114162,0.0744402183061447,0.4321309790485742,0.077061311723221,0.3870173437403618,134.79477920919555,4,0,4.812883333333334,long,0,0.29376373061503497,sad_energetic,0.638916465992006,-0.40509897643715803,-0.6846051716909304,0,1,fast,0,0.5391791168367822,0.7641068590474643,0,0.680513555066907,0.2181676734454439,0.7345362356218237,medium,2018,3,3,0,8,29.91919191919192,99,68,15.991500783213745,0,0.0,0.012048192771084338,0.008888888888888889,0.638916465992006,0.3257667549251017,0.6431768909428974,0.29376373061503497,0.5799917888251226,0.2957226069223407,False,False,False,True,False,False,True,False,True,False,True,False,False
track_000407,Song 408,Artist D,29,200764,0,0.894452793795536,0.8240421870889663,9,-9.328641496390324,0,0.324691036321339,0.1093387831307629,0.0529666350087486,0.3061142929572513,0.533895039114086,170.1879315586513,4,0,3.3460666666666667,medium,1,0.4399520357075206,neutral,0.7370668364471097,0.2717244013125904,-0.7147034039582034,0,1,very_fast,0,0.6807517262346051,0.8445226417268279,0,0.76516228537913,0.25669136885984106,0.8362075192278257,low,2016,9,0,0,10,29.21551724137931,116,73,15.869470846487799,1,0.0,0.012048192771084338,0.008888888888888889,0.7370668364471097,0.4775439093291712,0.7553856363161477,0.4399520357075206,0.6959222847347267,0.450886448837476,False,True,False,False,False,True,False,False,False,True,False,False,False
track_000408,Song 409,Artist D,30,295607,0,0.4202863304403848,0.7985783929280325,2,-11.997546155237496,0,0.1547513208315602,0.223909780970595,0.0078801454916064,0.3689101059543643,0.639114014236652,85.75263849863376,4,0,4.926783333333334,long,0,0.5103826423868892,happy_energetic,0.3356315823327025,0.1468711753399538,-0.5746686119574375,0,0,slow,0,0.343010553994535,0.8000408974127085,0,0.5994222543255593,0.34172459878082384,0.6879263336945085,low,2024,2,5,1,2,29.21551724137931,116,73,15.869470846487799,1,0.027777777777777776,0.012048192771084338,0.008888888888888889,0.3356315823327025,0.26861088377654635,0.3362462529758196,0.5103826423868892,0.6388953741325416,0.5113173494989296,True,False,False,False,False,False,True,False,False,False,False,False,False
track_000409,Song 410,Artist E,28,289509,1,0.8764021533299721,0.8558217111562156,4,-6.50442711793924,0,0.0889134745947518,0.3082389648351731,0.0371896479443106,0.2875843807154263,0.3687400574058105,95.1125785501255,4,0,4.82515,long,0,0.3155757469008819,sad_energetic,0.7500439905238487,0.051723826650441194,-0.5475827463210425,0,1,moderate,0,0.380450314200502,0.8915928813676792,0,0.7179293919005967,0.2771710898089477,0.748898299676832,low,2017,4,1,0,9,27.588785046728972,107,73,15.343213896081435,1,0.04081632653061224,0.012048192771084338,0.008888888888888889,0.7500439905238487,0.3231645803294698,0.7813939211243084,0.3155757469008819,0.763044545386788,0.32876601025813,False,False,False,True,False,False,True,True,False,False,False,False,False
track_000410,Song 411,Artist C,73,286690,1,0.6256824260693801,0.6442055441054945,2,-4.792986362133032,1,0.2693026251184509,0.1940587619695948,0.0356579426832797,0.1347949956358277,0.1845617418951157,84.57160334516946,4,1,4.7781666666666665,long,0,0.11889569735860085,sad_energetic,0.4030680877232708,0.23364468243517117,-0.45014678213589965,0,0,slow,0,0.33828641338067783,0.9201168939644494,1,0.4989031562279351,0.23973036412472426,0.6329835558633913,viral,2015,6,0,0,11,26.333333333333332,87,80,15.76916823001983,1,0.027777777777777776,0.00796812749003984,0.008888888888888889,0.4030680877232708,0.11547703842852673,0.5757009704830992,0.11889569735860085,0.5927444043170257,0.16981837669720226,False,False,False,True,False,False,True,False,False,False,False,False,True
track_000411,Song 412,Artist C,23,284005,1,0.485129061499945,0.9539185840506322,11,-8.288467348256395,1,0.0701051821036399,0.5450423129081807,0.0396198406068332,0.0396616179091491,0.1786665598309402,100.00239999920936,4,0,4.733416666666667,long,0,0.17043335177112806,sad_energetic,0.4627736274278396,0.030485341496806706,-0.4088762711424515,0,0,moderate,0,0.40000959999683744,0.8618588775290601,0,0.5338271677644497,0.2854413178973647,0.7993346675299422,low,2022,2,4,0,4,26.333333333333332,87,80,15.76916823001983,1,0.02631578947368421,0.00796812749003984,0.008888888888888889,0.4627736274278396,0.08667634049220779,0.41811278840106897,0.17043335177112806,0.8221432001039882,0.15398536070787278,False,False,False,True,False,False,True,True,False,False,False,False,False
track_000412,Song 413,Artist A,22,216393,0,0.7303946747291892,0.9193818314053426,6,-11.024438768352002,0,0.2159412177682464,0.0711724147424014,0.1144295324333126,0.2122254627125587,0.191753138614817,95.49086644950204,4,0,3.60655,medium,1,0.17629435175741295,sad_energetic,0.6715115937012315,0.10151168533493381,-0.8482094166629411,0,1,moderate,0,0.38196346579800816,0.8162593538608001,0,0.6254983608977236,0.11018035805980289,0.7661790861490843,low,2017,8,0,0,9,30.35164835164835,91,75,18.436300922288936,1,0.0,0.012048192771084338,0.008888888888888889,0.6715115937012315,0.14005547130687038,0.5961914852578172,0.17629435175741295,0.7504540196542839,0.15652029302651094,False,False,False,True,False,True,False,True,False,False,False,False,False
track_000413,Song 414,Artist C,12,131094,0,0.5158989170406357,0.7842422482694706,6,-10.540523875706787,1,0.2299464381327539,0.4473047151804229,0.0625856498662807,0.1320489385497172,0.4559547152666009,172.65402649977818,4,0,2.1849,short,0,0.35757895100974546,neutral,0.4045897265797333,0.16736078826647321,-0.3369375330890477,0,0,very_fast,0,0.6906161059991127,0.8243246020715536,0,0.5784186558770757,0.38043562617130827,0.8159670842987132,low,2024,8,5,1,2,26.333333333333332,87,80,15.76916823001983,1,0.0,0.00796812749003984,0.008888888888888889,0.4045897265797333,0.23522654382561084,0.42526816949866747,0.35757895100974546,0.6464701792324319,0.3758546892247893,False,True,False,False,True,False,False,False,False,True,False,False,False
track_000414,Song 415,Artist D,19,199768,0,0.9339306066938056,0.6887861769214764,4,-14.257662907400476,0,0.1345025367736248,0.2523427595625629,0.1051382642563231,0.1578131627669483,0.5064749859786828,185.8170275323025,5,0,3.329466666666667,medium,1,0.34885296929861526,neutral,0.6432784920945813,0.029364272517301712,-0.43644341735891345,0,1,very_fast,0,0.74326811012921,0.7623722848766588,0,0.73215059154757,0.3462437465421871,0.7755930867345238,low,2021,1,1,0,5,29.21551724137931,116,73,15.869470846487799,1,0.04081632653061224,0.012048192771084338,0.0,0.6432784920945813,0.4730124909303079,0.7120028105414007,0.34885296929861526,0.5251114914910845,0.3861224922934421,False,True,False,False,False,True,False,False,False,True,False,False,False
track_000415,Song 416,Artist C,29,156182,0,0.6867360550175376,0.5647548114685201,7,-7.985741814741683,1,0.2140100315846481,0.0777492994347913,0.2438344607257095,0.3150608272780311,0.3613537760253777,110.57399116574146,4,0,2.6030333333333333,short,1,0.20407628365265004,neutral,0.38783749128006473,-0.029824429141061398,-0.4870055120337288,0,0,moderate,1,0.44229596466296583,0.8669043030876386,0,0.5525269982551845,0.2700794091409738,0.6216192531003999,low,2024,12,3,0,2,26.333333333333332,87,80,15.76916823001983,1,0.0,0.00796812749003984,0.008888888888888889,0.38783749128006473,0.24815466661335878,0.5953344411801327,0.20407628365265004,0.48958837625150814,0.3132591433733667,False,True,False,False,True,False,False,True,False,False,False,False,False
track_000416,Song 417,Artist B,18,136999,0,0.6610089436718636,0.8251029744740036,5,-3.5816514554849253,0,0.0577389302314487,0.1988752558631476,0.0211716617836928,0.4605454570307927,0.5878063675695214,94.27350360852613,4,0,2.283316666666667,short,0,0.4850007822963716,neutral,0.5454004455775737,0.0365672684477559,-0.626227718610856,0,0,moderate,0,0.3770940144341045,0.9403058090752513,1,0.6882763800818029,0.3083611202739144,0.7420229044648413,low,2019,3,6,1,7,29.91919191919192,99,68,15.991500783213745,0,0.0,0.012048192771084338,0.008888888888888889,0.5454004455775737,0.38854526611072454,0.6215505495853489,0.4850007822963716,0.7758491199831744,0.5527177420370434,False,True,False,False,True,False,False,True,False,False,False,False,False
track_000417,Song 418,Artist A,30,206795,0,0.495652848097952,0.893734224804098,3,-14.065559228323604,1,0.0733363742361241,0.6173309346217891,0.0811806739105231,0.0763845502030826,0.3835068687347117,101.98782678678938,4,0,3.4465833333333333,medium,1,0.3427532140356645,sad_energetic,0.4429819139667665,-0.007844299674398994,-0.2764032901823089,0,0,moderate,0,0.40795130714715755,0.7655740128612732,0,0.5814334673008237,0.3938641670278998,0.7529636551544877,low,2024,10,4,0,2,30.35164835164835,91,75,18.436300922288936,1,0.0,0.00796812749003984,0.008888888888888889,0.4429819139667665,0.19008627175348727,0.3794589399044682,0.3427532140356645,0.6842196969147326,0.2936028924570948,False,False,False,True,False,True,False,True,False,False,False,False,False
track_000418,Song 419,Artist C,34,143989,0,0.6141265490151069,0.6156979536442675,3,-7.88454872487116,0,0.0717014699606674,0.4691150140724279,0.0183537988230098,0.0235893759018047,0.6587324951245663,116.8447889232117,4,0,2.3998166666666667,short,0,0.4055802492471779,happy_energetic,0.37811645950721723,0.05334767113765759,-0.1465829395718396,0,0,moderate,1,0.46737915569284677,0.8685908545854807,0,0.6279797542366928,0.5005563680730608,0.6568343311240474,medium,2019,9,1,0,7,26.333333333333332,87,80,15.76916823001983,1,0.0,0.012048192771084338,0.008888888888888889,0.37811645950721723,0.4045451139549606,0.5334247040326637,0.4055802492471779,0.534789611722406,0.5721690208834731,True,False,False,False,True,False,False,True,False,False,True,False,False
track_000419,Song 420,Artist C,31,272191,0,0.6538412828115158,0.5247133422047324,4,-12.757085582075073,1,0.2468890427660432,0.1627746818802256,0.0236143968501385,0.2528523857666833,0.3519707868469052,166.2508168717875,4,0,4.5365166666666665,long,0,0.1846837679248691,neutral,0.3430792447754601,0.2232746459159047,-0.36193866032450683,0,0,very_fast,0,0.66500326748715,0.7873819069654154,0,0.5245417518400977,0.3132871061447421,0.6692092778031304,medium,2021,5,5,1,5,26.333333333333332,87,80,15.76916823001983,1,0.04081632653061224,0.00796812749003984,0.008888888888888889,0.3430792447754601,0.23013303078415906,0.5148227961128448,0.1846837679248691,0.41314979199535884,0.27713542934363394,False,True,False,False,False,False,True,False,False,True,True,False,False
track_000420,Song 421,Artist E,29,123327,0,0.6955890166994584,0.6856174631840278,8,-8.864105476066483,1,0.0738474406445251,0.2341121496161383,0.1925292781146462,0.2458718106145591,0.7563224262990385,192.28446367009352,3,0,2.05545,short,0,0.5185478632683356,happy_energetic,0.476907977048155,-0.11868183747012111,-0.45150531356788953,0,0,very_fast,0,0.7691378546803741,0.8522649087322253,0,0.7108175735247032,0.41485634878095845,0.8016884088435993,low,2023,6,4,0,3,27.588785046728972,107,73,15.343213896081435,1,0.02,0.00796812749003984,0.030303030303030304,0.476907977048155,0.5260895728170968,0.5928261098325022,0.5185478632683356,0.5843277046857553,0.6445870636218852,True,False,False,False,True,False,False,False,False,True,False,False,False
track_000421,Song 422,Artist D,39,285070,0,0.7077139595705344,0.8920490110253965,6,-13.869331455029911,0,0.3605966167795491,0.0308081020380503,0.174321980457849,0.2309787789432433,0.4863471004143811,93.1706688840443,4,0,4.751166666666666,long,0,0.43384544993971785,neutral,0.6313155377237626,0.18627463632170008,-0.8612409089873462,0,1,moderate,0,0.37268267553617723,0.7688444757495015,0,0.696604417260147,0.1906126676319155,0.739549403988665,medium,2019,4,2,0,7,29.21551724137931,116,73,15.869470846487799,1,0.0,0.012048192771084338,0.008888888888888889,0.6313155377237626,0.34419463215991,0.5441219682266114,0.43384544993971785,0.6858469542246822,0.37392528145038506,False,True,False,False,False,False,True,True,False,False,True,False,False
track_000422,Song 423,Artist D,52,286251,1,0.8016599990422253,0.5957473940928495,3,-12.001281661591625,0,0.0600380637446359,0.1989699559276274,0.089353422978151,0.4348853092186694,0.7042409560021311,177.2691784156021,4,0,4.77085,long,0,0.41954971435172667,happy_calm,0.4775868553778819,-0.02931535923351511,-0.3967774381652221,0,1,very_fast,0,0.7090767136624084,0.7999786389734729,0,0.7106605046453843,0.41213605094383543,0.7237731924645225,high,2015,10,0,0,11,29.21551724137931,116,73,15.869470846487799,1,0.0,0.012048192771084338,0.008888888888888889,0.4775868553778819,0.5645618041141642,0.641310874953275,0.41954971435172667,0.4765851894983909,0.5633777214919622,False,False,False,False,False,False,True,False,False,True,False,True,False
track_000423,Song 424,Artist B,31,210221,0,0.5992538726715235,0.73878573011717,6,-8.841448098819024,1,0.0119279200007326,0.4683456166340462,0.0158227562754018,0.3543957741170659,0.3260953201249758,185.7591590561313,4,0,3.5036833333333335,medium,1,0.2409145691663225,sad_energetic,0.44272020984717314,-0.0038948362746691993,-0.27044011348312375,0,0,very_fast,0,0.7430366362245252,0.8526425316863496,0,0.5591658641412531,0.36353112365596024,0.8185601099800518,medium,2024,2,6,1,2,29.91919191919192,99,68,15.991500783213745,0,0.0,0.00796812749003984,0.008888888888888889,0.44272020984717314,0.19541388344495195,0.5109493391174972,0.2409145691663225,0.629920135300852,0.27804273932242995,False,False,False,True,False,True,False,False,False,True,True,False,False
track_000424,Song 425,Artist D,33,255203,1,0.3510156253074902,0.7760657532272889,7,-12.032378414067326,0,0.1417960706669844,0.4726418259975404,0.1396282804388732,0.215846279226925,0.681832681834017,71.775413903356,4,0,4.253383333333334,long,0,0.5291469938024989,happy_energetic,0.27241120564880517,0.0021677902281111994,-0.3034239272297485,0,0,slow,0,0.287101655613424,0.7994603597655446,0,0.5777757806413879,0.4607868089810346,0.6555880694217874,medium,2024,11,5,1,2,29.21551724137931,116,73,15.869470846487799,1,0.0,0.012048192771084338,0.008888888888888889,0.27241120564880517,0.2393339251690505,0.2806230780916537,0.5291469938024989,0.6204338062768068,0.5450982011189294,True,False,False,False,False,False,True,False,False,False,True,False,False
track_000425,Song 426,Artist B,9,254445,0,0.8962945342102009,0.7926860206422659,1,-9.743618602386364,1,0.0019920018515499,0.1986205132672975,0.0590994926344233,0.0988144701329716,0.5391707681677508,173.32977901861858,4,0,4.24075,long,0,0.42739313066552803,neutral,0.7104801476464974,-0.0571074907828734,-0.5940655073749684,0,1,very_fast,0,0.6933191160744743,0.837606356626894,0,0.7580748503270853,0.30339362956456445,0.8238589501744396,low,2015,8,2,0,11,29.91919191919192,99,68,15.991500783213745,0,0.0,0.00796812749003984,0.008888888888888889,0.7104801476464974,0.48325581251467037,0.7507419992644053,0.42739313066552803,0.6639588496992392,0.45161286272471346,False,True,False,False,False,False,True,False,False,True,False,False,False
track_000426,Song 427,Artist B,12,297597,0,0.6911975009556529,0.6626941464271545,1,-9.917710892387728,0,0.1340937054770054,0.3231238053887005,0.0045802421026335,0.1629917633632586,0.5243090350332312,116.68560750148302,5,0,4.95995,long,0,0.3474565284353922,neutral,0.45805253790838873,0.1295134633743719,-0.339570341038454,0,0,moderate,1,0.4667424300059321,0.8347048184602045,0,0.632579954820377,0.38773398873730325,0.6733164481578428,low,2016,11,1,0,10,29.91919191919192,99,68,15.991500783213745,0,0.0,0.012048192771084338,0.0,0.45805253790838873,0.3624010947434393,0.5769458845553352,0.3474565284353922,0.5531539971881182,0.4376432779044583,False,True,False,False,False,False,True,True,False,False,False,False,False
track_000427,Song 428,Artist B,13,250956,0,0.8266256538476072,0.4894005313544728,2,-7.966555814334037,0,0.0188286687412395,0.0395118691398385,0.2087790685877922,0.1990158454229711,0.6025381123536029,96.69834706235996,4,0,4.1826,long,0,0.2948824723471743,happy_calm,0.4045510342242575,-0.18995039984655268,-0.4498886622146343,0,1,moderate,0,0.3867933882494398,0.8672240697610994,0,0.6582318546514656,0.3497460219556744,0.5631926002229962,low,2020,6,3,0,6,29.91919191919192,99,68,15.991500783213745,0,0.027777777777777776,0.012048192771084338,0.008888888888888889,0.4045510342242575,0.4980734610924,0.7168696636986518,0.2948824723471743,0.4244199205444705,0.5225355539814621,False,False,False,False,False,False,True,True,False,False,False,False,False
track_000428,Song 429,Artist D,20,206694,0,0.3799909519754187,0.3058270210382998,9,-5.067363026507902,0,0.0242975027757316,0.2425858592109745,0.0057817149528096,0.425200664549266,0.4817882033132536,176.35945502095356,4,0,3.4449,medium,1,0.14734385099068706,neutral,0.11621150086414994,0.018515787822922,-0.06324116182732528,0,0,very_fast,0,0.7054378200838143,0.9155439495582016,0,0.3882809480956335,0.44982269836687594,0.6005614829622206,low,2023,5,4,0,3,29.21551724137931,116,73,15.869470846487799,1,0.0,0.012048192771084338,0.008888888888888889,0.11621150086414994,0.18307515802752983,0.34789841696795576,0.14734385099068706,0.2799980787230242,0.44109827451196604,False,True,False,False,False,True,False,False,False,True,False,False,False
track_000429,Song 430,Artist D,73,156683,0,0.8307243757900827,0.8986192341515689,4,-10.06869800135223,0,0.0105179753634346,0.3182896777613294,0.0298306728496706,0.1074707839436168,0.4631594194720024,116.73160961010676,3,1,2.6113833333333334,short,1,0.416203962816016,neutral,0.7465049023635243,-0.019312697486236,-0.5803295563902395,0,1,moderate,1,0.466926438440427,0.8321883666441294,0,0.7408233464031045,0.29667792670066184,0.7908447048197704,viral,2022,9,0,0,4,29.21551724137931,116,73,15.869470846487799,1,0.04081632653061224,0.012048192771084338,0.030303030303030304,0.7465049023635243,0.38475781963217626,0.6913191614202129,0.416203962816016,0.7478204727035925,0.38543588078624885,False,True,False,False,True,False,False,True,False,False,False,False,True
track_000430,Song 431,Artist A,75,229373,0,0.6061705013357024,0.5304729478695339,4,-6.874045482330324,0,0.0785786681752365,0.3340292391694477,0.1706024198685721,0.1781298901815446,0.5315520522042332,193.87628772383337,4,1,3.8228833333333334,medium,1,0.28197398407887997,neutral,0.32155705275510327,-0.09202375169333561,-0.1964437087000862,0,0,very_fast,0,0.7755051508953335,0.8854325752944946,0,0.5610757005564111,0.4339354269681889,0.7331374205794159,viral,2019,1,4,0,7,30.35164835164835,91,75,18.436300922288936,1,0.04081632653061224,0.012048192771084338,0.008888888888888889,0.32155705275510327,0.32221117397066146,0.5367231080652258,0.28197398407887997,0.4696980283561836,0.4706535024862678,False,True,False,False,False,True,False,False,False,True,False,False,True
track_000431,Song 432,Artist A,6,252702,0,0.5937908593948834,0.3826568281248991,3,-9.71568963088566,0,0.0083082575857496,0.1577233922794148,0.2649431523751585,0.0825388776484077,0.19232115582599,103.08493232509484,4,0,4.2117,long,0,0.07359300346968779,sad_calm,0.22721812682560402,-0.2566348947894089,-0.2249334358454843,0,0,moderate,0,0.4123397293003794,0.838071839485239,0,0.4100097389432201,0.3059886552220932,0.5135701804471395,low,2015,5,6,1,11,30.35164835164835,91,75,18.436300922288936,1,0.0,0.012048192771084338,0.008888888888888889,0.22721812682560402,0.11419854439773189,0.49763939780259087,0.07359300346968779,0.3206939118382211,0.16117894483501471,False,False,True,False,False,False,True,True,False,False,False,False,False
track_000432,Song 433,Artist A,58,201972,1,0.9007148143022738,0.5080403295288682,4,-4.816466415348263,0,0.0593820815450727,0.1166265391644142,0.2119762669486305,0.1603228348153062,0.7279569374924798,127.47219911498092,3,0,3.3662,medium,1,0.36983148240650515,happy_calm,0.45759945106966055,-0.1525941854035578,-0.391413790364454,0,1,fast,1,0.5098887964599237,0.9197255597441957,1,0.731085105827314,0.4126255980548491,0.6291735753857446,high,2021,6,1,0,5,30.35164835164835,91,75,18.436300922288936,1,0.04081632653061224,0.012048192771084338,0.030303030303030304,0.45759945106966055,0.6556815977735909,0.8284104367540481,0.36983148240650515,0.467257676448564,0.6695206018049414,False,False,False,False,False,True,False,False,True,False,False,True,False
track_000433,Song 434,Artist E,18,259335,0,0.5319804483209094,0.6395154713409792,3,-7.887592345945208,1,0.2363777963019158,0.4609819668851198,0.0618031809085468,0.1373929435744398,0.651333856832077,154.80661315674996,4,0,4.32225,long,0,0.41653807845230356,happy_energetic,0.3402097271521318,0.174574615393369,-0.17853350445585942,0,0,very_fast,0,0.6192264526269998,0.8685401275675798,0,0.6000469777802806,0.48793830240137726,0.7256756809191305,low,2019,5,4,0,7,27.588785046728972,107,73,15.343213896081435,1,0.0,0.00796812749003984,0.008888888888888889,0.3402097271521318,0.34649687716411537,0.46204636644810093,0.41653807845230356,0.555444849059935,0.5657095911020159,True,False,False,False,False,False,True,False,False,True,False,False,False
track_000434,Song 435,Artist B,37,240062,0,0.8729267482093287,0.6369319787390061,11,-9.674887466635974,1,0.0777404367697592,0.5625072128181741,0.1253214924681806,0.1058629564807023,0.1856510650983761,146.50028156871582,4,0,4.001033333333333,long,0,0.11824710024811272,sad_energetic,0.5559949610311739,-0.047581055698421415,-0.07442476592083203,0,1,fast,0,0.5860011262748632,0.8387518755560671,0,0.5959456124349461,0.3896186110350806,0.7059667868337902,medium,2020,6,0,0,6,29.91919191919192,99,68,15.991500783213745,0,0.02631578947368421,0.00796812749003984,0.008888888888888889,0.5559949610311739,0.16205978055792383,0.7321689472836332,0.11824710024811272,0.5342278917689784,0.15571517905024446,False,False,False,True,False,False,True,False,True,False,True,False,False
track_000435,Song 436,Artist A,6,241219,1,0.7127716603611645,0.7785051630946902,6,-4.2109324804728825,0,0.2659876213145467,0.0928992081838383,0.1349774624217684,0.0221188782570693,0.2610964122419881,170.8426050199514,4,0,4.020316666666667,long,0,0.2032649049958874,sad_energetic,0.5548964176987414,0.13101015889277828,-0.6856059549108519,0,1,very_fast,0,0.6833704200798056,0.9298177919921186,1,0.5969891367454693,0.1819370580177247,0.8314800474756959,low,2021,6,1,0,5,30.35164835164835,91,75,18.436300922288936,1,0.0,0.012048192771084338,0.008888888888888889,0.5548964176987414,0.1861021232680649,0.6627477714315742,0.2032649049958874,0.723867951803169,0.24277208952790932,False,False,False,True,False,False,True,False,False,True,False,False,False
track_000436,Song 437,Artist A,66,219214,1,0.6492813291969215,0.7394936223610592,7,-8.287257064338359,1,0.0206450261746425,0.4808339098593076,0.1327097855471314,0.0717471934761548,0.1801854643369664,130.84074686737125,4,0,3.653566666666667,medium,1,0.13324600171935272,sad_energetic,0.48013940205923483,-0.11206475937248889,-0.2586597125017516,0,0,fast,0,0.523362987469485,0.861879048927694,0,0.5356162576881763,0.3245411165364952,0.7383837412671252,high,2017,7,4,0,9,30.35164835164835,91,75,18.436300922288936,1,0.0,0.00796812749003984,0.008888888888888889,0.48013940205923483,0.11699105778667003,0.5596019744947517,0.13324600171935272,0.637354059928645,0.1552980766333395,False,False,False,True,False,True,False,False,True,False,False,True,False
track_000437,Song 438,Artist B,31,233892,0,0.8882027261859722,0.87894637872596,10,-12.720041889572586,0,0.0536026005648915,0.1993514842718617,0.0628171066884101,0.4769037549483048,0.6940174856748482,120.30841771324788,4,0,3.8982,medium,1,0.6100041558064037,happy_energetic,0.7806825697556857,-0.009214506123518602,-0.6795948944540984,0,1,fast,1,0.4812336708529915,0.787999301840457,0,0.8271702497946313,0.3242619257934112,0.7775356763009432,medium,2024,4,3,0,2,29.91919191919192,99,68,15.991500783213745,0,0.0,0.012048192771084338,0.008888888888888889,0.7806825697556857,0.616428222797134,0.6999031281273367,0.6100041558064037,0.6926091327912544,0.5468852941768497,True,False,False,False,False,True,False,False,True,False,True,False,False
track_000438,Song 439,Artist B,20,169649,0,0.7615340881207998,0.7073126399258183,7,-8.678364973728762,1,0.0280252229140681,0.32335038669028,0.0381446463557737,0.1868129108806219,0.7319332924341095,192.1976419247009,4,0,2.8274833333333333,short,1,0.517705669321166,happy_energetic,0.5386426862622237,-0.010119423441705598,-0.3839622532355383,0,1,very_fast,0,0.7687905676988036,0.8553605837711873,0,0.7363874149562983,0.43672635042859936,0.813024899604198,low,2017,11,5,1,9,29.91919191919192,99,68,15.991500783213745,0,0.0,0.00796812749003984,0.008888888888888889,0.5386426862622237,0.5573921524190643,0.6513862421766661,0.517705669321166,0.6050073525956875,0.626066888298007,True,False,False,False,True,False,False,False,False,True,False,False,False
track_000439,Song 440,Artist E,42,151923,0,0.5381896089982985,0.7903249266505998,7,-9.66473280916679,0,0.2283275200443293,0.4582452815293307,0.1857124561638709,0.1398003435841969,0.4856103738270064,139.3470389393326,4,0,2.53205,short,1,0.3837899830755992,neutral,0.42534466325569525,0.04261506388045841,-0.33207964512126914,0,0,fast,0,0.5573881557573305,0.8389211198472201,0,0.5980564337426013,0.39188374676465426,0.7719672457037429,medium,2019,8,1,0,7,27.588785046728972,107,73,15.343213896081435,1,0.0,0.012048192771084338,0.008888888888888889,0.42534466325569525,0.2613504572154741,0.45149862947099006,0.3837899830755992,0.6630202725088933,0.40738879862037936,False,True,False,False,True,False,False,False,True,False,True,False,False
track_000440,Song 441,Artist D,45,139692,1,0.7812501453589805,0.6472825190130314,1,-14.79684777089358,1,0.0791135469560627,0.2891070867008065,0.052296765632906,0.1005481554893201,0.4190154201174862,163.19749522564683,4,0,2.3282,short,0,0.2712213566389501,neutral,0.5056895620672578,0.026816781323156694,-0.3581754323122249,0,1,very_fast,0,0.6527899809025873,0.7533858704851071,0,0.6323894398827474,0.347162705011659,0.7191146764420073,medium,2020,7,5,1,6,29.21551724137931,116,73,15.869470846487799,1,0.0,0.00796812749003984,0.008888888888888889,0.5056895620672578,0.3273558578744404,0.5885828208278919,0.2712213566389501,0.4876535040364255,0.3156802970318952,False,True,False,False,True,False,False,False,False,True,True,False,False
track_000441,Song 442,Artist C,25,279882,0,0.7264541802499623,0.7511652074727354,2,-7.873747623530391,0,0.0071556721253877,0.0784691649872367,0.1205407899983324,0.1001781175316562,0.4870550035018455,63.099593424742,4,0,4.6647,long,0,0.3658587727560976,neutral,0.5456871050268989,-0.1133851178729447,-0.6726960424854987,0,1,slow,0,0.252398373698968,0.8687708729411602,0,0.6620477353923592,0.2521546048036277,0.6439861684617127,low,2023,9,1,0,3,26.333333333333332,87,80,15.76916823001983,1,0.027777777777777776,0.012048192771084338,0.008888888888888889,0.5456871050268989,0.3538231433055757,0.6311222323275147,0.3658587727560976,0.652590453019116,0.42313920056265814,False,True,False,False,False,False,True,False,False,False,False,False,False
track_000442,Song 443,Artist B,14,133233,0,0.7562726232701378,0.5846049282020258,4,-8.049345725146718,0,0.1685303007272058,0.1850393339688501,0.0064644657685343,0.1143630341967503,0.2979148172786071,151.24842703467448,3,0,2.22055,short,0,0.17416247036547974,neutral,0.44212070262799663,0.1620658349586715,-0.3995655942331757,0,1,very_fast,0,0.6049937081386979,0.8658442379142213,0,0.567264972952245,0.2880087003105144,0.6923439522358689,low,2019,7,3,0,7,29.91919191919192,99,68,15.991500783213745,0,0.04081632653061224,0.012048192771084338,0.030303030303030304,0.44212070262799663,0.22530482037433594,0.6548142931507214,0.17416247036547974,0.506176808539981,0.25794782792995,False,True,False,False,True,False,False,False,False,True,False,False,False
track_000443,Song 444,Artist A,48,178817,0,0.9272987349314123,0.7834418221161281,6,-10.29446574015854,0,0.0290134211370325,0.5458682954332185,0.0996793279630072,0.1719096776557356,0.2363834377108538,187.77245542607776,4,0,2.9802833333333334,short,1,0.18519267115826557,sad_energetic,0.7264846105406462,-0.0706659068259747,-0.23757352668290965,0,1,very_fast,0,0.751089821704311,0.8284255709973576,0,0.6768670719206595,0.35422980285170513,0.8390647083966523,medium,2015,3,5,1,11,30.35164835164835,91,75,18.436300922288936,1,0.0,0.012048192771084338,0.008888888888888889,0.7264846105406462,0.21919806274801304,0.7681979839706826,0.18519267115826557,0.6490232388297636,0.19582608435993237,False,False,False,True,True,False,False,False,False,True,True,False,False
track_000444,Song 445,Artist D,26,196918,0,0.8938262057701082,0.3272715435591958,11,-8.143781211516655,0,0.0576914591537297,0.4438543173773391,0.2258330273362162,0.2617866287923623,0.5232688619854888,95.05590394118964,4,0,3.2819666666666665,medium,1,0.17125100815845473,neutral,0.2925238820360427,-0.16814156818248652,0.1165827738181433,0,1,moderate,0,0.38022361576475855,0.8642703131413891,0,0.6126926039714486,0.5363409224788236,0.4790736903196602,low,2018,3,2,0,8,29.21551724137931,116,73,15.869470846487799,1,0.02631578947368421,0.012048192771084338,0.008888888888888889,0.2925238820360427,0.4677114215061319,0.7725074547549111,0.17125100815845473,0.2828510794341719,0.4522457432053368,False,True,False,False,False,True,False,True,False,False,False,False,False
track_000445,Song 446,Artist B,41,155944,0,0.8958288619609632,0.8685271851096276,6,-9.53682783149781,1,0.2812539714024071,0.1291821222766993,0.1807171771171665,0.3127791708621456,0.5552097880987574,138.77334929188663,4,0,2.599066666666667,short,1,0.4822147944027266,neutral,0.7780517198189165,0.1005367942852406,-0.7393450628329282,0,1,fast,0,0.5550933971675466,0.8410528694750365,0,0.7854526367469008,0.2576776298074187,0.810634190387651,medium,2019,8,0,0,7,29.91919191919192,99,68,15.991500783213745,0,0.0,0.00796812749003984,0.008888888888888889,0.7780517198189165,0.4973729526220974,0.7534394349108245,0.4822147944027266,0.7304772812535285,0.46696078544108693,False,True,False,False,True,False,False,False,True,False,True,False,False
track_000446,Song 447,Artist B,4,121961,0,0.678623081766761,0.4673966164738857,10,-5.037211623189952,0,0.0248793952412671,0.4420570373874966,0.01357219370388,0.1821888900253838,0.3183233274211549,113.74249348079886,4,0,2.0326833333333334,short,0,0.14878324618135666,neutral,0.31718613227886516,0.0113072015373871,-0.02533957908638912,0,0,moderate,1,0.45496997392319544,0.9160464729468341,0,0.5071652158752166,0.43210082823917934,0.5875213430475079,low,2024,5,2,0,2,29.91919191919192,99,68,15.991500783213745,0,0.0,0.012048192771084338,0.008888888888888889,0.31718613227886516,0.21602155745279383,0.6216502805127524,0.14878324618135666,0.4281570219881871,0.29159896134084917,False,True,False,False,True,False,False,True,False,False,False,False,False
track_000447,Song 448,Artist D,11,181576,1,0.6625138341842357,0.2197052456865311,6,-9.377879400962106,0,0.0365974459986405,0.2725412072493337,0.0838948082127258,0.2498762432657179,0.5382962291859598,64.06558630929071,4,0,3.026266666666667,medium,1,0.11826650528543454,neutral,0.14555776471017323,-0.047297362214085294,0.05283596156280257,0,0,slow,0,0.25626234523716285,0.8437020099839648,0,0.49240597613544157,0.5045937779495621,0.3746914043039946,low,2024,4,4,0,2,29.21551724137931,116,73,15.869470846487799,1,0.0,0.012048192771084338,0.008888888888888889,0.14555776471017323,0.35662869872490627,0.5589642535434228,0.11826650528543454,0.18536575738974712,0.45416161053098325,False,True,False,False,False,True,False,False,False,False,False,False,False
track_000448,Song 449,Artist E,42,195033,0,0.6264390914129891,0.6988516038499444,8,-10.28466672751968,0,0.0884167398598359,0.3884036542324359,0.0081019558148631,0.03950467564211,0.4125513753915934,199.07881534155948,4,0,3.25055,medium,1,0.28831219036291555,neutral,0.4377879637482694,0.0803147840449728,-0.3104479496175085,0,0,very_fast,0,0.7963152613662379,0.828588887874672,0,0.583996530337657,0.36947139315546906,0.8137618025122458,medium,2019,8,3,0,7,27.588785046728972,107,73,15.343213896081435,1,0.02,0.012048192771084338,0.008888888888888889,0.4377879637482694,0.25843830876148877,0.5190604700751087,0.28831219036291555,0.5790606732234562,0.34183548532688673,False,True,False,False,False,True,False,False,False,True,True,False,False
track_000449,Song 450,Artist C,21,263464,0,0.8276303963687787,0.4398445134671914,5,-6.069176898753135,0,0.0998467312827911,0.1850932762292792,0.0475260718697738,0.1016564226296418,0.3530196983182855,129.73687229962076,4,0,4.391066666666666,long,0,0.15527377745114096,neutral,0.3640286890214842,0.052320659413017306,-0.25475123723791215,0,1,fast,1,0.518947489198483,0.8988470516874477,0,0.5689114220831545,0.34798986594703996,0.5942969755205163,low,2021,6,2,0,5,26.333333333333332,87,80,15.76916823001983,1,0.0,0.012048192771084338,0.008888888888888889,0.3640286890214842,0.2921698328451493,0.7439131416629904,0.15527377745114096,0.3953529441308849,0.3173107150209832,False,True,False,False,False,False,True,False,True,False,False,False,False
track_000450,Song 451,Artist B,40,234816,0,0.4119919676265218,0.5104416128252133,11,-13.561391140981357,1,0.0625624293399653,0.3870961806567247,0.0145329942146768,0.2353324403812469,0.3959172787367854,82.25511316316829,3,0,3.9136,medium,1,0.20209265430377427,neutral,0.21029784442631483,0.0480294351252885,-0.12334543216848859,0,0,slow,0,0.32902045265267316,0.7739768143169774,0,0.4367044545192083,0.4204811720361615,0.5333988390207546,medium,2018,2,1,0,8,29.91919191919192,99,68,15.991500783213745,0,0.02631578947368421,0.00796812749003984,0.030303030303030304,0.21029784442631483,0.16311473868410628,0.3188722306277586,0.20209265430377427,0.3950699733892786,0.30643079412974394,False,True,False,False,False,True,False,False,False,False,True,False,False
track_000451,Song 452,Artist B,33,285884,0,0.1484482072403349,0.8737447005282204,6,-13.981259346596357,0,0.0272591315167886,0.413105125304971,0.102042018491939,0.1112452440697056,0.6961992365715335,120.77069518756876,4,0,4.764733333333333,long,0,0.6083003934661702,happy_energetic,0.12970583437915761,-0.0747828869751504,-0.4606395752232494,0,0,fast,1,0.48308278075027505,0.7669790108900607,0,0.5303624640260601,0.41197841093498233,0.7714241952234755,medium,2015,4,4,0,11,29.91919191919192,99,68,15.991500783213745,0,0.0,0.012048192771084338,0.008888888888888889,0.12970583437915761,0.10334952855113394,0.1138566591575948,0.6083003934661702,0.6701438461815667,0.5339702018480501,True,False,False,False,False,False,True,False,True,False,True,False,False
track_000452,Song 453,Artist B,23,136260,0,0.4482970331039226,0.6094822480114734,4,-5.327370237759366,1,0.197293191632989,0.147341319003066,0.027364387580046,0.1333862089315699,0.8215637485980544,199.159682677914,4,0,2.271,short,0,0.5007285203802752,happy_energetic,0.2732290835130527,0.169928804052943,-0.4621409290084074,0,0,very_fast,0,0.7966387307116559,0.9112104960373438,0,0.6086326122244273,0.4225609777772007,0.7857227472300765,low,2019,12,4,0,7,29.91919191919192,99,68,15.991500783213745,0,0.04081632653061224,0.00796812749003984,0.008888888888888889,0.2732290835130527,0.3683045910022447,0.4084929619066949,0.5007285203802752,0.5553666215364901,0.7486175108863328,True,False,False,False,True,False,False,False,False,True,False,False,False
track_000453,Song 454,Artist D,29,261449,0,0.7903809330274666,0.5441280504937541,2,-8.795823313359408,0,0.0371323925234646,0.267660884831222,0.0595986989239208,0.1064946436027069,0.3199773012990707,188.33538551124585,4,0,4.357483333333334,long,0,0.17410862515811593,neutral,0.4300684362356698,-0.0224663064004562,-0.2764671656625321,0,1,very_fast,0,0.7533415420449834,0.8534029447773432,0,0.5753839787488341,0.33981912917408374,0.7252476924692145,low,2021,11,2,0,5,29.21551724137931,116,73,15.869470846487799,1,0.027777777777777776,0.012048192771084338,0.008888888888888889,0.4300684362356698,0.2529039579483703,0.6745134157415041,0.17410862515811593,0.4643604806273247,0.27306957119053415,False,True,False,False,False,False,True,False,False,True,False,False,False
track_000454,Song 455,Artist C,27,140922,0,0.603576429279016,0.8219067509649196,10,-9.610323738487308,1,0.0129253566536245,0.3585798876104895,0.2973557625998005,0.3644455901743852,0.6600154208110623,197.70271087780645,4,0,2.3487,short,0,0.5424711301055645,happy_energetic,0.49608354194772364,-0.284430405946176,-0.46332686335443013,0,0,very_fast,0,0.7908108435112258,0.8398279376918781,0,0.686007223244401,0.3948645559980386,0.8754730293375451,low,2024,4,2,0,2,26.333333333333332,87,80,15.76916823001983,1,0.0,0.00796812749003984,0.008888888888888889,0.49608354194772364,0.39836975096222815,0.5069003478408237,0.5424711301055645,0.6902602516379005,0.5542993897045916,True,False,False,False,True,False,False,False,False,True,False,False,False
track_000455,Song 456,Artist A,10,125898,0,0.903622032662715,0.8254526471157598,10,-11.65241475362039,1,0.1513611071079666,0.4525800734433901,0.0359533507445397,0.1075399764765925,0.3405730991672312,97.57297113880068,4,0,2.0983,short,0,0.2811269662440092,sad_energetic,0.7458971988535616,0.1154077563634269,-0.37287257367236976,0,1,moderate,0,0.39029188455520275,0.8057930874396602,0,0.7112565369499833,0.33556816499279746,0.7202443977540129,low,2024,6,3,0,2,30.35164835164835,91,75,18.436300922288936,1,0.0,0.00796812749003984,0.008888888888888889,0.7458971988535616,0.30774935613973387,0.7281323875777905,0.2811269662440092,0.6651440370546484,0.2744314490768568,False,False,False,True,True,False,False,True,False,False,False,False,False
track_000456,Song 457,Artist B,37,227227,0,0.8160915314447215,0.5212504855468929,1,-9.591994552719225,1,0.0586519607629407,0.2369659890532048,0.0402974683931166,0.1663634312991041,0.5442758844082238,151.85803261140825,4,0,3.7871166666666665,medium,1,0.2837040690192512,neutral,0.4253881070162685,0.018354492369824102,-0.28428449649368814,0,1,very_fast,0,0.607432130445633,0.8401334241213462,0,0.6460945235644235,0.4016940152796812,0.656438976514828,medium,2020,6,0,0,6,29.91919191919192,99,68,15.991500783213745,0,0.0,0.00796812749003984,0.008888888888888889,0.4253881070162685,0.4441789400351376,0.6856257727090871,0.2837040690192512,0.4379199552474254,0.4572643624345551,False,True,False,False,False,True,False,False,False,True,True,False,False
track_000457,Song 458,Artist B,55,235584,0,0.7293234915978453,0.4812008665062784,4,-7.417323933577748,0,0.1310818568125919,0.1149829985212872,0.1378416075329089,0.2153854355919733,0.6932132198797103,103.40025938952274,4,0,3.9264,medium,1,0.3335748020797239,happy_calm,0.3509510961202676,-0.0067597507203169815,-0.36621786798499123,0,1,moderate,0,0.41360103755809097,0.8763779344403708,0,0.6440536225549347,0.40959690542054444,0.5709764092254975,high,2019,1,2,0,7,29.91919191919192,99,68,15.991500783213745,0,0.04081632653061224,0.012048192771084338,0.008888888888888889,0.3509510961202676,0.5055766859444552,0.6391630151053588,0.3335748020797239,0.4217138214396889,0.6075167697649391,False,False,False,False,False,True,False,True,False,False,False,True,False
track_000458,Song 459,Artist A,46,194960,1,0.7937226235785754,0.5969058726609436,1,-10.801522911598152,1,0.0961969561900785,0.1747867638039882,0.0353252816483723,0.1699093218186204,0.6579255437620075,107.7068885088442,4,0,3.2493333333333334,medium,1,0.39271962084518697,happy_calm,0.4737776952779032,0.060871674541706194,-0.42211910885695547,0,1,moderate,0,0.4308275540353768,0.8199746181400307,0,0.6939384743583156,0.3882206068519144,0.6240081927217442,medium,2018,8,6,1,8,30.35164835164835,91,75,18.436300922288936,1,0.0,0.00796812749003984,0.008888888888888889,0.4737776952779032,0.5222103887141414,0.6508324051779457,0.39271962084518697,0.48944766500069903,0.5394822465108242,False,False,False,False,False,True,False,True,False,False,True,False,False
track_000459,Song 460,Artist A,61,162222,1,0.934157491265754,0.5732432371880586,8,-12.262531160156062,0,0.0740532578688132,0.1705347947745508,0.0751890444675884,0.1715553410323413,0.5648249568873416,85.63895202004778,4,0,2.7037,short,1,0.3237820867307053,neutral,0.5354994643366564,-0.0011357865987751958,-0.4027084424135078,0,1,slow,0,0.34255580808019115,0.7956244806640657,0,0.7150834547289217,0.36568843381960525,0.5742049427569141,high,2016,6,2,0,10,30.35164835164835,91,75,18.436300922288936,1,0.02,0.012048192771084338,0.008888888888888889,0.5354994643366564,0.5276354647301666,0.743238568846762,0.3237820867307053,0.45608635288193694,0.4493885629895944,False,True,False,False,True,False,False,False,False,False,False,True,False
track_000460,Song 461,Artist E,34,242672,0,0.9217118124369336,0.722210800725688,2,-8.516077593095337,0,0.053615233367336,0.4937252602845246,0.1865923073828727,0.0511406511611152,0.4855877959410347,86.05850161153393,4,0,4.044533333333334,long,0,0.35069675092919667,neutral,0.665670226098403,-0.13297707401553668,-0.22848554044116337,0,1,slow,0,0.3442340064461357,0.858065373448411,0,0.7310243039747901,0.42650320267841385,0.6618062274698271,medium,2018,3,5,1,8,27.588785046728972,107,73,15.343213896081435,1,0.027777777777777776,0.012048192771084338,0.008888888888888889,0.665670226098403,0.44757200749406695,0.7908889905505092,0.35069675092919667,0.6197040804331635,0.41666607346613477,False,True,False,False,False,False,True,False,False,False,True,False,False
track_000461,Song 462,Artist E,16,195139,0,0.7320119308001168,0.9638084596447708,11,-6.504233983402948,0,0.2438013430974909,0.1681322273422561,0.0493446475617825,0.1727287902602453,0.3478413837783374,101.99880587751956,3,0,3.2523166666666667,medium,1,0.3352524683001049,sad_energetic,0.7055192914660552,0.1944566955357084,-0.7956762323025147,0,1,moderate,0,0.4079952235100782,0.8915961002766175,0,0.6862997253469793,0.18246276817697243,0.8132216586939882,low,2024,9,1,0,2,27.588785046728972,107,73,15.343213896081435,1,0.02631578947368421,0.012048192771084338,0.030303030303030304,0.7055192914660552,0.2546240429517652,0.6526589828573414,0.3352524683001049,0.8593278640328913,0.3101340212915879,False,False,False,True,False,True,False,True,False,False,False,False,False
track_000462,Song 463,Artist D,40,209424,0,0.69128642710928,0.52309761812721,0,-9.872042088311906,1,0.2483250183825624,0.3827752570521467,0.0556889124712985,0.3197332131184788,0.4948785653041287,152.42416983057396,4,0,3.4904,medium,1,0.2588697987728007,neutral,0.36161028346453356,0.1926361059112639,-0.1403223610750633,0,0,very_fast,0,0.6096966793222959,0.8354659651948015,0,0.5819074258731136,0.44464438697393427,0.6572782568484262,medium,2024,2,6,1,2,29.21551724137931,116,73,15.869470846487799,1,0.0,0.00796812749003984,0.008888888888888889,0.36161028346453356,0.34210283526205765,0.5775462820509204,0.2588697987728007,0.43703025641975124,0.4134541982160325,False,True,False,False,False,True,False,False,False,True,True,False,False
track_000463,Song 464,Artist C,47,246278,1,0.6743673898571947,0.7570297566876772,6,-7.694374890018047,1,0.0735058128895287,0.5511916406606936,0.2410409998759558,0.0872548849690695,0.4969940963857692,162.99765074287552,4,0,4.104633333333333,long,0,0.3762393198621309,neutral,0.510516181061696,-0.1675351869864271,-0.20583811602698365,0,0,very_fast,0,0.6519906029715021,0.8717604184996992,0,0.6459541118649118,0.44246595817370504,0.7973634381580917,medium,2017,11,6,1,9,26.333333333333332,87,80,15.76916823001983,1,0.0,0.00796812749003984,0.008888888888888889,0.510516181061696,0.3351566115541062,0.5878867980044579,0.3762393198621309,0.6599485775067749,0.433259781457138,False,True,False,False,False,False,True,False,False,True,True,False,False
track_000464,Song 465,Artist D,62,298173,1,0.844789474246096,0.8505883462022649,4,-4.895906257936691,1,0.0321791406099414,0.4472257269775531,0.2555857723400937,0.2095278288357929,0.3125123762261874,100.38416905853798,4,0,4.96955,long,0,0.26581938526197274,sad_energetic,0.7185680817880676,-0.22340663173015232,-0.4033626192247118,0,1,moderate,0,0.4015366762341519,0.9184015623677219,1,0.686846006426974,0.317467499798198,0.7595507391624838,high,2024,8,5,1,2,29.21551724137931,116,73,15.869470846487799,1,0.04081632653061224,0.00796812749003984,0.008888888888888889,0.7185680817880676,0.264007166007519,0.7758559730194209,0.26581938526197274,0.7811816660839368,0.2870118545853798,False,False,False,True,False,False,True,True,False,False,False,True,False
track_000465,Song 466,Artist D,11,148807,0,0.6055200504910586,0.8790168941555131,10,-14.495563173714952,0,0.3727185128796104,0.2774827258851058,0.1736234374310598,0.2106782573642337,0.3155634036063736,173.83217497593475,4,0,2.4801166666666665,short,0,0.27738556294721717,sad_energetic,0.5322623541315398,0.1990950754485506,-0.6015341682704073,0,0,very_fast,0,0.695328699903739,0.758407280438084,0,0.6005821095249895,0.24195704318930045,0.8519381656292755,low,2015,10,5,1,11,29.21551724137931,116,73,15.869470846487799,1,0.0,0.012048192771084338,0.008888888888888889,0.5322623541315398,0.19107996808486163,0.45923081474365507,0.27738556294721717,0.6666528121556139,0.23932558273489526,False,False,False,True,True,False,False,False,False,True,False,False,False
track_000466,Song 467,Artist E,3,139229,0,0.7774960448993412,0.6947859453838122,7,-11.527462789536866,1,0.1844488577804508,0.123907048131404,0.2212770399137386,0.0280153495330617,0.4482463474159016,136.95579581945307,4,0,2.3204833333333332,short,0,0.31143526225419793,neutral,0.5401933245875638,-0.036828182133287785,-0.5708788972524083,0,1,fast,0,0.5478231832778123,0.8078756201743855,0,0.6539081057996506,0.27560093986218837,0.7144017904559627,low,2022,3,4,0,4,27.588785046728972,107,73,15.343213896081435,1,0.0,0.00796812749003984,0.008888888888888889,0.5401933245875638,0.34850976225643954,0.6281200994561872,0.31143526225419793,0.561300626515394,0.3621272959095246,False,True,False,False,True,False,False,False,True,False,False,False,False
track_000467,Song 468,Artist E,11,270166,0,0.4571577355404074,0.8275859678517064,7,-10.135892114720557,1,0.1593710186884103,0.2857343467037139,0.0798668861027805,0.2181183042495057,0.4389195509050008,65.30837217030867,4,0,4.502766666666667,long,0,0.3632436613447514,neutral,0.37833732702810247,0.0795041325856298,-0.5418516211479925,0,0,slow,0,0.2612334886812347,0.8310684647546575,0,0.5628147498431751,0.29769381359747393,0.6779692351322476,low,2019,12,0,0,7,27.588785046728972,107,73,15.343213896081435,1,0.0,0.00796812749003984,0.008888888888888889,0.37833732702810247,0.20065546797614273,0.3799293774262821,0.3632436613447514,0.6877805997550149,0.36477219732142274,False,True,False,False,False,False,True,False,False,False,False,False,False
track_000468,Song 469,Artist B,22,270673,1,0.5320586616107218,0.639778309281736,6,-13.71587192874695,1,0.1435138136757415,0.3013398184344418,0.0077037136151197,0.1229756519499346,0.561995770077732,147.88964432028732,4,0,4.511216666666667,long,0,0.35955270360381864,neutral,0.34039959096401085,0.1358101000606218,-0.33843849084729416,0,0,fast,0,0.5915585772811492,0.7714021345208841,0,0.5733556884521291,0.39720116561257557,0.6960040480254759,low,2018,5,1,0,8,29.91919191919192,99,68,15.991500783213745,0,0.0,0.00796812749003984,0.008888888888888889,0.34039959096401085,0.29901471725844503,0.4104311872568356,0.35955270360381864,0.4935263534000935,0.4335247366296705,False,True,False,False,False,False,True,False,True,False,False,False,False
track_000469,Song 470,Artist E,22,254794,0,0.9079417493337524,0.7491297073992158,8,-12.60214895590363,0,0.1018374440099618,0.0695557793020461,0.2389551824776604,0.1654113387537732,0.7638842933795194,159.54318046431416,4,0,4.246566666666666,long,0,0.5722484171862561,happy_energetic,0.680166137013926,-0.1371177384676986,-0.6795739280971698,0,1,very_fast,0,0.6381727218572566,0.7899641840682728,0,0.8170808999671215,0.3322486875149095,0.7718724612097337,low,2022,6,3,0,4,27.588785046728972,107,73,15.343213896081435,1,0.02,0.012048192771084338,0.008888888888888889,0.680166137013926,0.6935624416195781,0.717241463193958,0.5722484171862561,0.5917856380669255,0.6034412325421211,True,False,False,False,False,False,True,False,False,True,False,False,False
track_000470,Song 471,Artist A,8,291541,1,0.641406317863055,0.7585798495839707,3,-11.427361823297796,1,0.1604861721212377,0.1525168479563351,0.1461127445186701,0.3958712536244502,0.790155921981174,65.79378739796098,3,0,4.859016666666666,long,0,0.5993963604443627,happy_energetic,0.4865579081267648,0.014373427602567601,-0.6060630016276356,0,0,slow,0,0.26317514959184396,0.8095439696117034,0,0.7211832586147655,0.37047956090169504,0.6398893998112676,low,2021,10,6,1,5,30.35164835164835,91,75,18.436300922288936,1,0.0,0.00796812749003984,0.030303030303030304,0.4865579081267648,0.5068110004556322,0.5192466166968835,0.5993963604443627,0.6141037426996565,0.639665961692835,True,False,False,False,False,False,True,False,False,False,False,False,False
track_000471,Song 472,Artist C,52,276488,1,0.951889127725039,0.6669504304080627,9,-4.789124134188004,1,0.3469600912918643,0.2931198852905505,0.2148363691196724,0.0676520247982943,0.7504398503570099,183.9395794619618,4,0,4.608133333333333,long,0,0.5005061811909699,happy_energetic,0.6348628634369701,0.13212372217219187,-0.3738305451175122,0,1,very_fast,0,0.7357583178478473,0.9201812644302,1,0.8059727353195374,0.4422947801009044,0.793420837283014,high,2016,6,3,0,10,26.333333333333332,87,80,15.76916823001983,1,0.0,0.00796812749003984,0.008888888888888889,0.6348628634369701,0.7143355345664429,0.8759105411473865,0.5005061811909699,0.6137152903651573,0.6905406903803234,True,False,False,False,False,False,True,False,False,True,False,True,False
track_000472,Song 473,Artist D,14,205016,0,0.7254250288793695,0.4024063320204714,4,-14.551780382210248,1,0.0573663815857677,0.2411248050725155,0.0245187144898615,0.4938135998737916,0.5822482431942759,193.9766665594435,4,0,3.416933333333333,medium,1,0.23430037986917196,neutral,0.29191562502719165,0.0328476670959062,-0.1612815269479559,0,1,very_fast,0,0.7759066662377739,0.7574703269631625,0,0.585566384116172,0.4504024953811475,0.6436622312420334,low,2015,4,2,0,11,29.21551724137931,116,73,15.869470846487799,1,0.04081632653061224,0.00796812749003984,0.008888888888888889,0.29191562502719165,0.4223774486341698,0.5494879338125177,0.23430037986917196,0.3048108558875934,0.44103576714609516,False,True,False,False,False,True,False,False,False,True,False,False,False
track_000473,Song 474,Artist B,26,158346,1,0.7541871078741925,0.7965022606865431,5,-4.320030209026415,0,0.0257435035477572,0.0290189709323467,0.0327646105836835,0.1557819812295093,0.4751825700840698,99.44030654664952,4,0,2.6391,short,1,0.3784839913108033,neutral,0.60071173640244,-0.007021107035926295,-0.7674832897541963,0,1,moderate,0,0.3977612261865981,0.9279994965162265,1,0.6831802923808609,0.2152116811921967,0.7330114894664911,low,2025,3,2,0,1,29.91919191919192,99,68,15.991500783213745,0,0.0,0.012048192771084338,0.008888888888888889,0.60071173640244,0.3583765682439304,0.6998852563862796,0.3784839913108033,0.7391536968911482,0.4409691857913033,False,True,False,False,True,False,False,True,False,False,False,False,False
track_000474,Song 475,Artist E,19,298296,0,0.8065799248011775,0.6929130018301122,4,-9.683519897327862,1,0.1889546561486167,0.1189521182653231,0.0654159196119283,0.1549211495520991,0.4463737371755779,197.2000581839064,4,0,4.9716,long,0,0.3092981661644552,neutral,0.55888971690989,0.1235387365366884,-0.573960883564789,0,1,very_fast,0,0.7888002327356256,0.8386080017112023,0,0.6644179916221781,0.273619067909769,0.8099781885331562,low,2018,4,3,0,8,27.588785046728972,107,73,15.343213896081435,1,0.04081632653061224,0.00796812749003984,0.008888888888888889,0.55888971690989,0.36003609536429815,0.6764043789578873,0.3092981661644552,0.5810823878244611,0.3743325877491728,False,True,False,False,False,False,True,False,False,True,False,False,False
track_000475,Song 476,Artist C,17,220649,0,0.5135592451738208,0.6698767088417997,2,-8.179832990421037,0,0.1423598390488939,0.0914796450447009,0.0564318653333272,0.311706131753628,0.6962951129694362,173.26259591733765,4,0,3.6774833333333334,medium,1,0.4664318786585951,happy_energetic,0.344021376952318,0.08592797371556671,-0.5783970637970989,0,0,very_fast,0,0.6930503836693506,0.8636694501596495,0,0.6152752446128991,0.3445173792561713,0.7675661383288364,low,2022,1,2,0,4,26.333333333333332,87,80,15.76916823001983,1,0.027777777777777776,0.012048192771084338,0.008888888888888889,0.344021376952318,0.357588792634804,0.44354543090367843,0.4664318786585951,0.5785520488001528,0.601368817367164,True,False,False,False,False,True,False,False,False,True,False,False,False
track_000476,Song 477,Artist B,21,151422,0,0.7060788192538764,0.6057854414764132,11,-5.766408066627408,1,0.0470738178593387,0.5001682056731498,0.1789485861038632,0.3376573610197932,0.5691365672327614,109.56069204537395,5,0,2.5237,short,1,0.34477464664146873,neutral,0.4277322692388541,-0.1318747682445245,-0.10561723580326343,0,1,moderate,0,0.4382427681814958,0.9038931988895432,0,0.6349081303143029,0.4890726199961644,0.6480123985841761,low,2016,4,0,0,10,29.91919191919192,99,68,15.991500783213745,0,0.02631578947368421,0.00796812749003984,0.0,0.4277322692388541,0.4018552753859126,0.6382198426035379,0.34477464664146873,0.5475653405368294,0.5144386723610342,False,True,False,False,True,False,False,True,False,False,False,False,False
track_000477,Song 478,Artist D,41,140855,1,0.7071234604711865,0.8009778515525795,2,-3.781982373897176,0,0.0114940309496706,0.2878949379677275,0.1857337895249095,0.0379973690444787,0.516382021838811,150.3686754832894,4,0,2.347583333333333,short,0,0.413610562432828,neutral,0.5663902301506363,-0.17423975857523888,-0.513082913584852,0,1,very_fast,0,0.6014747019331576,0.936966960435047,1,0.6780573462058919,0.32977922627296047,0.8134353310882333,medium,2017,1,5,1,9,29.21551724137931,116,73,15.869470846487799,1,0.027777777777777776,0.012048192771084338,0.008888888888888889,0.5663902301506363,0.3651458422077678,0.6625513194099997,0.413610562432828,0.7504897829450147,0.4838328934256148,False,True,False,False,True,False,False,False,False,True,True,False,False
track_000478,Song 479,Artist B,60,243805,1,0.9478962766338768,0.4274612666717429,11,-8.174571808149901,1,0.0918005111905879,0.0432573530151278,0.0482350925676277,0.2080062909932404,0.5158908931144428,187.19336427007173,4,0,4.063416666666667,long,0,0.22052337463511645,neutral,0.40518894308334574,0.04356541862296019,-0.3842039136566151,0,1,very_fast,0,0.7487734570802869,0.863757136530835,0,0.6621641585894064,0.3438318291388611,0.667272107047146,high,2015,12,2,0,11,29.91919191919192,99,68,15.991500783213745,0,0.02631578947368421,0.00796812749003984,0.008888888888888889,0.40518894308334574,0.4890110567325056,0.8187521736335176,0.22052337463511645,0.3692227196782283,0.44560444059886617,False,True,False,False,False,False,True,False,False,True,False,True,False
track_000479,Song 480,Artist E,13,201326,0,0.7374259737411551,0.915321302743054,7,-9.926119645320949,0,0.0644934030254483,0.2453145644423624,0.0522483535787131,0.1635986162989062,0.1700481389994677,95.37910035927749,4,0,3.3554333333333335,medium,1,0.15564868411802468,sad_energetic,0.6749817029613193,0.012245049446735198,-0.6700067383006916,0,1,moderate,0,0.38151640143710996,0.8345646725779842,0,0.6205812220192185,0.17454387665386906,0.7676422364260401,low,2015,1,4,0,11,27.588785046728972,107,73,15.343213896081435,1,0.0,0.012048192771084338,0.008888888888888889,0.6749817029613193,0.12539791448455376,0.6154296663257883,0.15564868411802468,0.7638948233274108,0.1419161694465863,False,False,False,True,False,True,False,True,False,False,False,False,False
track_000480,Song 481,Artist E,47,124926,0,0.7824202557870653,0.8535551839297282,9,-5.38268077526263,1,0.004376772593779,0.2725932921829488,0.151842950432421,0.0403550138885611,0.595616869230277,138.31629622575372,3,0,2.0821,short,0,0.508391866367498,neutral,0.6678388653386735,-0.147466177838642,-0.5809618917467794,0,1,fast,0,0.5532651849030149,0.9102886537456228,0,0.7477197182628277,0.3316558224633442,0.8163097670526193,medium,2017,10,2,0,9,27.588785046728972,107,73,15.343213896081435,1,0.0,0.00796812749003984,0.030303030303030304,0.6678388653386735,0.4660227031742444,0.7122282813037135,0.508391866367498,0.7769815992769897,0.5421832780398116,False,True,False,False,True,False,False,False,True,False,True,False,False
track_000481,Song 482,Artist E,56,227325,0,0.6611272126045157,0.6956803114437448,6,-11.775899449621203,1,0.3106443209704745,0.709098498886672,0.1097531779880435,0.2036722739413645,0.4229517476454961,186.42182548353293,4,0,3.78875,medium,1,0.29423920352769484,neutral,0.45993318516864434,0.200891142982431,0.01341818744292722,0,0,very_fast,0,0.7456873019341317,0.8037350091729799,0,0.6000405027685786,0.5018208304151942,0.7882198957817678,high,2025,6,1,0,1,27.588785046728972,107,73,15.343213896081435,1,0.0,0.00796812749003984,0.008888888888888889,0.45993318516864434,0.27962490998707534,0.5313710862871971,0.29423920352769484,0.5591426214996997,0.3399411267735807,False,True,False,False,False,True,False,False,False,True,False,True,False
track_000482,Song 483,Artist D,52,208302,0,0.6545009528355973,0.9125792413191296,9,-7.332532037587687,1,0.0674847757863463,0.5679344006124911,0.072370742664462,0.1833780550534372,0.2828383647842004,143.90205446229214,4,0,3.4717,medium,1,0.2581124203507088,sad_energetic,0.5972839829813568,-0.004885966878115697,-0.3446448407066385,0,0,fast,0,0.5756082178491686,0.8777911327068718,0,0.6204256629652379,0.3382514972845177,0.8477009288943773,high,2019,5,0,0,7,29.21551724137931,116,73,15.869470846487799,1,0.0,0.00796812749003984,0.008888888888888889,0.5972839829813568,0.1851179792497214,0.5745151327472858,0.2581124203507088,0.8010539659222965,0.24827300859688264,False,False,False,True,False,True,False,False,True,False,False,True,False
track_000483,Song 484,Artist D,14,146553,1,0.7689449879621335,0.7387806979616233,1,-14.007218312147938,0,0.0699919956931863,0.1238493520418053,0.0722301153860056,0.1323007576259928,0.6184297342081541,105.59026877298498,4,0,2.44255,short,0,0.4568839506785212,happy_energetic,0.568081714900757,-0.0022381196928192987,-0.614931345919818,0,1,moderate,0,0.42236107509193993,0.766546361464201,0,0.7147411248357867,0.31343445169068135,0.6810850244331292,low,2017,11,1,0,9,29.21551724137931,116,73,15.869470846487799,1,0.0,0.012048192771084338,0.008888888888888889,0.568081714900757,0.47553844452611443,0.5894319826885073,0.4568839506785212,0.5663096559424652,0.4740550625785334,True,False,False,False,True,False,False,True,False,False,False,False,False
track_000484,Song 485,Artist E,15,166418,0,0.6000459441487309,0.3359177471899985,2,-12.327671859246976,1,0.027780906693804,0.427675892780295,0.0230944412796921,0.1918166589219195,0.3816371018059293,150.56043136241104,5,0,2.773633333333333,short,1,0.1281986754827679,sad_calm,0.20156608176893737,0.004686465414111902,0.09175814559029649,0,0,very_fast,0,0.6022417254496442,0.7945388023458837,0,0.4552848323582707,0.48478616349689724,0.5527072811077925,low,2015,4,1,0,11,27.588785046728972,107,73,15.343213896081435,1,0.027777777777777776,0.00796812749003984,0.0,0.20156608176893737,0.2289997950753242,0.4767597858164377,0.1281986754827679,0.26689968453906876,0.30322548579963715,False,False,True,False,True,False,False,False,False,True,False,False,False
track_000485,Song 486,Artist D,37,226511,1,0.7157746836283423,0.3190012254552797,1,-8.732526320265936,1,0.1086964875628651,0.2782885270656954,0.3364126143899915,0.1321434956017779,0.4784085553526176,192.49345864832756,4,0,3.775183333333333,medium,1,0.15261291542577504,neutral,0.22833300122730632,-0.22771612682712639,-0.0407126983895843,0,1,very_fast,0,0.7699738345933103,0.8544578946622344,0,0.525532807693706,0.4591376097954795,0.6191323796325781,medium,2015,11,4,0,11,29.21551724137931,116,73,15.869470846487799,1,0.0,0.00796812749003984,0.008888888888888889,0.22833300122730632,0.3424327323526122,0.6115993292256002,0.15261291542577504,0.2725731154971911,0.4087799669949987,False,True,False,False,False,True,False,False,False,True,True,False,False
track_000486,Song 487,Artist A,40,286494,0,0.8793881328402656,0.609461163696189,4,-12.576709625856209,0,0.1490177963477658,0.3613884786369857,0.0095748602782611,0.1375490298259185,0.3362314384346099,77.1957159604621,5,0,4.7749,long,0,0.20492000373960087,sad_energetic,0.5359529147814471,0.1394429360695047,-0.24807268505920327,0,1,slow,0,0.3087828638418484,0.7903881729023965,0,0.635463033775346,0.3625864738763206,0.578601790369267,medium,2022,3,0,0,4,30.35164835164835,91,75,18.436300922288936,1,0.04081632653061224,0.012048192771084338,0.0,0.5359529147814471,0.29567793684720833,0.6950579795876675,0.20492000373960087,0.48171089562879915,0.2657533522966759,False,False,False,True,False,False,True,False,False,False,True,False,False
track_000487,Song 488,Artist A,11,299971,1,0.8438175438206692,0.7026074876375072,1,-11.807048276403382,0,0.234173223977456,0.3618640866734667,0.0544339430889934,0.3154689034695422,0.3920712740298711,143.82126774794227,4,0,4.999516666666667,long,0,0.27547221282096435,sad_energetic,0.5928725244882925,0.17973928088846258,-0.34074340096404054,0,1,fast,0,0.5752850709917691,0.8032158620599437,0,0.6659306460284812,0.3515847705870958,0.7276788178526559,low,2024,1,0,0,2,30.35164835164835,91,75,18.436300922288936,1,0.0,0.012048192771084338,0.008888888888888889,0.5928725244882925,0.33083661945452636,0.6777676358812231,0.27547221282096435,0.5643454788725316,0.3149178663588433,False,False,False,True,False,False,True,False,True,False,False,False,False
track_000488,Song 489,Artist B,41,135216,0,0.6060170278423511,0.456048161045601,6,-3.895886270758643,0,0.0840497053990383,0.2026181578012824,0.2268268543409612,0.2207550383906119,0.4053190474307556,154.34115514875634,3,0,2.2536,short,0,0.18484500621755082,neutral,0.276372951109825,-0.1427771489419229,-0.2534300032443186,0,0,very_fast,0,0.6173646205950254,0.9350685621540226,1,0.5008169736798475,0.36582852903605934,0.6465495256767395,medium,2025,6,0,0,1,29.91919191919192,99,68,15.991500783213745,0,0.0,0.012048192771084338,0.030303030303030304,0.276372951109825,0.24563024445187945,0.5666674708654015,0.18484500621755082,0.4264362982218962,0.37900109889471467,False,True,False,False,True,False,False,False,False,True,True,False,False
track_000489,Song 490,Artist D,52,190409,0,0.7298281990922657,0.8578932511445779,11,-10.19609780006654,0,0.0381484776961208,0.1659119867487324,0.1294620629000723,0.4511241181609468,0.3253515255751847,64.32153855594454,4,0,3.1734833333333334,medium,1,0.2791168780405435,sad_energetic,0.6261146864962561,-0.09131358520395151,-0.6919812643958455,0,1,slow,0,0.25728615422377815,0.8300650366655576,0,0.6469047126528351,0.20660227702867498,0.6914419407393173,high,2016,2,0,0,10,29.21551724137931,116,73,15.869470846487799,1,0.02631578947368421,0.012048192771084338,0.008888888888888889,0.6261146864962561,0.2374507179824583,0.6058048708390794,0.2791168780405435,0.7121071929664585,0.2700629260057608,False,False,False,True,False,True,False,False,False,False,False,True,False
track_000490,Song 491,Artist E,33,291541,1,0.8276767293132592,0.7677895254914848,1,-9.34851777130764,1,0.1223444268944424,0.2869582284028897,0.0147277147714434,0.1245485652531062,0.6983617814984519,137.6237319013295,4,0,4.859016666666666,long,0,0.5361948608380843,happy_energetic,0.6354815232597714,0.107616712122999,-0.4808312970885951,0,1,fast,0,0.550494927605318,0.844191370478206,0,0.7709160838222846,0.393954968163246,0.7591686346933779,medium,2017,8,0,0,9,27.588785046728972,107,73,15.343213896081435,1,0.0,0.00796812749003984,0.008888888888888889,0.6354815232597714,0.5780177951880195,0.6987175524318794,0.5361948608380843,0.648161291763468,0.5895509894127795,True,False,False,False,False,False,True,False,True,False,True,False,False
track_000491,Song 492,Artist C,41,125543,1,0.8620246452155688,0.9298348195095396,0,-8.065114289977247,1,0.0766963249755249,0.3976015945263672,0.0805677248853369,0.2549589998461763,0.5518075726260533,192.55056874152228,4,0,2.0923833333333333,short,0,0.5130898946967434,neutral,0.8015405303967933,-0.003871399909812001,-0.5322332249831725,0,1,very_fast,0,0.7702022749660892,0.8655814285003792,0,0.7893025757269054,0.34563246374550094,0.9268595485671292,medium,2016,10,4,0,10,26.333333333333332,87,80,15.76916823001983,1,0.0,0.00796812749003984,0.008888888888888889,0.8015405303967933,0.4756717270202378,0.7461525238082246,0.5130898946967434,0.8048477513404596,0.477634386970986,False,True,False,False,True,False,False,False,False,True,True,False,False
track_000492,Song 493,Artist B,5,229975,0,0.4912744652411065,0.6327125047354633,5,-13.13480035289113,1,0.06133365960579,0.1607668573127304,0.0070878634255416,0.2107008408077282,0.7652521979731588,151.43829384055184,4,0,3.8329166666666667,medium,1,0.4841846349339159,happy_energetic,0.3108354974152758,0.0542457961802484,-0.4719456474227328,0,0,very_fast,0,0.6057531753622073,0.7810866607851478,0,0.6158991969090293,0.4040686508964008,0.699731025285589,low,2017,5,2,0,9,29.91919191919192,99,68,15.991500783213745,0,0.0,0.00796812749003984,0.008888888888888889,0.3108354974152758,0.37594886433384495,0.38372793158418506,0.4841846349339159,0.49420329756083,0.5977282839733494,True,False,False,False,False,True,False,False,False,True,False,False,False
track_000493,Song 494,Artist B,52,267735,0,0.325823819703322,0.7168990790825576,9,-8.379845234968325,0,0.0186564733588715,0.4233590450379352,0.1160807611265403,0.0430827065069858,0.6964355116640616,143.68417248392362,4,0,4.46225,long,0,0.49927397695235554,happy_energetic,0.23358279628847284,-0.0974242877676688,-0.29354003404462237,0,0,fast,0,0.5747366899356945,0.8603359127505279,0,0.5543299051053145,0.4632045477896253,0.7460429808172698,high,2021,7,1,0,5,29.91919191919192,99,68,15.991500783213745,0,0.0,0.012048192771084338,0.008888888888888889,0.23358279628847284,0.22691527858742203,0.280317933320321,0.49927397695235554,0.616774023552505,0.5991684815993813,True,False,False,False,False,False,True,False,True,False,False,True,False
track_000494,Song 495,Artist B,36,256645,0,0.7602904092299425,0.8105947512553926,3,-8.822682935994557,0,0.0176675710255862,0.2632247502880023,0.0463773404533104,0.4421010429084452,0.4063878193319922,146.28307097853718,4,0,4.277416666666666,long,0,0.32941583332463764,neutral,0.6162874151516059,-0.0287097694277242,-0.5473700009673903,0,1,fast,0,0.5851322839141487,0.8529552844000907,0,0.6692109348681924,0.28402782053818076,0.7953130389755203,medium,2015,10,0,0,11,29.91919191919192,99,68,15.991500783213745,0,0.0,0.012048192771084338,0.008888888888888889,0.6162874151516059,0.3089727614659843,0.648493722231387,0.32941583332463764,0.6914010765902642,0.34663063801505206,False,True,False,False,False,False,True,False,True,False,True,False,False
track_000495,Song 496,Artist E,25,127697,0,0.801822551243005,0.270795468270807,7,-13.107356195001003,0,0.039146579040727,0.5919266810775151,0.1033622965810438,0.227080963447101,0.5805086693855304,177.46190444237226,4,0,2.1282833333333335,short,0,0.15719911696151778,neutral,0.2171299132339427,-0.0642157175403168,0.3211312128067081,0,1,very_fast,0,0.709847617769489,0.78154406341665,0,0.5761202617941032,0.6296846327654231,0.557899403482292,low,2024,12,6,1,2,27.588785046728972,107,73,15.343213896081435,1,0.0,0.012048192771084338,0.008888888888888889,0.2171299132339427,0.4654649423053881,0.6266596548375631,0.15719911696151778,0.21163859062718102,0.45369310432016,False,True,False,False,True,False,False,False,False,True,False,False,False
track_000496,Song 497,Artist C,52,198533,0,0.5028586576108421,0.9410531255634672,7,-9.22135923447288,1,0.0458117186497623,0.4094809753948443,0.1260076278381906,0.3088877403375423,0.3444912581795662,97.2229879539137,4,0,3.308883333333333,medium,1,0.3241845752391721,sad_energetic,0.4732167114613324,-0.08019590918842831,-0.5315721501686229,0,0,moderate,0,0.3888919518156548,0.846310679425452,0,0.5868067781672469,0.28482382994276745,0.7856231805976945,high,2022,2,2,0,4,26.333333333333332,87,80,15.76916823001983,1,0.0,0.00796812749003984,0.008888888888888889,0.4732167114613324,0.17323041164684672,0.42557465217760254,0.3241845752391721,0.7964233100710632,0.2915466307660775,False,False,False,True,False,True,False,True,False,False,False,True,False
track_000497,Song 498,Artist E,27,273466,1,0.7799705209687472,0.8238647874177992,11,-8.603054132104418,1,0.0811859219590364,0.4247171060367142,0.12516873446573,0.1416221693178457,0.7204858599723173,196.162535145218,4,0,4.557766666666667,long,0,0.5935829298636235,happy_energetic,0.642590247450067,-0.043982812506693614,-0.39914768138108503,0,1,very_fast,0,0.7846501405808719,0.8566157644649264,0,0.7752934026045339,0.4388731641810411,0.8774993493197119,low,2024,8,2,0,2,27.588785046728972,107,73,15.343213896081435,1,0.02631578947368421,0.00796812749003984,0.008888888888888889,0.642590247450067,0.5619577315532241,0.6681350440797502,0.5935829298636235,0.7057355646896322,0.6171795457263565,True,False,False,False,False,False,True,False,False,True,False,False,False
track_000498,Song 499,Artist E,46,189590,0,0.4854650193538088,0.5279848615699584,1,-6.841883204010577,0,0.1103797249415001,0.2404930366768861,0.042564861692876,0.2931832961577874,0.1055035572816581,145.83506343378258,4,0,3.1598333333333333,medium,1,0.055704281086494424,neutral,0.2563181810405779,0.0678148632486241,-0.2874918248930723,0,0,fast,0,0.5833402537351303,0.8859686132664903,0,0.3842325333970085,0.26945282338426435,0.6599387485889512,medium,2024,2,1,0,2,27.588785046728972,107,73,15.343213896081435,1,0.0,0.012048192771084338,0.008888888888888889,0.2563181810405779,0.05121828647763583,0.4301067699862839,0.055704281086494424,0.4677780156308359,0.09347284033951235,False,True,False,False,False,True,False,False,True,False,True,False,False
track_000499,Song 500,Artist D,22,271317,0,0.8009149612953841,0.8671232619337413,6,-14.078799154260231,1,0.2370208171826046,0.3418127431932366,0.2439145065332189,0.1210949937276135,0.6392589021227391,68.71412166222933,4,0,4.52195,long,0,0.5543162644288517,happy_energetic,0.6944919937699896,-0.006893689350614296,-0.5253105187405047,0,1,slow,0,0.2748564866489173,0.7653533474289962,0,0.7722806337350978,0.368365789333994,0.6897034829460139,low,2024,4,4,0,2,29.21551724137931,116,73,15.869470846487799,1,0.0,0.00796812749003984,0.008888888888888889,0.6944919937699896,0.5119920188513633,0.6129829466333871,0.5543162644288517,0.6636556911545392,0.4892589406134234,True,False,False,False,False,False,True,False,False,False,False,False,False
