track_id,track_name,artist_name,popularity,duration_ms,explicit,danceability,energy,key,loudness,mode,speechiness,acousticness,instrumentalness,liveness,valence,tempo,time_signature,is_viral
6KwkVtXm8OUp2XffN5k7lY,No Other Name,Hillsong Worship,50,440247,0,0.369,0.598,7,-6.984,1,0.0304,0.00511,0.0,0.176,0.0466,148.014,4,0
2dp5I5MJ8bQQHDoFaNRFtX,Failed Organum,Internal Rot,11,93933,0,0.171,0.997,7,-3.586,1,0.118,0.00521,0.801,0.42,0.0294,122.223,4,0
5avw06usmFkFrPjX8NxC40,"Save the Trees, Pt. 1",Zhoobin Askarieh;Ali Sasha,0,213578,0,0.173,0.803,9,-10.071,0,0.144,0.613,0.00191,0.195,0.0887,75.564,3,0
75hT0hvlESnDJstem0JgyR,Merry Christmas,Bryan Adams,0,151387,0,0.683,0.511,6,-5.598,1,0.0279,0.406,0.000197,0.111,0.598,109.991,3,0
4bY2oZGA5Br3pTE1Jd1IfY,月の大きさ,Nogizaka46,57,236293,0,0.555,0.941,9,-3.294,0,0.0481,0.484,0.0,0.266,0.813,92.487,4,0
2zQt5C0AIv27RhfJCRZdZ4,"Jah Jah Revolta, Pt. 2",BaianaSystem,38,309493,0,0.776,0.8,8,-4.704,0,0.0438,0.00631,0.0731,0.35,0.583,143.989,4,0
6BctgCJXlgxYeR0ObhLdtR,Please Stop Communicating,Joe DeRosa,21,496201,0,0.627,0.815,6,-6.959,0,0.911,0.785,0.0,0.744,0.532,119.197,5,0
1LDQFdGTEXOnycDC8CJ5p1,A Form of Protest,Cane Hill,54,189405,0,0.395,0.933,11,-3.6,0,0.116,8.74e-06,0.0125,0.328,0.194,92.53,4,0
2DDR5F7bHFJBiX6lPPsT8O,I'm Ready - Radio Edit,Kano,29,209226,0,0.914,0.766,5,-5.662,1,0.0387,0.192,0.65,0.0747,0.9,126.632,4,0
2ScU6iEvgb0TIuKiyem9rg,Proibida Pra Mim (Grazon) - Ao Vivo,Charlie Brown Jr.,48,151666,0,0.345,0.976,8,-4.74,1,0.0487,0.000587,0.0507,0.487,0.818,181.121,4,0
4ifiz8TRTNdG9ORNWh2P0Q,I'll Be Home For Christmas - From The Kacey Musgraves Christmas Show,Kacey Musgraves;Lana Del Rey,0,132108,0,0.469,0.183,5,-15.414,1,0.0407,0.829,0.0,0.71,0.381,139.592,4,0
5xWxnLpw8ooMW1nJwY2hui,時間がない,KIRINJI,0,284160,0,0.772,0.675,11,-9.154,0,0.0366,0.124,0.0121,0.102,0.68,126.033,4,0
3i2L1PRDEwWcUC03y95UPG,Sur,Aníbal Troilo Y Su Orquesta Típica;Roberto Goyeneche,28,237573,0,0.423,0.401,2,-11.219,0,0.0449,0.726,0.0,0.269,0.507,111.213,4,0
46JGS5Gcz5TilUnqGGHnnl,Pega pega (Participação especial de Jojo Maronttinni) - Ao vivo,Imaginasamba;Jojo Maronttinni,50,222184,0,0.511,0.751,11,-4.731,1,0.0924,0.844,0.0,0.962,0.732,158.1,4,0
5pq4v03P5PxMcnCagg4S3Z,In Case You Didn’t Know,Boyce Avenue,60,225165,0,0.633,0.299,11,-7.798,1,0.0353,0.833,0.0,0.109,0.341,147.549,4,0
08HJeHs0U9iSbDWX0sWIem,O Sopro do Fole,Maria Bethânia,41,169371,0,0.524,0.0856,9,-17.766,1,0.0999,0.739,0.0,0.0919,0.316,93.672,4,0
198v7BbjXn2GTeI4NkBN39,Vi Mamãe Oxum Na Cachoeira - Live,Mariene De Castro,39,105240,0,0.59,0.697,5,-8.046,1,0.0323,0.75,0.000163,0.621,0.815,126.911,4,0
6bl8PFDgYxbDZHk0LRQhhz,Me Gabber - DJ Paul Elstak & The BeatKrusher Remix,Jebroer;Paul Elstak;The BeatKrusher,22,205351,0,0.553,0.928,7,-3.544,0,0.13,0.0251,0.0,0.171,0.305,160.044,4,0
0b11D9D0hMOYCIMN3OKreM,Into Your Arms (feat. Ava Max),Witt Lowry;Ava Max,77,186022,1,0.504,0.788,3,-4.113,0,0.215,0.0134,0.0,0.363,0.228,170.039,4,1
2pXg8l1JGZ3hCyFqxirV13,Mocca,Lalo Ebratt;Trapical,0,200293,0,0.786,0.696,1,-5.343,0,0.352,0.183,0.0,0.123,0.591,97.956,4,0
3dJj6o9o1fRgrojWjailuz,Nobody Can Save Me,Linkin Park,61,225546,0,0.645,0.688,11,-4.749,1,0.0341,0.0107,0.0,0.186,0.433,139.957,4,0
0rWLHJnMyJaMFA8x9l8AT0,all the good girls go to hell,Billie Eilish,3,168839,0,0.854,0.446,1,-8.957,0,0.198,0.313,0.215,0.156,0.57,92.545,4,0
36kDrsAPQ62bI32WPrlJew,Machine Spirit,ZITH;Misanthropix,17,228571,0,0.643,0.956,1,-3.385,1,0.051,0.000458,0.78,0.228,0.515,104.99,4,0
0lASm1brReAnrOirk2f0a2,Bear Crawl,Christopher Zondaflex Tyler,13,97620,0,0.738,0.499,1,-14.344,1,0.546,0.21,0.0,0.569,0.806,88.916,4,0
1WhGXbgwPOTDPB4ZsJBIDG,Time To Jack,Chip E.,7,354960,0,0.813,0.863,1,-8.587,1,0.0563,0.00024,0.89,0.109,0.717,122.93,4,0
2xIbHYxBs1fiR4NkPc8z33,Ready fi di party,Tony Matterhorn,19,59600,0,0.911,0.616,1,-12.46,1,0.272,0.569,0.00795,0.154,0.467,120.999,4,0
6NPTmYw2yMu0Oz0IJkoxeR,Mis Noches Te Recuerdan,Los Tukas,33,134400,0,0.643,0.574,0,-5.427,1,0.035,0.583,0.0,0.0492,0.845,108.002,4,0
0Xs1Yh44j5cIgUQtOCBcQj,Sometimes Love,Apache Indian,3,242213,0,0.652,0.806,2,-3.875,0,0.0797,0.133,0.0,0.281,0.88,107.883,4,0
5TcuM4sQFHK747kwB2q1Qy,Everybody Loves Louis,Annaleigh Ashford,22,219333,0,0.521,0.189,1,-10.74,1,0.0478,0.892,0.0,0.0824,0.301,117.833,4,0
4bh9zPGpEX1yl9Do6rkhHr,Planet Zero,Shinedown,0,222738,0,0.416,0.964,9,-2.967,1,0.112,2.35e-05,0.000875,0.473,0.212,157.925,4,0
7vk7u7kaqw5A6BtkfoxQf3,Do You?,Yiruma,46,292906,0,0.435,0.101,7,-18.753,1,0.0487,0.992,0.926,0.101,0.222,107.449,4,0
72jbDTw1piOOj770jWNeaG,Paris,The Chainsmokers,74,221506,0,0.653,0.658,2,-6.428,1,0.0304,0.0215,1.66e-06,0.0939,0.219,99.99,4,1
4zD9RBG51Lj8bnQwolLnyu,Wild Life,OneRepublic,45,267117,0,0.479,0.762,2,-7.86,1,0.0378,0.00711,0.011,0.0965,0.0519,115.956,4,0
7MiYNyj5si5yiWyeSkgzqB,Joda - Worakls Remix,Joachim Pastor;Worakls,50,338086,0,0.757,0.678,3,-11.225,0,0.0323,0.0399,0.849,0.129,0.13,115.01,4,0
6suU440DRXoxpLNKWf46XJ,O Resgate,Realidade Cruel,48,415660,0,0.553,0.732,7,-5.206,0,0.262,0.622,0.0,0.163,0.436,152.59,4,0
5ueWiIP0QQcAqbMutT1Ng0,La Mala,Balbi El Chamako,39,221184,1,0.628,0.787,10,-6.809,1,0.139,0.0059,0.0,0.124,0.377,172.045,4,0
49Z1VQivkHoY5KGdUwMv5i,Silo (feat. fknsyd),RL Grime;Hex Cougar;fknsyd,55,247500,0,0.472,0.933,5,-4.985,0,0.195,0.0632,0.367,0.0678,0.326,159.949,4,0
1WDDMw1k46OS4W2IGxmLzj,Ferxxo 100,Feid,4,167760,0,0.705,0.562,8,-3.378,0,0.0674,0.257,0.0,0.137,0.569,163.893,4,0
5tmcGYwmon8ufw9igbwwKk,Making Music,Blake Rules;Netherfriends,13,146086,0,0.782,0.342,0,-15.203,1,0.0721,0.299,0.0237,0.103,0.345,115.018,4,0
5Iqh58mh9xHzOkXNorHibJ,Ruega por Mí (Prega Per Me),Estela Nuñez,30,201493,0,0.494,0.404,0,-10.108,1,0.0299,0.847,0.0,0.122,0.386,96.387,3,0
5llrpUzc5oZ4U2RLruiDeI,Holding,Yonder Mountain String Band,33,537106,0,0.472,0.702,9,-8.965,1,0.0981,0.82,4.25e-05,0.362,0.351,104.656,4,0
6jAoHpOWUd5dpBUy0PW7TR,The Farthest Star,VNV Nation,25,292973,0,0.552,0.937,9,-6.738,0,0.0488,0.0232,0.00268,0.102,0.347,134.98,4,0
0LoQuiekvzqx7n8flgEKzF,Get It On,T. Rex,71,262613,0,0.728,0.878,11,-6.926,0,0.0564,0.176,0.856,0.61,0.911,126.59,4,1
34XYMzu7cmqQjItV8mJ77m,Para dos,Orquesta Color Tango De Roberto Alvarez,18,175046,0,0.633,0.219,9,-11.805,0,0.0887,0.72,0.692,0.113,0.537,118.814,4,0
60an8Fb1pH1MniTxTlo2l9,Bloco do Carro Chefe,Mc Bruninho da Praia;Mc Kadu;MC GP;Mc Lele JP,46,396000,0,0.818,0.486,4,-7.006,0,0.394,0.0996,0.0,0.0437,0.637,113.192,5,0
5FPnjikbwlDMULCCCa6ZCJ,Daughters,John Mayer,67,237906,0,0.674,0.413,2,-7.816,1,0.0274,0.836,1.95e-05,0.098,0.503,124.893,3,0
5kVZxyMY1gfdCLiChsfjn1,Yo No Soy Celoso,Bad Bunny,85,230704,1,0.872,0.588,0,-6.276,1,0.0492,0.275,0.0,0.17,0.93,142.004,4,1
2Fc99kfkQ1S2RilXcd6xIU,Quieren Efectos,Money Chicha,24,167217,0,0.553,0.773,5,-6.446,1,0.0343,0.173,0.865,0.185,0.597,96.617,4,0
47bweAQBrsV1Vi3hDmEIAo,Boozed - Edit,Korsakoff,19,215639,0,0.462,0.978,6,-4.089,0,0.0951,0.0569,0.42,0.168,0.33,168.624,4,0
5i7s3sB1LzxeVz8CWVEpAO,Talking Body - The Young Professionals Remix,Tove Lo;The Young Professionals,44,221146,1,0.651,0.579,5,-8.023,0,0.0379,0.00166,0.000397,0.0794,0.443,138.993,4,0
6xwqmrEshHeFlVI3hrc685,Penurias,Los Vaguens,27,198013,0,0.329,0.596,5,-11.17,1,0.0569,0.0179,0.00102,0.267,0.413,167.831,4,0
21excOPd45gzWN8zCt8Vhw,Angels From The Realms of Glory,Annie Lennox,0,240146,0,0.523,0.322,0,-8.957,1,0.0285,0.535,0.0,0.132,0.3,126.002,4,0
39NkxITdhS5BPBZ3ma2CTM,"My Hawai'i (feat. Sean Na'auao, Kaumakaiwa, Kumu Hina)",The Green;Sean Na'auao;Kaumakaiwa;Kumu Hina,36,265326,0,0.726,0.593,0,-7.138,0,0.0851,0.284,0.0,0.527,0.857,139.924,4,0
14nEPCQLWtMqV4uE1cRHFv,Vida Eterna,Lörihen,29,295263,0,0.31,0.884,1,-4.088,1,0.0488,0.000301,0.0,0.177,0.314,75.023,4,0
1gexiILoiAONdvcXlzVQeE,Ego Sum Deus,Unholy,41,310390,0,0.636,0.538,2,-6.921,1,0.0324,0.00126,0.881,0.123,0.0388,115.983,4,0
0mljrVHFeq2qgThql44LcI,Tô isso aqui pra te beijar - Ao Vivo,Ferrugem,43,190662,0,0.537,0.761,2,-6.194,1,0.0741,0.543,0.0,0.472,0.705,165.984,4,0
59wlTaYOL5tDUgXnbBQ3my,A Moment Apart,ODESZA,66,234244,0,0.515,0.663,7,-7.896,0,0.0328,0.179,0.668,0.494,0.0756,120.024,4,0
2Qud6Q1KlK22qHcjUGlRpJ,Sueltate Mah,Marcianeke,41,178800,1,0.662,0.785,1,-10.159,0,0.203,0.614,0.0,0.106,0.797,180.108,4,0
2Pp9osgyIcw6o1avfDDDhH,Forever Young,BLACKPINK,67,237076,0,0.592,0.961,4,-1.807,1,0.096,0.0423,0.0,0.0882,0.508,109.826,4,0
4xu38KnbRHbRHRwdg4KFul,Box Fan Long Loop For Sleep,Fan Sounds,54,500166,0,0.0,2.03e-05,6,-25.556,1,0.0,0.145,0.213,0.114,0.0,0.0,0,0
3oRP6yGs5d0kFpGRRzzaS8,因為你 所以我,Mayday,53,281799,0,0.47,0.685,11,-6.896,1,0.0363,0.188,0.0,0.112,0.488,152.103,4,0
19ZjBzxJ5ARxbln6Qmw1AN,"Corrina, Corrina",Ray Peterson,47,162160,0,0.481,0.413,9,-8.688,1,0.0326,0.798,1.61e-05,0.0817,0.681,127.591,4,0
3CmUas41TD2t8EGNZ85J9f,"Happy Holidays, You Bastard",blink-182,2,42440,1,0.409,0.99,11,-2.084,1,0.115,0.02,0.0,0.513,0.962,172.715,4,0
0y4iXXlpVFJSQjlx0vQ3MZ,Forever,Alex Keeper,57,172714,0,0.763,0.457,10,-14.629,0,0.0539,0.796,0.414,0.108,0.0384,117.996,4,0
3F5DccNp39Waj4QjZBUPGO,"Messiah, HWV 56 / Pt. 2: XLII. ""Hallelujah""",George Frideric Handel;The English Concert;Trevor Pinnock;The English Concert Choir,0,240760,0,0.434,0.262,1,-12.874,1,0.0286,0.959,0.6,0.141,0.256,103.015,4,0
7Afr3PKTtlFGHGiXYgnv6P,I Like You,Ben Rector,56,138506,0,0.624,0.334,3,-11.89,1,0.0391,0.321,3.27e-06,0.113,0.397,157.92,4,0
0qjux3nULEYN7Yz9jijgWz,GTA 2,Rarin,57,123151,0,0.627,0.652,5,-8.545,0,0.122,0.214,0.0,0.0767,0.487,160.089,4,0
5f5DBTOW5Y6wPiKTVcYVkg,Superlove,doVicente,58,145737,0,0.753,0.809,6,-8.268,1,0.0637,0.317,0.0076,0.141,0.409,119.991,4,0
5jyPgh9K0YlyhlVGQzFsbO,On Repeat,Robin Schulz;David Guetta,5,190217,0,0.609,0.801,1,-8.483,0,0.0694,0.0246,0.00255,0.37,0.202,122.958,4,0
6Gx3Ry4ORogdMibbdITOuN,Dhadak Title Track,Ajay Gogavale;Shreya Ghoshal,58,243484,0,0.375,0.312,7,-10.656,0,0.031,0.85,0.00988,0.137,0.22,77.527,4,0
34a89MbC7QXsUsLkljLgXX,Free Fallin',Tom Petty,1,255680,0,0.619,0.504,5,-11.562,1,0.025,0.0614,0.0,0.06,0.568,84.335,4,0
3zPVG3y3rEzyixSFhe3XYu,Andorinha Machucada / Tudo de Novo / Pense em Mim (Ao Vivo),Léo Magalhães,45,225360,0,0.415,0.501,11,-7.232,1,0.0361,0.83,0.0,0.242,0.306,114.579,4,0
4YXKKnIZuk7UtXH5oC0ffa,Lucille,Little Richard,56,143826,0,0.676,0.708,8,-12.115,0,0.0698,0.592,0.000307,0.166,0.919,143.669,4,0
089tprIgsyFSOrZpugamLI,Blame,Ekali;ZHU,45,177151,0,0.624,0.68,9,-7.285,0,0.0421,0.114,6.78e-05,0.0614,0.117,91.998,4,0
3RVKeAie8vdadw5r1PPBx5,(Evil Hearted Me) Downright Evil,Jody Reynolds,23,154466,0,0.593,0.865,4,-10.227,1,0.0378,0.719,2.29e-05,0.303,0.969,157.96,4,0
7u1S5QZSwrWyNczrN9IAKR,Doiloi,Marina Herlop,17,230000,0,0.343,0.129,8,-14.82,1,0.042,0.988,0.174,0.141,0.0371,124.396,5,0
08r6N5mPmFMLhaXRZVfUbB,If You'Re Smart,The Nightraver,22,174718,0,0.571,0.873,6,-11.995,0,0.0732,3.25e-05,0.74,0.373,0.0894,179.841,4,0
5YLHLxoZsodDWjqSgjhBf3,Myself,Bazzi,68,167552,0,0.745,0.561,9,-5.513,0,0.072,0.465,1.12e-06,0.0338,0.902,195.918,4,0
1mVn6LE3NukwuP1uAixzgT,When Worlds Collide,Powerman 5000,27,177960,0,0.56,0.903,11,-4.77,1,0.0754,0.00132,0.0,0.291,0.581,143.821,4,0
4zjuPxRdniuN7LZzI5aQNA,Memory Cascades,Isan,10,279626,0,0.562,0.343,1,-20.924,1,0.0419,0.508,0.89,0.16,0.254,81.691,4,0
0CkwGzywZ3js4Hcmb0RkQn,Heavy Metal Love,twocolors,3,132000,0,0.768,0.767,5,-8.06,0,0.0358,0.194,0.0,0.121,0.457,125.029,4,0
2Yj1sRA7UENRp7p6tt8E1k,Break Ups Suck Ass,Powfu;sadeyes,51,164500,1,0.605,0.327,6,-7.659,1,0.037,0.866,0.0,0.125,0.608,179.839,4,0
6OEHLXWw1PDfhbJLbNRi94,Make Me Happy,Lindsay Mendez;Ben Crawford,26,137053,0,0.713,0.639,10,-5.769,1,0.05,0.423,0.0,0.129,0.944,92.072,4,0
2B5a8L30R9vk3F9clonX5g,Vuela paloma,Los Tecolines,21,207013,0,0.668,0.374,7,-8.232,1,0.0288,0.788,0.0,0.29,0.669,113.108,4,0
3AO4zBhbT0E8hxb9HMSmbM,Obama and Hitler!,Jamie Kilstein,24,140199,1,0.705,0.555,2,-7.811,1,0.941,0.653,0.0,0.649,0.661,116.073,5,0
6LFXmq8DuXrxoyrPz7c5Lw,Ponto Final,Limão Com Mel;Tarcísio do Acordeon,38,206767,0,0.657,0.829,2,-5.596,0,0.0673,0.276,0.0,0.207,0.569,117.029,4,0
4UDmDIqJIbrW0hMBQMFOsM,Stayin' Alive,Bee Gees,77,92866,0,0.707,0.535,10,-19.793,0,0.0436,0.113,0.00615,0.0884,0.641,103.644,4,1
4RShNT9cGPE2jnrO82Ma0I,Little Jack Horner - Original Mix,Cameron's Bedtime Classics,19,58826,0,0.495,0.137,5,-17.15,1,0.0468,0.968,0.946,0.109,0.271,139.73,3,0
0Y2v82GQsomVCqnfWpRSg5,"Dois Amores, Duas Paixões",Calcinha Preta,48,223007,0,0.496,0.727,1,-4.378,0,0.0427,0.237,0.0,0.422,0.501,166.068,4,0
3iRKwxW8ZDjmL9nKk3nisz,Jaiye Foreign,Tiwa Savage;Zinoleesky,58,190164,0,0.82,0.816,5,-6.29,0,0.077,0.0216,7.81e-05,0.0541,0.861,108.98,4,0
1HGtTmgl1sEycuS9lJviWQ,dooriyan,Zaeden,63,161624,0,0.735,0.593,11,-7.473,1,0.0885,0.731,0.178,0.135,0.475,160.07,4,0
69Yia3qCLw6N9U80WhLwLn,Voice of the Soul,Death,58,223933,0,0.158,0.572,7,-6.293,0,0.0346,0.000926,0.893,0.144,0.347,79.176,3,0
73rQVihYf9bPXflrJiesqF,Ressuscitou (Resurrecting) [Kemuel Nation],Kemuel,36,491000,0,0.413,0.509,1,-8.439,1,0.0292,0.326,0.0,0.116,0.222,148.055,4,0
7G4FH6SEh9wgDRztDi3cDE,Utan att förstå,Lasse Stefanz,36,224640,0,0.663,0.733,9,-5.09,1,0.0298,0.00878,9.01e-06,0.108,0.741,107.967,4,0
44Lv3y1OHRM7r8vuEAGTkW,Liebe ist ...,FiNCH;SDP,35,183173,1,0.631,0.8,9,-4.179,1,0.101,0.107,0.0,0.373,0.782,156.941,4,0
5d4MvCqMJUgoVVCz16tvlD,再見二丁目,Miriam Yeung,38,236840,0,0.645,0.3,5,-10.282,1,0.0362,0.815,0.0,0.115,0.214,143.928,4,0
3JCcBtwNldEBd3O4hqYDWI,No Me Arrodillo,Almighty;Manny Montes,39,225500,0,0.81,0.542,11,-7.146,0,0.415,0.102,0.0,0.113,0.376,164.151,4,0
0fGDKi4UeXx8CypAvJdAj6,F***k Orgus (Dance) - Dr. Rude Remix,DJ Furax;Redshark,26,332408,0,0.842,0.867,7,-6.886,1,0.364,0.00892,0.74,0.256,0.587,147.011,4,0
0NmnFMWMkTETNANGpVVqyc,Wasteland,Moore Kismet,51,183424,0,0.563,0.836,1,-3.901,0,0.0903,0.108,0.0,0.243,0.657,141.923,4,0
6HhdFRM9un1Ojpz1A98pVi,If We Ever - 2018 Remaster,High Contrast,25,320271,0,0.542,0.875,7,-4.285,1,0.0507,0.000356,0.31,0.359,0.114,172.973,4,0
5YRzeFvIc4yNhpzDcLKWvE,Bossy,BadKidMacei;Badkidparis,21,144048,0,0.914,0.723,2,-6.193,1,0.138,0.196,0.0,0.216,0.335,95.0,4,0
5mq2tutI68FRDD8CiYOsYS,Growing Up Beside You,Paolo Nutini,1,203666,0,0.504,0.51,7,-10.79,1,0.0415,0.771,7.61e-05,0.0766,0.0834,95.182,4,0
3B0hzwc1e8AYOytj9hZS2I,ULTRAnumb,Blue Stahli,55,265434,0,0.439,0.915,2,-7.078,0,0.0745,0.000184,0.000899,0.326,0.34,91.993,4,0
1aesK4KrWp8IF3jtRdA3WJ,LOVE THAT WAS LOST - Remastered 2022,Eikichi Yazawa,34,225826,0,0.741,0.519,0,-11.103,1,0.0259,0.215,0.00205,0.319,0.899,107.882,4,0
5fIWOnufnkAtDp9SDqRMD3,Hansnuhana,Fossils,45,294322,0,0.528,0.427,4,-12.304,1,0.0548,0.27,2.18e-05,0.105,0.307,133.127,4,0
4K2NuhUFmcQbaepaAzHGdP,Sonate IV Opus 180 Pour Violoncelle Et Piano - 3ème Mouvement,Alireza Mashayekhi;Marie-Thérèse Grisenti;Marc Vitantonio;Duo Grisenti Vitantonio,0,284573,0,0.254,0.104,5,-19.932,1,0.0524,0.986,0.716,0.152,0.0378,84.693,4,0
1g4C1BrGd4O1Dt5y0xue96,Renaissance (Edit),Culture Shock,51,209549,0,0.458,0.981,1,-1.65,1,0.0518,0.0573,0.0363,0.172,0.143,173.882,4,0
6Sk0prnnRQ1SYTSDGxa92x,Pessoal Particular (Ao Vivo),Seu Jorge,47,387720,0,0.634,0.859,2,-5.832,1,0.0567,0.539,3.2e-05,0.693,0.64,112.942,4,0
5z6YX4XnUd06mWDQc7rF10,Desmond Kids Jams Theme Song,Desmond Dennis,8,54866,0,0.656,0.678,3,-5.615,1,0.365,0.532,0.0,0.0308,0.718,65.77,4,0
09H6lkpmYJYeDaEKvoXcoZ,Thaazhe Nee Tharame,Sachin Warrier;Job Kurian;Sayanora,28,171126,0,0.509,0.475,5,-8.994,0,0.0382,0.506,0.00383,0.168,0.173,135.31,4,0
5Z2iVSDPvCScP5M5atIt5v,Planet Zero,Shinedown,0,222738,0,0.416,0.964,9,-2.967,1,0.112,2.35e-05,0.000875,0.473,0.212,157.925,4,0
7mzU3O4ixZNhShH6SrCInw,Anthracite,Django,35,142222,1,0.64,0.459,2,-8.439,1,0.25,0.448,5.75e-05,0.107,0.14,100.071,3,0
5mfyiAYTK4MxWq2elg1Kpv,Sendero Siniestro,Anal Vomit,17,155600,1,0.193,0.995,3,-4.893,1,0.18,4.29e-06,0.0737,0.0486,0.0743,109.837,4,0
6nSnDI2EvwXocgjj6hwQRv,死の舞踏,Camille Saint-Saëns;石丸由佳,1,538293,0,0.213,0.159,7,-13.897,1,0.0366,0.715,0.914,0.101,0.0373,143.35,4,0
1cQI15E52Yqrg7r2Kp2Fzu,Crazy Arms,Ray Price,12,150640,0,0.61,0.287,5,-9.551,1,0.0281,0.676,0.0,0.134,0.701,117.626,4,0
0w4Sf61CbM69gDD7RVmaBD,爸爸媽媽,Ronghao Li,51,284215,0,0.67,0.507,11,-6.551,1,0.0316,0.699,0.0,0.161,0.258,101.921,4,0
4Du0BRUJvKybzxcRplp7HF,Leave Before The Lights Come On,Arctic Monkeys,62,233946,0,0.365,0.887,0,-4.579,1,0.0417,0.00272,2.18e-05,0.0923,0.916,150.718,4,0
2sWP5BvD2gcT32MpMAhkRU,Thank You Note,salem ilese,0,156265,0,0.637,0.705,10,-7.546,0,0.0502,0.121,0.0,0.0857,0.553,158.013,4,0
12b3bKEbdjtL1Ga0n3ybzK,Phutki Jaaney Jovan,Sajjan Raj Vaidya,49,220800,0,0.46,0.521,4,-8.022,1,0.0274,0.65,0.0,0.256,0.599,149.945,4,0
7rJrFX4RyhDJNV9nQIPw0y,O que combina comigo é você,Zé Henrique & Gabriel,51,176866,0,0.669,0.671,6,-8.135,1,0.0276,0.448,0.0,0.472,0.753,131.996,4,0
6lio8qS8M1XBGV3fYb8ZS5,Sunyata,Tribal Rain,45,231784,0,0.682,0.462,11,-11.505,0,0.0388,0.913,0.212,0.107,0.529,96.054,4,0
6KHsTu4Ht4XYiWcZOOdwbW,Chop (Nouvelle École),Fresh,76,195560,1,0.745,0.801,3,-6.545,0,0.724,0.439,1.13e-06,0.519,0.486,143.011,4,1
0M88JRtpXQK8i2XP0WX8jO,Fuck The Millennium,Scooter,16,249493,0,0.548,0.999,0,-4.937,1,0.0947,0.0501,0.0128,0.978,0.0878,145.0,4,0
1yoMdigYCXY5UrhTbGNEJp,Don't Let Me Be Misunderstood,Eric Burdon,0,157360,0,0.673,0.712,11,-7.858,0,0.0273,0.159,0.0,0.183,0.912,113.061,4,0
1Ib8I0IUoeRdLk6IKMLenk,Nur zu Besuch,Die Toten Hosen,38,270266,0,0.508,0.299,0,-7.457,0,0.0261,0.502,0.0,0.112,0.137,108.159,4,0
0EMYTe2oQy70PCKPQFlbVy,Voh Dekhnay Mein,Ali Zafar,59,272453,0,0.815,0.421,0,-8.125,1,0.0352,0.491,4.41e-06,0.117,0.543,140.01,4,0
0BhH8IeKQa3MW7J3dpl6x0,Ghostbusters - Lo-Fi,hope mona,0,170929,0,0.816,0.596,9,-11.15,1,0.451,0.76,0.891,0.348,0.756,116.022,4,0
5xQr5TxQ77siaKfuyiJbT0,Hands Up - Single Version,Ottawan,66,208573,0,0.888,0.876,8,-4.249,1,0.0425,0.61,3.25e-05,0.375,0.992,123.291,4,0
5g9IN42ZX2NK6KhOB347V3,Accidental Soccer Coach,Dry Bar Comedy,22,158000,0,0.519,0.535,3,-14.284,0,0.935,0.764,0.0,0.706,0.474,135.462,4,0
45eEjffcfZfXgILWoY2tZw,Sobre as Águas,Trazendo a Arca,37,340626,0,0.442,0.447,1,-7.557,0,0.0278,0.456,0.0,0.975,0.165,137.987,4,0
36j1jTaF9CFdq58TOPnBzC,Judicial Slime,Napalm Death,12,156840,0,0.221,0.992,10,-4.898,0,0.151,3.49e-06,0.207,0.304,0.117,98.179,4,0
6aKWvrAFe1NC7YEw8rTcwb,Street Life (Edit),Randy Crawford,0,289333,0,0.55,0.548,5,-11.171,0,0.0719,0.258,4.12e-05,0.36,0.819,111.612,4,0
2NQ2VeLMFkiPaUzEjU0U4J,Poing-Jump A Little Higher,Rotterdam Termination Source,16,261735,0,0.751,0.991,11,-5.468,0,0.0723,0.00101,0.179,0.357,0.849,154.857,4,0
4B8RTAHSPfYpV222GsmEjq,Zumba,Don Omar,2,263973,0,0.718,0.891,9,-3.494,0,0.0404,0.00175,0.0146,0.138,0.828,124.981,4,0
2sCxUQfUto6uaBe1ZBHFtA,Alright (feat. Russell Dickerson),Clara Mae;Russell Dickerson,51,161085,0,0.544,0.738,6,-4.944,1,0.106,0.368,0.0,0.0993,0.41,146.976,4,0
2KK9N6iBAisA0booTu3bGd,Déjala Que Baile (with Alejandro Sanz & Arkano),Melendi;Alejandro Sanz;Arkano,64,219600,0,0.831,0.777,11,-4.456,0,0.174,0.356,0.0,0.0796,0.598,95.973,4,0
48Yn5OAlrve8PAhxDhTNUQ,Under the Blade,Twisted Sister,0,279533,0,0.304,0.89,9,-3.992,0,0.122,0.00143,0.00113,0.104,0.433,194.289,4,0
6YtuqK0GShEo9edd4yI8rr,The Zero Hour,Wildstylez;Headhunterz,21,330106,0,0.622,0.906,9,-6.987,1,0.258,0.024,0.0133,0.342,0.0615,149.882,4,0
5q4gc4nzxSgtwIBnIuCT6M,The Addams Family,Cooltime Kids,0,139866,0,0.689,0.546,5,-9.254,1,0.0673,0.000464,0.000896,0.239,0.966,120.233,4,0
4LUwZxtF980YhwrvxtTeZ7,I Ain't Worried,OneRepublic,1,148485,0,0.704,0.797,0,-5.927,1,0.0475,0.0826,0.000745,0.0546,0.825,139.994,4,0
6iHbjtE81qfwU4RacVYDqP,Everytime I See You,E-Dee,31,206222,0,0.521,0.686,5,-8.002,0,0.291,0.0141,0.0,0.0846,0.624,129.378,5,0
5VgoYN2PNwcRIbxCzmeri0,Heera,Peter Cat Recording Co.,41,379920,0,0.66,0.606,0,-11.409,0,0.0266,0.557,0.00547,0.0987,0.77,116.007,4,0
5nvL2YxmnbQyuu7aGrI68K,messy,luvuto,30,96000,0,0.605,0.238,0,-12.352,1,0.16,0.948,0.92,0.111,0.656,79.996,4,0
5XaueS6W32nmVOFqYsmoCr,Leech,Angelmaker,50,285160,1,0.254,0.98,0,-4.348,1,0.138,0.00014,0.0659,0.306,0.0399,125.023,4,0
4z6ONMu9f0FjhhApyj87KI,Got The Power,Eagles Of Death Metal,26,208440,0,0.46,0.882,1,-4.91,1,0.0641,0.00203,0.0103,0.0996,0.658,143.926,4,0
22f03jCe16N1rYJzO9RqWl,City Beat,Ron Trent,9,682666,0,0.804,0.947,2,-8.071,1,0.0488,0.00984,0.889,0.0647,0.666,122.018,4,0
6JN0cjFT0zDRYxzqcKrvwf,Spoonman,Soundgarden,0,246920,0,0.258,0.904,0,-5.625,1,0.0386,2.2e-05,0.218,0.255,0.832,186.054,3,0
1ltZgsLlfxgtNh5U74JPu3,Group Therapy (Messages Pt. 9) [ABGT499D3],Above & Beyond,29,48695,0,0.66,0.917,7,-6.56,1,0.215,0.068,0.000216,0.683,0.74,138.065,3,0
2zNZ81rcbDUvOmKo0borJr,Spaceman (feat. FiNCH),Electric Callboy;FiNCH,63,190000,1,0.508,0.891,4,-7.492,0,0.0539,0.000381,0.0,0.403,0.572,79.984,4,0
5Yi7LVz0rVo2aYN34Hyv1U,I Feel Free - Remastered,Cream,0,172760,0,0.371,0.601,9,-8.431,1,0.0277,0.137,5.53e-05,0.15,0.596,87.975,4,0
7Gn4vU9RUHYV5aA1gMJSPV,Pran,Ritviz,48,221538,0,0.619,0.484,1,-8.715,1,0.0572,0.116,0.000121,0.19,0.61,90.916,4,0
5FcQcDHuwpzP70vhlCqVi2,The Pusher,Steppenwolf,0,349826,0,0.508,0.47,0,-9.339,1,0.0262,0.201,0.0553,0.14,0.69,81.016,4,0
0u79AwRSmRJdCQwXV7SGSB,Aspettando una nuova vita – Reprise,Laura Chiatti,31,125840,0,0.329,0.166,4,-10.467,1,0.0381,0.918,0.000221,0.257,0.159,102.277,4,0
0H4BGX7L8UfoD0g4wgXd0D,Way Maker - Single Version,Leeland,64,206440,0,0.468,0.655,4,-6.384,1,0.0296,0.0149,0.0,0.104,0.222,144.045,4,0
5X4tAxxNC5XaSgcIW3xhj7,Chosen Last,Sara Kays,56,226847,0,0.652,0.546,11,-6.497,1,0.0264,0.666,2.28e-06,0.112,0.264,99.03,4,0
0Gdc7WEm7QbmFzqDfQCs2M,Tanjiro Kamado,Rodrigo Zin,41,291283,1,0.677,0.573,10,-7.982,0,0.047,0.317,0.0,0.291,0.282,107.059,4,0
38YgZVHPWOWsKrsCXz6JyP,Come On Get Higher,Matt Nathanson,71,215173,0,0.672,0.623,9,-5.699,1,0.0297,0.241,0.0,0.0848,0.617,92.018,4,1
7fiDUk7rQAZJ5lPKchOpHM,Nuane,Autechre,12,797375,0,0.698,0.583,4,-11.091,0,0.105,0.00189,0.775,0.308,0.408,108.002,4,0
1UDViHv1sQpQT4G3Yf18IC,Vaidade,Heloisa Rosa,39,268051,0,0.494,0.443,4,-9.212,1,0.0274,0.674,6.59e-05,0.102,0.191,125.887,4,0
5Ag2HVfyE4rzXa8ba47Qqo,Abandoned,The Lemonheads,21,220306,0,0.444,0.545,0,-6.574,1,0.0284,0.0391,0.000356,0.184,0.382,126.728,4,0
7df1bXJPOQ21YwxjjOYOnj,Videvisan (Sov du lilla videung),Pernilla Andersson,35,180506,0,0.341,0.212,7,-12.131,1,0.0312,0.897,0.00124,0.147,0.268,171.267,4,0
2J2Z1SkXYghSajLibnQHOa,Unstoppable,Sia,81,217746,0,0.468,0.779,9,-4.839,1,0.0779,0.112,0.000373,0.101,0.26,173.799,4,1
36wWhtZyNc7YSGORYvLZ5X,Sentimento,Mc Kevin,46,216000,0,0.493,0.587,7,-4.743,0,0.0603,0.791,0.0,0.0919,0.456,109.967,4,0
3AJ0MFDt4OSknQ5D9Jlo4l,Samba Sambei,Criolo,37,222560,0,0.87,0.737,11,-8.372,1,0.126,0.268,0.00369,0.0504,0.952,136.07,4,0
7I8UTLiBA1ptFm04WulwhH,Prada,Arca,58,163348,0,0.619,0.712,4,-6.893,0,0.0328,0.103,0.0,0.24,0.35,95.025,4,0
0vrF0RhqGtoyzHxNpKFVeq,Hyper Kill,Darko US;Ryo Kinoshita,49,203266,1,0.258,0.997,7,-3.808,1,0.245,0.000225,0.565,0.096,0.245,147.567,4,0
2okcO5ZSjMwCl3kBOZujX9,Police the Nation,The Planet Smashers,31,158946,0,0.753,0.958,11,-4.088,0,0.0504,0.0449,0.0,0.383,0.964,167.944,4,0
5902W4uHWzhtOff1UK7the,When I’m Gone (with Katy Perry),Alesso;Katy Perry,80,161266,0,0.685,0.886,0,-4.179,1,0.034,0.028,0.0,0.481,0.615,125.034,4,1
6fUyCEJju5st7aDoN1nDN0,Heartless,Miles Away;braev,41,234324,0,0.467,0.644,6,-4.792,0,0.0382,0.182,0.0,0.0945,0.308,148.049,4,0
38Uq4auvCzFYWtYjLeB5xz,BICHOTA,KAROL G,0,178946,1,0.863,0.666,1,-4.158,0,0.152,0.212,0.000493,0.103,0.838,163.908,4,0
46IZ0fSY2mpAiktS3KOqds,Easy On Me,Adele,82,224694,0,0.604,0.366,5,-7.519,1,0.0282,0.578,0.0,0.133,0.13,141.981,4,1
2ygHwkk6BE4o1YKF2jhrFX,Hua Hain Aaj Pehli Baar,Amaal Mallik;Armaan Malik;Palak Muchhal,58,309272,0,0.495,0.729,6,-6.453,0,0.103,0.6,4.13e-05,0.0993,0.683,155.892,4,0
6k0X05danQOXSBTVek5DU1,The Rumbling,SiM,73,220799,0,0.459,0.878,5,-1.399,0,0.0688,5.62e-05,0.000307,0.371,0.494,144.852,4,1
7eKlApdNdcu8e2GX4nItcO,都幾歲了 (電視劇【幸福一家人】片尾曲),Ella Chen,38,241891,0,0.624,0.499,7,-7.631,1,0.0276,0.179,0.0,0.17,0.305,115.986,4,0
28i8wrtierqlLXenXZqgRL,Vermelhos de Ciclos,Samuca e a Selva,16,242000,0,0.753,0.728,10,-6.071,0,0.0563,0.0159,0.0652,0.107,0.59,144.003,3,0
6Ban3mboqGeIUAFnuyZZNM,ポップコーントーン,Shiritsu Ebisu Chugaku,19,270413,0,0.329,0.954,4,-1.737,1,0.0706,0.00316,0.338,0.52,0.589,170.064,4,0
24BYTj1tb5ovZcnIbtdTYD,Test & Recognise - Flume Re-work,Seekae;Flume,70,303660,0,0.544,0.579,8,-8.52,1,0.0712,0.193,1.43e-05,0.117,0.294,109.769,4,0
7z60LyZVJJXrE6YPJ39ioD,Azimuth,Goldie;James Davidson;Subjective;Lauren Norstrom,18,276937,0,0.668,0.859,6,-5.947,1,0.0367,0.0351,0.569,0.248,0.802,118.001,4,0
5PXyH5bb5fbVfO8LjByhBb,Hustle Bones,Death Grips,51,192360,1,0.6,0.982,4,-2.996,0,0.201,0.104,0.0,0.343,0.277,110.015,4,0
1Mys1gf9SkMBAVGGxpkJ7d,Reality,Lost Frequencies;Janieck,70,159480,0,0.714,0.697,1,-7.887,0,0.032,0.0197,2e-06,0.0697,0.602,122.145,4,0
3xfeeYbPZG82KPttgF7iGC,Flamingo,Blank & Jones,27,250120,0,0.811,0.556,5,-7.399,0,0.0741,0.291,0.898,0.11,0.745,109.976,4,0
4Hfab9JSboztQUlw1oSmGB,Sotta Sotta m,Sujatha,45,344816,0,0.751,0.414,5,-11.214,0,0.0406,0.145,0.000123,0.0841,0.401,94.991,4,0
7GjQssVu8uKn4WGTIgTOIA,Hot in It,Tiësto;Charli XCX,3,129817,0,0.748,0.841,7,-5.08,1,0.177,0.00445,1.33e-06,0.0413,0.717,123.045,4,0
2yUVCrzeOEChacYpE0MUAP,Alive Again - Live In Manila,Planetshakers,48,252149,0,0.561,0.925,1,-5.77,1,0.0566,0.000184,0.0119,0.606,0.614,126.019,4,0
49TMDqI2mJ8qtLuYMeFrua,I'm Satisfied With You,Hank Williams,12,155640,0,0.779,0.324,2,-12.326,1,0.0517,0.892,0.0,0.082,0.963,107.639,4,0
36xBFaVGjqm7le8CTHytUj,Parasite Eve,Bring Me The Horizon,65,291812,1,0.589,0.797,9,-5.464,1,0.15,0.0289,4.35e-06,0.383,0.232,102.489,4,0
36XWUlUGrfZ8da2fLbnNqj,Ruhum Bela,Can Bonomo,38,165192,0,0.638,0.893,9,-4.857,1,0.076,0.0398,0.0,0.0801,0.567,127.947,4,0
2VaAx84O5vvWwI9QTeuq49,Nada,Roberto Goyeneche,22,159306,0,0.47,0.591,9,-6.042,1,0.0809,0.788,1.26e-05,0.21,0.651,81.005,4,0
1Vy8dfWHzytLuWDYqnQd4L,Mamisi kołysanka,Ewa Konstancja Bułhak,25,93506,0,0.61,0.151,11,-14.883,1,0.115,0.863,0.0,0.104,0.666,169.463,3,0
2GDWnzRp5wsBXMBtR25dzv,Sira E Hou,Amrit Maan;Nimrat Khaira,57,200769,0,0.745,0.549,7,-5.137,1,0.203,0.337,0.0,0.152,0.788,77.892,4,0
4TuolvR6umOx58y53a9Vak,Ich mag kein Alkohol,Feine Sahne Fischfilet,37,215718,0,0.406,0.966,2,-3.515,0,0.0768,0.00113,0.0,0.0714,0.497,171.966,4,0
5FXMRdJjKq1BIX4e8Eg9mK,Ajab Si,KK,69,241668,0,0.697,0.438,8,-8.411,1,0.0289,0.397,0.0,0.293,0.58,117.954,4,0
77o1HdXHm1hLd7Ebe9ygd0,THAT BITCH,Bea Miller,68,201101,1,0.778,0.738,2,-2.164,1,0.218,0.0103,0.0,0.55,0.626,162.132,4,0
6I5lEYZblvLRtvgb0cUC8X,Credi In Te,Patrizio Buanne,20,140186,0,0.148,0.32,2,-11.921,0,0.0386,0.804,0.00283,0.304,0.106,161.31,3,0
3wxYm9dG25xd0eAGAkqy7W,Wavin' Flag - Black Chiney Remix,K'NAAN;Black Chiney,49,224533,0,0.597,0.913,0,-6.246,1,0.103,0.038,0.0,0.288,0.694,152.098,4,0
1T8grchCkVHRzP2McY9ARx,Little Saint Nick - 1991 Remix,The Beach Boys,0,118840,0,0.602,0.553,11,-9.336,1,0.0328,0.108,0.0,0.0512,0.971,130.594,4,0
4yNoaxUJjnP50AXYoAZx4S,Emotional,Flux Pavilion;Matthew Koma,51,235275,0,0.335,0.865,11,-4.672,0,0.0944,0.0027,0.276,0.107,0.411,149.85,4,0
6onYIWMYHWdzwUvZDZ6c7I,Salseiro - Ao Vivo,Vou Zuar,38,200879,0,0.65,0.903,7,-5.27,0,0.0348,0.663,0.0,0.988,0.869,94.025,4,0
1EXc4lSFTbktmqWksJLgke,The Curse of the White Demon,Nyctalllz,1,415517,0,0.237,0.38,2,-14.322,1,0.0358,0.599,0.875,0.174,0.0464,112.65,4,0
2YQa7y1HQLCXF9IJrLAKmr,Siphon Then Slit,Magrudergrind,11,59853,0,0.346,0.999,0,-4.912,1,0.184,0.00225,0.00983,0.306,0.0375,137.923,4,0
4QWQG77AZktvQMh302cCzf,Misantropo a senso unico,Cripple Bastards,16,134840,1,0.286,0.995,9,-3.143,1,0.178,5.44e-05,0.049,0.162,0.169,112.711,4,0
2CzSTQKg7RNomVePzk2NN9,I Can't Get Used To Being Lonely,George Jones,12,156120,0,0.496,0.193,10,-14.424,1,0.0292,0.817,0.0,0.189,0.51,109.141,4,0
6xU6i9ja5W68xPFDgh6tsa,Mega Star,Exaltasamba,37,259066,0,0.478,0.684,4,-9.205,1,0.0371,0.285,1.72e-05,0.288,0.286,146.906,4,0
2ltE2wBl11nvJP9LvNFH6e,Body Farm,Miasmatic Necrosis,18,46911,0,0.359,0.917,4,-5.394,1,0.063,4.58e-06,0.874,0.333,0.483,85.089,3,0
01LigwR8Dn9cPqCIGIBqwv,Pop That Middle,Theodis Ealey,31,258986,0,0.801,0.583,1,-6.7,0,0.0535,0.00921,0.00711,0.17,0.666,102.008,4,0
1AhTJuf8NnyCcXuSiEa1HP,Drop It Like It's Hot,Snoop Dogg;Pharrell Williams,0,266706,1,0.888,0.622,1,-3.875,1,0.213,0.16,0.0,0.101,0.664,91.977,4,0
6OjKyUcgRXYXNMvUM2tziJ,Bad Bad,Roy Woods,0,219563,0,0.476,0.526,9,-7.985,1,0.051,0.0737,2.99e-06,0.189,0.122,87.307,4,0
5JRcZcfR4EwvF8krQTNLP8,The Hamster Dance,DJ Krazy,13,209781,0,0.825,0.828,1,-9.284,0,0.0381,0.0567,0.0323,0.195,0.939,136.98,4,0
0id1qkWX2s92QjBJcQZj8r,The Sixth Station,Joe Hisaishi,57,218240,0,0.304,0.0463,4,-25.773,0,0.0353,0.879,0.803,0.0923,0.0392,77.936,4,0
7FV6mYpw5uESNzvp4mtl0L,Cut Me Open,Balance And Composure,30,333493,0,0.214,0.976,0,-4.772,0,0.0566,1.72e-05,0.0019,0.107,0.336,157.007,4,0
2Vm4Uy2fsUcyRjViraNRPH,Chikanorexika,Árbol,40,231866,0,0.683,0.911,5,-3.332,0,0.0665,0.162,0.0,0.0726,0.879,92.003,4,0
5ygDXis42ncn6kYG14lEVG,Baby Shark,Pinkfong,77,80927,0,0.829,0.886,8,-1.746,1,0.112,0.259,0.0,0.0559,0.777,115.056,4,1
6el8cnFNWeNhDTWeWszXBk,Star,Megan Thee Stallion;Lucky Daye,0,210160,1,0.795,0.694,1,-5.053,1,0.0595,0.0183,0.000186,0.115,0.327,96.046,4,0
1XEYkaVYMC6bT5LRmVn4Aq,Plegaria,Kiko Revatta,29,221026,0,0.521,0.526,7,-6.87,0,0.0349,0.552,0.00156,0.198,0.577,107.663,3,0
32FVH23yFXr8Z0sfjRw4It,Wo Noor,AP Dhillon,72,199420,0,0.761,0.554,1,-8.119,0,0.0854,0.193,0.00844,0.0802,0.555,92.52,4,1
7oK0wrAHhSYofdxg3wD8tE,Fazendeiro de Apartamento,Cidade Verde Sounds,27,220373,0,0.743,0.543,6,-7.983,1,0.111,0.1,0.0,0.246,0.499,77.215,4,0
7FcQRdlqMvAKmQH1SXCk1s,Ishqam,Mika Singh;Ali Quli Mirza,70,194418,0,0.735,0.839,10,-4.263,0,0.0381,0.129,0.0,0.41,0.609,100.017,4,0
0HlMGZylehT6pkB3ial3xV,Ein Wunsch,K-Fly;Jamie Roseanne,42,176000,0,0.8,0.64,5,-6.648,1,0.0387,0.415,0.0,0.119,0.56,139.927,4,0
2WOCQriCJaM9hhDZLZihRR,Frustums,Ochre,11,215893,0,0.611,0.436,1,-14.365,0,0.0313,0.469,0.965,0.232,0.204,116.989,3,0
2b0oFT5Ky5NqvwvT5ELfsj,Finding,Kiawasch Sahebnassagh,0,387800,0,0.424,0.0189,7,-26.86,0,0.115,0.967,0.895,0.133,0.167,111.498,4,0
65C5BEPeaVoqaSm1aidwBS,Insanity,Deathtune,0,249026,0,0.23,0.994,8,-2.167,1,0.396,4.13e-05,0.000325,0.0662,0.325,198.467,4,0
3EAtzgue3pgK3SvtfbyEky,Nível de Carência,Pablo,44,165413,0,0.574,0.689,2,-4.824,1,0.0746,0.189,0.0,0.301,0.617,130.9,4,0
3UZ5r4fVgvUGEWOwnTGia8,Like a Movie feat. Haexxa,Alfred Heinrichs;Haexxa,26,350892,0,0.806,0.491,9,-8.013,0,0.0474,0.00795,0.653,0.0885,0.143,140.004,4,0
7LgxYvP8zzKSapwngbxAeU,Nós vamos invadir sua praia - Avenida,Ultraje a Rigor,38,254906,0,0.509,0.97,4,-6.732,1,0.0697,0.00951,0.000234,0.0459,0.665,169.121,4,0
7n6FiTKMPLDZNjvmhVuxSu,Maddest Life,Rygin King,25,165450,0,0.764,0.62,2,-6.778,1,0.341,0.511,0.0,0.109,0.36,100.147,4,0
5WWRywfC3wfvoCvd0dRSlT,Sugnadha Neerala - From “Friday”,Najim Arshad;Gayatri Ashokan,20,284400,0,0.661,0.309,0,-10.558,1,0.0272,0.793,1.55e-06,0.106,0.34,94.915,4,0
4Im6GRj17qa7NW76OsJh1s,I Guess I Just Feel Like,John Mayer,70,286386,0,0.548,0.483,4,-9.102,1,0.0268,0.515,0.0674,0.0922,0.166,159.952,4,0
7juldJ3Bp7nwj4G8mCEM1R,Martini z Lodem,Marcin Siegienczuk,29,205984,0,0.727,0.816,5,-6.912,0,0.0369,0.000577,0.00207,0.309,0.883,126.969,4,0
0of5j8ybwjDJCSaGjN8KJn,Generous,Amber Mark,0,164029,0,0.831,0.542,10,-6.652,0,0.169,0.234,0.0,0.261,0.493,132.076,4,0
7j3pomrNfXTUtjjdLwlIHh,Pressurelicious,Megan Thee Stallion;Future,0,173061,1,0.845,0.723,11,-5.18,1,0.263,0.0112,0.0,0.107,0.667,146.972,4,0
7255DLbds9KpfLuB78sfDi,無人之境,Eason Chan,15,221066,0,0.535,0.564,2,-7.224,1,0.0394,0.361,0.0,0.119,0.278,123.892,4,0
0VJEbnSvjsoTbj5MPYAgYa,Santa Cruzin',"Grover Washington, Jr.",0,414613,0,0.688,0.639,5,-10.068,1,0.0425,0.47,0.655,0.117,0.602,99.645,4,0
4tZbdTU2ALC8e6ZHkN6Gyn,Runoff,Jobii,26,144797,0,0.507,0.195,5,-16.514,1,0.0756,0.874,0.92,0.111,0.0709,136.713,4,0
1zexNfdOpmr21LpIr09IRe,Our God,Chris Tomlin,39,285160,0,0.509,0.778,11,-3.608,1,0.0295,0.00998,0.0,0.19,0.216,105.066,4,0
7nudwi49ZHlgt6AtNNgVnJ,Long Way Home (Tritonia 400),Tritonal;HALIENE;SCHALA;Jorza,17,304390,0,0.584,0.77,11,-3.514,0,0.0644,0.0113,3.39e-05,0.418,0.411,129.913,4,0
72gv4zhNvRVdQA0eOenCal,Symphony (feat. Zara Larsson),Clean Bandit;Zara Larsson,76,212733,0,0.715,0.605,0,-5.128,0,0.0428,0.239,1.41e-05,0.189,0.454,122.956,4,1
0dHSlVVbPb7hiGdlkMv6vB,Caminito - Remastered,Libertad Lamarque,19,185733,0,0.48,0.101,0,-11.186,1,0.0516,0.949,1.24e-05,0.109,0.345,111.087,4,0
00B7SBwrjbycLMOgAmeIU8,Reach Out,Red Hot Chili Peppers,66,251588,0,0.663,0.71,11,-5.55,0,0.0599,0.00745,0.00559,0.147,0.487,120.984,4,0
3BenEWAgg15dTCiLpETlSO,God Only Knows - Mono / 1997 Remastered,The Beach Boys,0,173040,0,0.524,0.487,6,-7.525,0,0.0299,0.253,0.0,0.0579,0.482,117.108,4,0
6JN0cjFT0zDRYxzqcKrvwf,Spoonman,Soundgarden,0,246920,0,0.258,0.904,0,-5.625,1,0.0386,2.2e-05,0.218,0.255,0.832,186.054,3,0
1341iPhZXVcXit72XKMMck,Djangologie,Babik Reinhardt,45,156653,0,0.656,0.397,2,-11.936,1,0.0704,0.676,0.924,0.0982,0.663,114.18,4,0
6JHmOcoeEFfCNMyQ5tfZAS,Pot-Pourri: Franqueza / Tão Inocente / Tudo por Você - Ao Vivo,Pixote,52,211946,0,0.471,0.8,11,-6.624,0,0.0708,0.599,0.0,0.975,0.643,82.971,4,0
57xvrlDWfqSSdQxgg0GZoD,Medallita De La Suerte,Alfredo De Angelis;Oscar Larroca,18,182306,0,0.56,0.447,9,-5.644,1,0.0401,0.882,7.7e-06,0.272,0.725,129.855,4,0
16S7NI4eXArXrRBirMDO09,You're Still On My Mind,George Jones,14,137653,0,0.624,0.264,9,-16.31,1,0.0354,0.839,0.000508,0.0771,0.779,112.566,4,0
0U6bQIAh6MCGo1xjbIIx2S,Instagram,Dimitri Vegas & Like Mike;David Guetta;Daddy Yankee;Afro Bros;Natti Natasha;Dimitri Vegas;Like Mike,66,184558,1,0.765,0.906,8,-2.097,0,0.0965,0.125,0.0,0.423,0.95,96.071,4,0
0jS2STpgxUaUL7zaXycB0y,Mam Tę Moc - z filmu „Kraina lodu”,Katarzyna Łaska,24,224053,0,0.607,0.331,5,-11.481,0,0.035,0.692,0.0,0.116,0.274,137.039,4,0
5TUKBnpG0UD8Et7nPf3NnW,Sin escrúpulos,Barilari,20,239624,0,0.32,0.948,0,-3.909,0,0.117,0.000285,3.4e-05,0.0621,0.359,90.026,4,0
5ofP0ayCr1BAMVxvsmyx7x,História Para Ninar Gente Grande,Marquinho Art'Samba;De Mangueira,39,271453,0,0.419,0.71,3,-8.115,1,0.0654,0.101,0.0,0.0902,0.853,144.662,4,0
1GcQOCeGqCzfRcFaKn6aLt,Tear Down The Club - Original Mix,DJ Fixx,12,249600,0,0.627,0.78,8,-5.429,1,0.0518,0.00142,0.0308,0.0989,0.297,150.007,4,0
0e7BL4OGdfXsuF8YzHF5SW,Tô na Vaquejada,Biu do Piseiro,40,194507,0,0.688,0.937,2,-4.438,0,0.0464,0.507,0.00113,0.138,0.805,170.011,4,0
39EapDoz0JHCTSDXqMgy1M,Não Mais Escravos,Fredy Miller,43,288141,0,0.244,0.684,10,-7.798,1,0.0384,0.0188,0.000585,0.239,0.135,73.085,4,0
7BRlRPXSBWWLCuPt6se1lZ,Privileged,Rotten Sound,13,84500,0,0.235,0.969,8,-2.662,1,0.0655,1.76e-06,0.586,0.22,0.0657,115.061,4,0
66U0ASk1VHZsqIkpMjKX3B,Little Swing,AronChupa;Little Sis Nora,59,163809,0,0.89,0.672,7,-5.532,1,0.0621,0.707,0.000604,0.177,0.598,126.036,4,0
0RywTYPLSmDNiVOwzo0K1h,Judia de Mim (Ao Vivo),Seu Jorge;Zeca Pagodinho,42,132320,0,0.5,0.841,0,-6.456,1,0.163,0.805,0.0,0.641,0.911,126.034,4,0
584GnCDcDhRV6R8iZ7gzxC,No Longer Slaves (Spontaneous) - Live,Bethel Music;Jonathan David Helser;Melissa Helser,62,373691,0,0.412,0.61,10,-7.988,1,0.0379,0.177,0.000102,0.0851,0.242,148.005,4,0
2YIdkog2dUHyTg0WfswFD7,Thenale,Pina Colada Blues;Nikita Uday;Farish Reheman,24,361782,0,0.623,0.346,0,-15.099,1,0.0344,0.824,0.0504,0.0564,0.148,127.992,4,0
40fFjxtsBoIdTEL71kbp39,Orbit 37,Rub!k,46,174077,0,0.456,0.935,5,-3.03,0,0.0324,0.028,0.776,0.741,0.387,133.928,4,0
2drouoeVvVzz5cRfe9VK8W,Halloween,Siouxsie and the Banshees,1,221466,0,0.223,0.91,7,-7.097,1,0.08,0.0116,0.000518,0.212,0.364,171.75,4,0
5lPxART7HVUYga9D4WPJhM,Broken - Album Edit,Evil Activities;Endymion;E-Life,17,227761,0,0.382,0.907,4,-5.322,1,0.16,0.0652,7.01e-06,0.115,0.216,167.005,4,0
31tqdc6hO91Byv18aRLhNE,Suicide Letter 2,Trick James,55,177606,1,0.709,0.604,4,-9.048,0,0.405,0.623,0.0,0.547,0.584,82.999,4,0
2J0SPCNgs4Hs9oVTrzOOBW,My Little Pony,Patton Oswalt,23,376219,1,0.692,0.339,10,-19.111,1,0.959,0.831,0.0,0.697,0.575,136.475,3,0
0HHVxCfDlSWYgVcdhZypsn,ナニカガイル,NGT48,19,218400,0,0.52,0.901,5,-3.295,1,0.0641,0.035,0.0,0.163,0.886,168.899,4,0
7geIT54duCCwpJWQCPSZg7,別再想見我,許光漢,52,270153,0,0.437,0.417,8,-7.749,1,0.0285,0.724,3.58e-06,0.1,0.427,141.849,4,0
5ahT6m90wUC9gnnwvEz30d,Pressurelicious,Megan Thee Stallion;Future,1,173061,1,0.845,0.723,11,-5.18,1,0.263,0.0112,0.0,0.107,0.667,146.972,4,0
2yPhGXiLZJrzqy6v7Km4WQ,Origin,Far Out,41,193591,0,0.319,0.865,2,-3.7,1,0.107,0.19,0.699,0.0823,0.164,153.962,4,0
0dwDNr5clVpBM0R6HCGnqx,Left and Right,Charlie Puth;Jung Kook,0,154486,0,0.881,0.592,2,-4.898,1,0.0324,0.619,1.32e-05,0.0901,0.719,101.058,4,0
51jmkr4qNh3c8LkRO7ok8N,Красной помадой,FACE,51,247989,1,0.834,0.517,7,-9.095,1,0.0603,0.77,0.0,0.0873,0.147,131.934,4,0
446YddChoGaW3xew9cTX1d,Perpetual Dawn,The Orb,23,572293,0,0.798,0.786,11,-14.631,0,0.0545,0.0168,0.293,0.216,0.38,102.741,4,0
5Kp7q6pTH8NW4bsxuANUpe,Stitches,Shawn Mendes,1,206879,0,0.736,0.74,10,-6.662,0,0.0912,0.0174,0.0,0.0481,0.737,74.99,4,0
3Nku6gLNqnwUuq8GLkqyhW,Great Spirit,Armin van Buuren;Vini Vici;Hilight Tribe,66,215773,0,0.592,0.911,9,-7.975,1,0.0659,0.00608,0.0123,0.223,0.211,103.517,3,0
3FJAek4sGsxgDzrK9FA1b5,Dia Branco (Ao Vivo),Elba Ramalho;Geraldo Azevedo,43,166400,0,0.369,0.359,9,-9.284,1,0.0317,0.845,0.0,0.844,0.193,102.691,3,0
0444nJqtS1f9Ol77KiJHKt,Let Me Talk to You,Ray Price,13,182560,0,0.371,0.203,8,-14.63,1,0.0366,0.928,0.000351,0.325,0.264,84.841,4,0
1SdwywRhxTWnZdaUihMdeD,"La Plaga (Good Golly, Miss Molly)",Los Teen Tops,34,132933,0,0.337,0.857,2,-7.037,1,0.0662,0.188,3.22e-05,0.626,0.96,182.885,4,0
5zcNcMFtlo2ikzUyGwDt9e,The Fire Within Him Burns,Kvaen;Mathias Lillmåns,19,321219,0,0.201,0.824,11,-13.332,0,0.0776,2.43e-05,0.00159,0.0991,0.0648,179.998,4,0
2Z8oSkHTEJedqb1rsgpLih,SOS - Acoustic Covers Versions,Covers Culture,26,149610,0,0.351,0.109,7,-11.997,0,0.0435,0.879,0.0,0.158,0.64,76.851,4,0
2bPGTMB5sFfFYQ2YvSmup0,Deutschland,Rammstein,77,322339,0,0.521,0.895,7,-5.242,1,0.0442,5.54e-05,0.349,0.0985,0.237,120.117,4,1
3AoSuIey90cH9PI8HUoHOQ,Life is Beautiful,Sixx:A.M.,62,215000,0,0.474,0.895,2,-4.443,0,0.0628,0.000254,0.000177,0.088,0.399,89.998,4,0
5v5AEsqd3fGCl7V8POx1BQ,Last Christmas,Mariah Angeliq,0,217893,0,0.745,0.812,0,-5.77,1,0.0254,0.0954,0.0,0.0473,0.968,112.026,4,0
0bhhXULPNfCsVhZp35HrC3,Dura,Daddy Yankee,0,200480,0,0.783,0.84,1,-3.416,1,0.051,0.174,0.0,0.412,0.838,95.002,4,0
2ZNk1ymMNXmVaIh344VQhe,Til the Sun Comes Up,Tucka,36,279626,0,0.814,0.66,3,-4.099,0,0.0339,0.257,0.0,0.144,0.967,110.048,4,0
3ehuQZkvZVeSgbshFFZKW2,Day N Night,Afrojack;Black V Neck;Muni Long,63,179199,0,0.709,0.871,5,-4.126,0,0.175,0.134,0.0,0.316,0.667,125.94,4,0
4GwPH7PBW6rGqi8ej3cOhi,Malena,Carlos Lombardi;Los Românticos De La Noche,18,123133,0,0.317,0.327,9,-13.577,0,0.038,0.921,0.594,0.671,0.503,116.827,4,0
2Kebw90X8vgGRk2mvl9pBF,Vigilante,Front Line Assembly,22,388466,0,0.484,0.936,6,-9.4,0,0.0504,2.23e-05,0.823,0.291,0.152,106.047,4,0
3yMgTrau91ftrziL48Q3OM,メレンゲ,Macaroni Empitsu,37,238732,0,0.573,0.697,2,-3.988,1,0.0355,0.0127,0.0,0.102,0.647,103.982,4,0
0a8JnrGsVJstKtEzJCnGgD,"Una Mattina (from ""The Intouchables"")",Jacob's Piano,49,206000,0,0.354,0.076,9,-22.115,0,0.0545,0.982,0.839,0.149,0.0984,133.6,4,0
4PVDAebj5ADsLOBw1D9KbP,Fim de Nós 2,BIN;Azevedo;Mainstreet;Kizzy,46,180000,0,0.582,0.467,5,-7.674,1,0.0367,0.183,0.0,0.0931,0.486,119.842,4,0
171luCSfSTBnaIVnfTVbS6,Nasır (Live @ Zorlu PSM),Melike Şahin,42,269354,0,0.551,0.478,10,-10.58,0,0.0378,0.526,0.0,0.288,0.523,98.056,4,0
6Bl8ELAqTF3ZGHgaGJ1UkH,Swarms of Song - Deutsche Version,Belle,17,98242,0,0.432,0.526,4,-12.49,0,0.0612,0.0513,0.000105,0.0887,0.251,129.56,4,0
2yNKDG4FgwzQuL0JUEOunR,bad guy,Billie Eilish,1,194087,0,0.701,0.425,7,-10.965,1,0.375,0.328,0.13,0.1,0.562,135.128,4,0
1dbssL6Ur80M3xFJS7Tzcu,World Of Pauline Lewis,Television Personalities,20,158399,0,0.621,0.787,0,-8.819,1,0.0384,0.175,0.186,0.179,0.73,142.325,4,0
6dUGQzqCA18wKzVuiGttJF,Game Over,Karan Aujla,64,154925,0,0.846,0.573,6,-6.005,0,0.0633,0.0437,0.0,0.0856,0.553,134.144,4,0
4mYrbFGkk5u3bnDhTj0jAO,Raatein,Jasleen Royal,49,225875,0,0.653,0.401,5,-12.029,1,0.0279,0.893,0.143,0.109,0.311,129.988,4,0
4HZxK9wOmM3TF4IUttIrO2,波打ち際を走らないか?,Keyakizaka46,26,261799,0,0.446,0.862,5,-2.347,1,0.042,0.0319,0.0,0.284,0.512,151.976,4,0
2ue7OlgaRqX4Uxg0OmDbAt,Varför vill du inte ha mig?,Larz-Kristerz,37,190773,0,0.702,0.829,4,-5.52,1,0.0297,0.00145,0.0,0.328,0.895,132.036,4,0
4FlCXmHd0JP7ue2tK7fVC7,Sad Girls,Clean Bandit;French The Kid;Rema,0,163472,1,0.799,0.847,5,-7.808,1,0.0956,0.254,2.14e-05,0.339,0.529,115.016,4,0
00GVRTIWMjYwwHEjTLclgf,Home,Robert Hood,8,451533,0,0.615,0.896,11,-13.426,0,0.0542,0.014,0.888,0.148,0.36,137.675,4,0
71BwuaJ5VjGx9EJdrc9OX2,Don't Shoot Me Santa,The Killers;Ryan Pardey,0,245106,0,0.588,0.847,8,-4.164,1,0.0705,0.0601,0.0,0.307,0.662,120.041,4,0
29bZ3bs505KcwIVqWFOPBS,LA CANCIÓN,J Balvin;Bad Bunny,0,242573,0,0.756,0.646,7,-5.795,1,0.319,0.152,1.81e-05,0.108,0.429,176.088,4,0
4Sp0jLZN8MgPnoGDufJS7N,On My Way - Da Tweekaz Remix,Alan Walker;Sabrina Carpenter;Farruko;Da Tweekaz,60,204198,0,0.478,0.848,1,-3.85,0,0.0431,0.0934,0.0,0.0925,0.48,149.936,4,0
7Bz5B6hEU5TS145QYTfc3k,Suavemente,Soolking;Boro Boro,73,157714,1,0.854,0.682,7,-5.212,1,0.053,0.335,0.000926,0.0569,0.507,140.019,4,1
5zBKLL980Mcy80pgH7Lb4U,El Regreso,Sergent Garcia,33,537066,0,0.877,0.773,7,-3.118,1,0.0352,0.154,0.000414,0.0889,0.796,99.951,4,0
2KezizwgtM5kC8ZQxcBf0T,O Seu Amor por Mim - Ao Vivo,Weslei Santos,47,362734,0,0.459,0.399,6,-9.954,1,0.0339,0.433,0.0,0.682,0.374,139.792,3,0
5RbMlPFL4gVyEHW2lEOuzG,奏(かなで),Sukima Switch,62,328626,0,0.519,0.666,10,-6.163,1,0.0262,0.553,0.000169,0.0948,0.461,149.839,4,0
1402Qi415TaUB0XXXqpyls,"Empty Chairs at Empty Tables (From ""Les Miserables"")",Collabro,22,183293,0,0.264,0.13,1,-15.167,0,0.0437,0.891,0.0,0.105,0.0899,172.034,4,0
6iycYNyYgphDgTsKfwpqhr,You Never Let Go,Matt Redman,43,277306,0,0.219,0.771,11,-5.047,1,0.0544,0.115,0.0,0.113,0.272,157.76,4,0
52hZLSS0r4MczyqvoZScIt,Fogos de Artifícios,Alan Menken;Disney,20,38040,0,0.224,0.0651,7,-22.713,1,0.0469,0.521,0.599,0.188,0.0936,117.235,4,0
5ZfnMTxigllIu1aGgyfYWF,50 Palabras 60 Palabras o 100 - En Vivo,"Ana Torroja;Sasha, Benny y Erik",27,237813,0,0.413,0.688,2,-8.694,1,0.035,0.0215,0.000201,0.973,0.269,104.566,4,0
1cAHzi5BEJv94qAKdWM51X,Jingle Bell Rock,Cooltime Kids,0,130240,0,0.87,0.572,3,-4.671,1,0.0388,0.687,0.0,0.091,0.697,122.923,4,0
5U7jIV7kh5iHKgUgslSgKB,(......小小牧羊人)(feat. 微光古樂集),吳青峰;微光古樂集,42,228916,0,0.606,0.31,3,-11.111,1,0.0289,0.936,0.000213,0.281,0.22,140.293,4,0
1L3Fy1mYwpgFyv3Pr4bAQa,Maquiagem Não Disfarça - Ao Vivo,Henrique & Juliano,53,171573,0,0.584,0.827,9,-5.717,0,0.245,0.22,0.0,0.863,0.454,174.108,4,0
6xXvAzowcCQmoKdDr1oIFJ,2002 - Acoustic,Amber Leigh Irish,57,145056,0,0.589,0.296,0,-9.335,1,0.083,0.842,0.0,0.0736,0.611,165.799,3,0
75CDuNCwcUf4CpOCIGyikr,I Saw Mommy Kissing Santa Claus,The Jackson 5,0,181360,0,0.582,0.705,3,-8.169,1,0.0539,0.29,1.38e-06,0.797,0.64,128.89,4,0
5vdSqprqxSFAJ4dJmJYImI,Amazing Grace (feat. Corlea) - Live,Amira Willighagen;Corlea,24,317135,0,0.113,0.478,3,-10.158,1,0.0381,0.814,3.83e-06,0.661,0.178,85.166,4,0
01ZAjuOp09OWWEoNBTmJ8R,Atenti Pebeta - Remasterizado,Julio Martel;Alfredo De Angelis,18,146050,0,0.623,0.45,3,-8.347,1,0.0974,0.924,0.0,0.104,0.892,129.024,4,0
4hzDCJUFDyk66oIBirPiCl,Gunehgar,DIVINE,65,163404,0,0.643,0.906,1,-4.15,1,0.31,0.105,0.0,0.861,0.541,94.259,4,0
4yVAwzmVAPuBVGiPSJPRXq,Real McCoy,State of Mind,17,370853,0,0.527,0.899,8,-8.211,1,0.107,0.000165,0.734,0.415,0.454,175.034,4,0
0vFaWaqU8AGed1slnaP1rn,STAR,BiSH,27,247193,0,0.457,0.841,10,-4.252,1,0.0354,0.000791,0.00113,0.399,0.613,140.134,4,0
0GzuHFG4Ql6DoyxFRnIk3F,Hawái - Remix,Maluma;The Weeknd,72,200481,0,0.766,0.788,6,-3.128,0,0.312,0.105,5.81e-06,0.142,0.609,179.984,4,1
3Tu1j8B9SO8i8VSjd9d2kB,Disconnected,James Hype;Tita Lau,27,194523,0,0.842,0.811,2,-6.476,1,0.109,0.00579,0.176,0.0702,0.594,125.995,4,0
4tElcYfEro42oZe7X6AbEf,Freedom - Sub Focus & Wilkinson,Sub Focus;Wilkinson;Empara Mi,52,242946,0,0.357,0.837,0,-4.083,1,0.0458,0.0213,8.63e-06,0.298,0.0395,174.096,4,0
0FrFqoPT7JB0ezIU9g2OLC,Ohms,Deftones,0,250222,0,0.112,0.978,4,-2.64,1,0.117,0.000108,0.0241,0.117,0.371,173.097,3,0
1SXRVPBqTOBlcMSbYwHfFH,Come Back as a Country Boy,Blake Shelton,1,221733,0,0.494,0.796,7,-3.965,0,0.0324,0.0197,0.000178,0.309,0.447,76.069,4,0
7Gn4vU9RUHYV5aA1gMJSPV,Pran,Ritviz,48,221538,0,0.619,0.484,1,-8.715,1,0.0572,0.116,0.000121,0.19,0.61,90.916,4,0
19CV2Mzx9j5tZBdYqbxdtQ,Zombie,Eddy Tyler,37,300025,0,0.585,0.4,4,-11.811,0,0.0347,0.832,0.875,0.116,0.197,82.025,4,0
2eztVQcSsEfOUhcSIZmLaM,Primero Fui Yo,Frankie Ruiz,34,290960,0,0.772,0.571,0,-10.234,1,0.0325,0.251,0.000173,0.0326,0.96,97.427,4,0
68U5E3MAmeAzN2dLsWJYG3,I Want Tacos,Desmond Dennis,15,192174,0,0.71,0.435,6,-5.396,0,0.0557,0.31,0.0,0.0679,0.474,68.134,4,0
0Hnne5lFK5ppt6UO4BzYjc,Las Tribus,Julieta Laso,20,225771,0,0.568,0.391,4,-8.827,0,0.0295,0.43,0.000156,0.111,0.343,97.943,4,0
3MjrueDQKVr6xDDseZwhEd,Figure It Out,Royal Blood,67,183602,0,0.658,0.814,0,-4.631,1,0.0558,0.229,0.00676,0.216,0.69,108.016,4,0
1UR0RbyH4bKoovDNnGd53G,Quack Kills,Psychostick,24,209001,1,0.663,0.706,2,-6.196,1,0.318,0.000952,9.68e-05,0.236,0.466,98.444,4,0
3qKcnyDELdhl8wUUKh7taa,Land of the Elves,Achillea,44,144626,0,0.427,0.108,5,-20.024,0,0.0346,0.856,0.383,0.123,0.0377,119.723,4,0
4pXddXwuJsDcmHR8k3YGNT,Aliança,Vitor Fernandes,49,218098,0,0.548,0.728,6,-5.234,1,0.0373,0.263,0.00788,0.101,0.831,162.058,4,0
36W9uGXk3QlW6ZyTKSMcI9,"Thaazhe Nee Tharame - From ""Thira""",Sachin Warrier;Job Kurian;Sayanora,40,171126,0,0.509,0.475,5,-8.994,0,0.0382,0.506,0.00383,0.168,0.173,135.31,4,0
0tpwqQhdfJXRcUDSNRjb9O,"Mere Yaaraa (From ""Sooryavanshi"")",Arijit Singh;Neeti Mohan;Rashmi Virag,73,285163,0,0.324,0.539,2,-8.076,1,0.038,0.713,3.15e-05,0.118,0.486,120.526,4,1
6hf0RpxTbOprT5nnwzkk8e,Qué Más Pues?,J Balvin;Maria Becerra,76,217773,0,0.891,0.819,8,-3.964,1,0.106,0.0261,0.000354,0.173,0.768,101.968,4,1
3UPxTUgfoxubx8fC3wOJ0P,Angels of the Reef,Dan Gibson's Solitudes,22,350201,0,0.117,0.11,5,-26.081,1,0.0442,0.977,0.741,0.702,0.0449,83.687,4,0
3ivmnDVeJKCJjkRMNe3Dt2,Catch Me In Your Dreams - Original Mix,The Prophet,0,225388,0,0.552,0.946,2,-5.29,1,0.0927,0.000492,0.264,0.0767,0.282,162.968,4,0
2wnoCQPbacTlzLcbTs7KhX,Equilibrium - Radio Edit,NG Rezonance,29,138620,0,0.582,0.994,10,-5.548,0,0.242,0.00017,0.895,0.335,0.0393,145.005,4,0
1s46xFwjfRUkRlPlX3PwPk,Háblame Bajito,Abraham Mateo;50 Cent;Austin Mahone,55,270693,0,0.791,0.646,11,-4.598,1,0.117,0.135,1.33e-05,0.16,0.256,92.026,4,0
2PmMV9rGSDac68IaRmNv5Q,Vela Aberta,Walter Franco,38,252013,0,0.572,0.745,7,-8.642,1,0.0444,0.0895,8.64e-06,0.147,0.855,138.329,4,0
1lCZCeNWATY0JHYgH19zyI,Dry Counties,Mountain Sprout,29,224373,0,0.533,0.841,2,-4.418,1,0.0315,0.126,0.000212,0.184,0.97,122.132,4,0
1g54Kfpkw2ZetZdRXdUmaD,Wake Up,Christopher Zondaflex Tyler,11,170946,0,0.653,0.298,1,-15.499,1,0.439,0.0444,0.0,0.103,0.812,90.148,4,0
2tY8OoNxbY4mR3sNRFzKBG,Wahre Liebe,Chaos Team;Andy Luxx;Alex Engel,0,175171,0,0.732,0.92,7,-4.533,1,0.083,0.0668,6.11e-06,0.345,0.408,150.022,4,0
4OukDE7pBKhCV4YYeYhnjq,Fly Me to the Moon,Olivia Ong,46,186133,0,0.629,0.38,9,-10.874,1,0.0317,0.934,0.000693,0.103,0.232,114.854,4,0
1Qd5izEmKI7jIhoNDYwcAF,Big Grief,WAAX,28,163360,0,0.508,0.888,0,-3.911,1,0.0393,9.21e-06,0.00137,0.0858,0.325,126.015,4,0
0qwMoAstkTXlWE8lQJBRzY,Kneel Before Me,SLANDER;Crankdat;Asking Alexandria,54,201600,0,0.596,0.97,11,-2.7,0,0.0691,0.00208,0.00419,0.101,0.279,150.003,4,0
6qnevstsEfllYX8BJFirS4,Not What I Had In Mind,George Jones;The Jones Boys,12,144853,0,0.735,0.392,11,-8.235,1,0.0281,0.542,0.0,0.125,0.758,119.449,4,0
3dysNqzNtD4bhiI8tMJ4Vm,Fractions,Emery,30,314026,0,0.414,0.828,1,-4.893,1,0.0477,0.0372,3.64e-06,0.172,0.306,154.017,3,0
1HJE27oUlGohZL9aYhEtPC,Cerita Kita,Tompi,35,279520,0,0.48,0.32,0,-10.39,1,0.0312,0.726,0.000343,0.107,0.0877,143.991,4,0
3i4ssEZfLO3bgaB6hnj3tp,Baixinha - Ao Vivo,Matheus & Kauan,45,156704,0,0.74,0.545,3,-8.204,1,0.0403,0.656,0.0,0.165,0.829,103.982,4,0
2Hz403eAzJ8BTGZX0PkgIP,Nur noch Schuhe an! - Masken-Version,Mickie Krause,0,225493,0,0.503,0.951,11,-3.52,1,0.139,0.0216,0.0,0.759,0.664,146.949,4,0
48AJSd42lXpicsGqcgopof,X ÚLTIMA VEZ,Daddy Yankee;Bad Bunny,85,192477,1,0.812,0.855,7,-3.725,1,0.0554,0.0789,0.000167,0.108,0.573,90.04,4,1
6mbHaLohxTHM1HtI7XdJYl,Shri Vishnu Dhyanam,Kishori Amonkar,32,107733,0,0.179,0.0538,11,-18.765,1,0.0343,0.967,1.66e-05,0.355,0.115,90.381,1,0
0q7u1QUZmKDTTa4WekSLST,Hanna från Arlöv,Nationalteatern,37,219840,0,0.588,0.422,0,-12.054,1,0.0302,0.225,0.0,0.486,0.832,123.627,4,0
1Kl6QcGWVECHMfjqrQux5V,arms,Christina Perri,0,261213,0,0.463,0.755,4,-7.244,1,0.0634,0.11,4.89e-06,0.103,0.252,145.312,4,0
1COv0Vy5mrUMKrCXQI07qP,"This Is The Moment - From ""Jekyll And Hyde""",Jason Manford,23,219240,0,0.399,0.223,5,-11.461,1,0.0298,0.594,0.0,0.065,0.117,66.532,4,0
0lYBSQXN6rCTvUZvg9S0lU,Let Me Love You,DJ Snake;Justin Bieber,84,205946,0,0.649,0.716,8,-5.371,1,0.0349,0.0863,2.63e-05,0.135,0.163,99.988,4,1
030Et3kzlh9pt6oFrUEVxE,Sentir Metalero,Aonikenk,23,178053,0,0.285,0.9,9,-4.513,0,0.0593,0.000389,2.28e-05,0.337,0.431,144.581,4,0
3D8dVO2xTS63toTYrmCdCF,Mania,Aaryan Shah,50,204395,1,0.535,0.717,4,-6.133,0,0.0428,0.149,0.00015,0.149,0.31,91.006,4,0
1f660M0jwz7F4qlDjTSLmO,Phulkari,Karan Randhawa,63,196133,0,0.547,0.785,5,-5.865,0,0.0675,0.204,0.0,0.0835,0.764,81.781,4,0
0fg3tcKxZiPI6n5dZa8Dy9,"Bahut Jatate Ho Pyar (From ""Aadmi Khilona Hai"")",Alka Yagnik;Mohammed Aziz,56,436333,0,0.593,0.61,5,-10.574,1,0.032,0.768,0.0117,0.147,0.907,133.067,4,0
33Yl7zo5qhJXgvO4VsAQTs,Canto de Oxum / Inscrição,Maria Bethânia,45,314026,0,0.424,0.056,4,-20.06,0,0.0517,0.898,0.000105,0.11,0.17,104.472,1,0
5ldFgs2c1efBxVNOUN2qlw,Candlesticks and Caravans,Lorne Balfe;Harriet Slater,15,227306,0,0.523,0.447,7,-10.943,1,0.0311,0.0036,0.000331,0.107,0.0657,118.981,3,0
7mSKkvtSs8uWuo0GYff9qR,Wilde gullie bas ?! - Galactixx Remix Edit,Zany;DV8;Galactixx,23,174967,0,0.514,0.995,7,-3.451,1,0.123,0.023,0.114,0.654,0.373,155.04,4,0
6caNnZ1eRwa4VmjicpxnOf,Posse (I Need You On the Floor),Scooter,24,303546,0,0.53,0.997,8,-4.707,0,0.0946,0.0938,0.000903,0.961,0.203,139.569,4,0
4bbeXHwW95npFQuPa2D8e1,"Mathuga Mathuga (From ""Vikram Hitlist"")",Anirudh Ravichander;Kamal Haasan,57,211384,0,0.829,0.811,0,-5.693,1,0.392,0.321,0.0,0.056,0.919,130.034,4,0
1dWnVKDsE1uRpu87RLF0G4,Red Mist - VIP,Danny Byrd,16,363413,0,0.545,0.952,1,-8.133,0,0.125,0.00244,0.0377,0.267,0.527,178.007,4,0
2ZgzcSD8lWLOwWoNYFX219,Gogol,Chilly Gonzales;Johannes Bornlöf,0,117482,0,0.382,0.014,7,-27.667,0,0.0444,0.99,0.935,0.107,0.349,162.072,4,0
1x41485hXYMS0PNICGph1X,L.T.W.Y.H.M.,Koe Wetzel,48,209849,0,0.439,0.528,9,-7.117,1,0.0262,0.398,0.0,0.0703,0.079,139.866,4,0
2xnlCGTDKbnnVe9sf85RXy,Smoke Ya Later,The Acacia Strain,24,250693,0,0.276,0.934,6,-5.371,1,0.0716,6.41e-05,0.00219,0.297,0.307,137.128,4,0
6T1071kNui4EUABJp4Dciq,Chas! Y Aparezco A Tu Lado,Supersubmarina,53,169066,0,0.669,0.884,9,-2.613,1,0.0402,0.00184,0.0,0.0676,0.963,128.018,4,0
1eoQsc67QBYVC4Pw84Lqk8,Vampiregirl,9mm Parabellum Bullet,1,191786,0,0.378,0.934,11,-3.702,0,0.107,0.0013,0.0149,0.322,0.602,159.829,4,0
5bEJZOd6WCB8ohLyx2wctu,puro e simples,Purples,24,297226,0,0.362,0.4,1,-7.607,1,0.0273,0.452,6.78e-06,0.147,0.262,94.883,4,0
0GoyU0X4nwqUigVwBPSDen,Chainsaw Gutsfuck,Mayhem,50,212760,1,0.249,0.828,3,-10.821,0,0.0685,3.04e-06,0.951,0.112,0.279,120.23,5,0
2rqTZrpsqlbzIz3wQ7s2Q1,Yes or No,Brando,64,175570,0,0.879,0.655,4,-5.602,1,0.0401,0.106,0.00397,0.131,0.67,118.025,4,0
0zlaa4AmbFE7MVDijsyD9Q,Heat Above,Greta Van Fleet,67,341255,0,0.338,0.847,3,-3.692,1,0.0458,0.00881,0.00105,0.147,0.232,139.061,4,0
03WUYXkJU0ZTexcRAwqOAW,Hokey Pokey [Deluxe],Chicken Dance Mix DJ's,9,215040,0,0.629,0.797,8,-4.393,1,0.199,0.0218,0.0,0.107,0.708,124.874,3,0
5aQe0faFOjeskrHwpleXLJ,Yellow Paper Daisy,When Chai Met Toast,55,199772,0,0.428,0.442,7,-10.485,1,0.0303,0.775,0.000132,0.0818,0.687,105.829,4,0
07njv8LyAizW6MnaORtuEl,Tell Me Why (feat. Shiloh Dynasty),Danny G;Shiloh Dynasty,58,161016,1,0.77,0.621,1,-7.635,1,0.454,0.447,0.0,0.158,0.301,126.289,4,0
36NwMJRaCy7x77xYGJiG2M,Midnight Rider,Allman Brothers Band,1,177960,0,0.346,0.589,7,-9.922,1,0.036,0.21,0.00703,0.15,0.638,189.486,4,0
2vP0JcTiuYnzrBy45ACKBz,The Weakness In Me,Keisha White,26,200720,0,0.717,0.554,7,-5.389,1,0.044,0.0592,0.0,0.11,0.324,128.039,4,0
2gVot4EEd2oo2cA0bYJ4wW,Frosty The Snowman,Ella Fitzgerald,0,131733,0,0.579,0.502,8,-7.57,1,0.0513,0.733,0.0,0.281,0.836,76.783,4,0
308mpl3G2FseXxGEjtyLIW,Abra os Olhos do Meu Coração - Ao Vivo em Curitiba,David Quinlan,46,511226,0,0.333,0.765,4,-7.748,1,0.0431,0.0173,0.0,0.191,0.411,111.734,4,0
6fVazKhR05IQGpyTDnyd3L,Eyes on You,Vwillz,50,150151,1,0.657,0.387,8,-14.169,0,0.0782,0.508,0.0371,0.107,0.393,180.012,4,0
4DTtP6afDsZaChCjNqvz2z,Who's Afraid of the Big Bad Wolf,The Circle Session Players,20,151206,0,0.722,0.415,0,-11.043,1,0.0335,0.816,0.856,0.0762,0.799,86.115,4,0
4dAbCuNehX0eahmR3uXhpD,Dotters,Cerwen,36,157000,0,0.765,0.327,7,-10.885,1,0.0648,0.98,0.942,0.115,0.56,119.989,4,0
00Y9r5SfbDdEjJhNg7laQr,"Top Gun Anthem - From ""Top Gun"" Original Soundtrack",Harold Faltermeyer;Steve Stevens,62,252200,0,0.423,0.651,0,-8.741,1,0.0406,0.00799,0.618,0.31,0.14,107.011,4,0
6q7UC4HeG6alZZUG2TI7fd,Go,The Chemical Brothers,0,260696,1,0.751,0.897,1,-3.602,1,0.0468,0.00957,2.72e-05,0.329,0.483,119.97,4,0
7C4sJBWxtwEVuBNQAFMRUE,Cortame Con Unas Tijeras....,PXNDX,35,190266,0,0.489,0.97,6,-3.832,1,0.125,0.00837,0.0,0.163,0.42,102.508,4,0
7nYbKsvhM88mHCmFsAIQVp,Fellini,Criolo,42,171989,0,0.805,0.746,1,-5.211,0,0.185,0.238,0.0,0.215,0.717,127.922,4,0
7mzPAftljnsFmU6131Pqcd,Tripping Over Air,Aidan Bissett,72,182382,1,0.622,0.799,11,-4.811,1,0.0342,0.00185,1.08e-06,0.269,0.6,116.985,4,1
0IHiD8fR4ymWaVjkMtaQhn,Blackbeard's Ghost,Jesse Rice,20,221480,0,0.24,0.437,5,-9.174,1,0.0293,0.158,1.91e-06,0.13,0.211,71.757,4,0
6bj0aQOkcVBuI0z7yID3mm,Dadhi Pachigala Bali Kete Katha Kahesi,Ruku Suna,24,439902,0,0.335,0.898,5,-2.364,0,0.14,0.022,6.48e-06,0.324,0.806,164.02,4,0
1KO29IUHcexH583hBewKof,Breathe,Sam Wills,60,91773,0,0.504,0.173,9,-18.548,0,0.0318,0.987,0.0755,0.355,0.116,142.113,4,0
0qirbcSG0zQ2yHOup4VznY,Não dá Mais pra Segurar (Explode Coração),Alcione,37,253493,0,0.329,0.501,7,-9.224,0,0.0432,0.529,0.0,0.426,0.347,95.07,4,0
4T3SkqoVATAGpizjUyrMzE,Boiada,Almir Sater,46,226266,0,0.421,0.346,11,-9.351,1,0.0255,0.875,9.27e-06,0.0895,0.318,95.842,3,0
3H4VxEjsbVroJdqIYkWE3z,Shampoo,Plastilina Mosh,28,139133,0,0.716,0.509,2,-6.926,1,0.0753,0.683,0.891,0.0884,0.374,170.117,4,0
3w1IGy0M8UmWfydMoD1RgE,At My Worst,Pink Sweat$,0,170344,0,0.813,0.415,0,-5.926,1,0.0349,0.777,0.0,0.131,0.667,91.921,4,0
1tnZipedfyuRJlxkW8o5za,Simply Irresistible,Robert Palmer,0,254293,0,0.646,0.934,9,-6.955,1,0.0531,0.129,1.03e-05,0.0443,0.698,142.616,4,0
6Ob5Pv0sO42iZFUvCDlTrL,Days Like This,Shaun Escoffery,29,270200,0,0.682,0.822,4,-8.477,0,0.0524,0.00346,1.68e-05,0.355,0.567,108.022,4,0
1K2fnd52EHmeDmrPfJLcyq,Breaking the Law,Doro;Udo Dirkschneider,19,262000,0,0.324,0.854,9,-5.599,0,0.189,0.0339,0.0,0.26,0.178,85.964,4,0
2y55JzTDe2kFDChkBZUOUS,FUXK (feat. Ski Mask the Slump God),XXXTENTACION;Ski Mask The Slump God,65,160506,1,0.767,0.71,11,-7.177,0,0.352,0.0887,3.41e-06,0.106,0.244,120.0,4,0
1c5nEHOaaOlU6em1GhIsnV,I Am The Magnificent (Original Mix) - Extended Mix,The Prophet,0,367179,0,0.329,0.853,11,-6.488,0,0.046,0.000161,0.74,0.309,0.0708,103.933,4,0
5K1m4aaPCxwnm9SKlWW1vh,Shout Baby,Ryokuoushoku Shakai,62,265986,0,0.474,0.881,7,-1.846,1,0.0398,0.033,0.0,0.0513,0.587,180.0,4,0
0YLSjVxSb5FT1Bo8Tnxr8j,Baaraat,Ritviz;Nucleya,66,222096,0,0.678,0.449,4,-9.379,0,0.0869,0.477,0.0,0.536,0.606,100.033,4,0
0tUF5lz1WjAZPZ8crFB6kV,MAJESTIC BABY,COMPLEX,33,243693,0,0.337,0.976,1,-3.365,0,0.165,0.00047,0.000294,0.364,0.27,192.129,3,0
1QuqHfm7NlhjUcCfDyD3yf,Psycho Kong,Paul Johnson,7,261731,0,0.752,0.967,0,-13.97,1,0.053,2.48e-05,0.932,0.17,0.886,143.216,4,0
6kzziVNPYISZHObx1t4P5y,El Humo de Tu Boca,Cestar;Stailok,40,180618,0,0.754,0.731,10,-4.643,0,0.0413,0.112,0.000239,0.157,0.552,97.03,4,0
2laJdkltxYwwCJanm7yBnn,A mais pedida,Raimundos;Érica Martins,0,233733,0,0.538,0.825,0,-4.021,1,0.0478,0.0105,1.43e-05,0.0693,0.467,125.056,4,0
4ajrGS4lfifvezTGfg74Hk,Somehow,Inpetto;Aribo,0,190476,0,0.628,0.724,0,-5.03,1,0.049,0.0925,0.0,0.0853,0.515,126.019,4,0
6fScgF2Y63ScU73nYju0ny,O Saathi,Atif Aslam;Arko,71,251818,0,0.481,0.496,8,-7.421,1,0.0262,0.588,0.0,0.132,0.453,89.839,4,1
0KeeKjwx7JqeHlQjXnHpL9,SALÚ,Francisca Valenzuela,39,200453,0,0.706,0.868,7,-3.746,1,0.0267,0.00358,0.0,0.317,0.767,129.975,4,0
76YSWx6L6FNsuaP6GWBb8P,All For Us,Labrinth;Zendaya,72,191710,0,0.46,0.66,3,-6.642,1,0.0652,0.0108,0.000139,0.34,0.18,141.722,4,1
2kwV1oVEb9mLkGbFaQX4zU,La Prendo,Bad Gyal,2,181986,0,0.917,0.776,9,-2.248,0,0.154,0.0464,5.54e-05,0.08,0.656,114.941,4,0
45PEs9rgK7Q4gcxwOsPM4o,This Could Be Us,Virtual Riot;Modestep;FRANK ZUMMO,45,308400,0,0.526,0.896,3,-3.598,0,0.0455,0.000459,0.00102,0.119,0.424,150.075,4,0
4S0UUI7C5TRoktM4gnkh06,ON GOD,Shatta Wale,47,195056,1,0.64,0.542,5,-10.288,0,0.508,0.603,0.0,0.137,0.578,123.222,5,0
3JXi13LlcYzagKRNokd3Zt,Aathadi Aathadi,Harris Jayaraj;Bhavatharini;Tippu;Dhanush;Abhay Jodhpurkar,57,352426,0,0.753,0.449,7,-7.631,1,0.0288,0.347,0.0,0.219,0.557,134.891,3,0
7bvGIJWvOwCc1VOr9Lkwn7,Floor To Crawl,James Hand,26,169000,0,0.64,0.499,9,-8.219,1,0.0287,0.725,4.34e-05,0.0892,0.655,126.888,4,0
42lpuSQmnLUM1ZXJVzIVOi,KESI,Camilo,70,177255,0,0.889,0.756,4,-4.23,1,0.056,0.132,0.0,0.0996,0.918,122.905,4,0
6EeYBu8RautSHkqJeWgKff,No Woman No Cry,Sweet Little Band,33,223477,0,0.6,0.185,1,-16.663,1,0.0281,0.567,0.928,0.1,0.344,155.912,4,0
62ke5zFUJN6RvtXZgVH0F8,Only Love Can Hurt Like This,Paloma Faith,87,232893,0,0.566,0.885,8,-4.528,1,0.0818,0.0958,9.97e-05,0.334,0.304,90.99,4,1
3oSood6sgulWxhrkTJvXbH,Endless Love Mashup 2022 Lofi (Slowed & Reverb),H Dixit;Lofi Person,45,281727,0,0.29,0.388,0,-12.525,0,0.0468,0.635,0.0421,0.136,0.132,81.936,1,0
2HgpSCBlaSwOWeN3n2VsZ2,Reason to Believe,Sofia Karlsson;Mattias Pérez;Daniel Ek;Jakob Algesten,36,194000,0,0.339,0.429,0,-9.725,1,0.0402,0.493,0.000171,0.123,0.432,78.763,4,0
73ucpKq91TuejrLHgzDNHK,Poison,Rita Ora,68,202906,0,0.579,0.738,10,-5.711,1,0.0542,0.0821,1.52e-06,0.232,0.431,124.023,4,0
3FHl1QYu76zguwjqhqcglX,"Kar Har Maidaan Fateh (From ""Sanju"")",Sukhwinder Singh;Shreya Ghoshal;Vikram Montrose,59,312157,0,0.557,0.821,1,-7.794,0,0.0573,0.0189,0.0,0.0863,0.184,170.022,4,0
2DxsGXCFkJvTz7Dv8lgOhd,Tumhen Ho Na Ho,Runa Laila,46,313186,0,0.313,0.47,1,-11.142,1,0.0376,0.847,5.86e-06,0.0663,0.718,86.684,4,0
7hKjFE33KtlOy2tPvsBXQF,Comatose,Stumbleine,29,222000,0,0.403,0.508,6,-11.019,1,0.0335,0.199,0.84,0.0826,0.133,114.989,4,0
6JLms20xagDkDJ1K9bUqDV,You (Prod. SUGA of BTS),ØMI,43,187364,0,0.676,0.477,8,-8.967,1,0.0545,0.0423,0.0,0.0678,0.521,135.888,4,0
1oTvT8s4iPUJZOR9uUCu7t,Roller Disco,Peppa Pig,47,196754,0,0.861,0.752,9,-6.829,0,0.143,0.0872,0.0,0.0537,0.811,124.026,4,0
0pZbMX8nnYzqPVIVDpuTwm,Run Into The World,The Smith Street Band;Tim Rogers;Laura Stevenson,28,295840,1,0.561,0.462,6,-5.445,1,0.0331,0.237,0.0,0.354,0.533,150.318,4,0
27cHwY7UTuadZD5XfoxxpI,Ten Million Voices,Shaman's Harvest,52,238226,0,0.498,0.709,0,-3.135,0,0.0325,0.00815,0.0,0.127,0.439,112.628,4,0
2wEORIRuWHDESxHOPUZ4dq,Starý Kazety,Medooza;PAWLIE POIZN,33,267977,0,0.718,0.526,7,-9.523,0,0.0597,0.735,0.0,0.12,0.697,144.065,4,0
1RFTlrpmEUyBpkaW6mfrxQ,"RATS - FROM ""GIGS"" CASE OF BOOWY",BOØWY,34,159600,0,0.258,0.985,0,-3.376,1,0.157,0.0202,0.000308,0.432,0.382,176.952,4,0
2z2JKNU24UEngb4joR9p8f,Lonely This Christmas,KT Tunstall,0,257493,0,0.409,0.153,6,-10.74,0,0.0306,0.939,2.56e-05,0.108,0.18,85.262,4,0
05tQHifEgbVLavnO3GcuxN,Niña Bonita - Remastered 2020,Chino & Nacho,0,215960,0,0.666,0.921,9,-5.462,1,0.138,0.226,0.0,0.15,0.723,120.03,4,0
11LmqTE2naFULdEP94AUBa,Heart-Shaped Box,Nirvana,79,281160,0,0.256,0.641,1,-10.283,1,0.0552,0.199,0.0329,0.0853,0.382,203.006,4,1
2tjkrsxIGGJzJAnaUHYjtQ,Call Me Mañana,Scooter,32,219946,0,0.513,0.999,9,-5.894,0,0.166,0.00217,0.105,0.697,0.156,143.039,4,0
5CovP9I0W4yqDbcdvctIJV,Let There Be Sodomy,Midnight,20,202706,0,0.211,0.991,6,-5.864,0,0.116,7.93e-06,0.352,0.328,0.217,145.038,4,0
3ZNhFhshMLjGQraO4pvpDR,Night Falls,Danny Olson;Vo Williams,39,225705,0,0.627,0.921,4,-4.859,1,0.189,0.0315,3.37e-06,0.0699,0.392,170.028,4,0
6TeJ52WYcJT92bO95BY17u,Halloween,Siouxsie and the Banshees,0,221466,0,0.223,0.91,7,-7.097,1,0.08,0.0116,0.000518,0.212,0.364,171.75,4,0
6Kd4iGylMjrpr1xVbuYKVw,the 27 club,JPEGMAFIA,54,236439,1,0.523,0.662,1,-6.923,1,0.141,0.51,0.000198,0.653,0.542,101.207,4,0
46fURCnWErjFdNM2yBJ2c8,永不失聯的愛,Eric Chou,64,259600,0,0.289,0.43,10,-6.818,1,0.0332,0.624,0.0,0.101,0.531,169.511,4,0
2Db4RDun4YmjGcypDB8Av3,Let Me Love You,DJ Snake;Justin Bieber,0,205946,0,0.475,0.715,8,-5.371,1,0.058,0.0863,2.67e-05,0.135,0.159,199.892,4,0
7f9PFz2XCYECXLV0rARvwU,Hello? - Pantomiman Remix,Ace Ventura;Pantomiman,28,461652,0,0.736,0.803,11,-6.93,1,0.0531,6.18e-05,0.802,0.375,0.185,146.985,4,0
36rNyBl6nXW7Kx9DYua3XT,1000 Man Dronken,Zanger Kafke,27,168750,0,0.806,0.864,10,-5.106,1,0.151,0.0795,0.000244,0.0473,0.901,149.96,4,0
2JK2XwhCns1EnC4zT3falc,Showing Love,Blake Rules;Netherfriends,8,104489,0,0.87,0.636,8,-10.163,1,0.0974,0.00697,0.00232,0.2,0.726,147.065,4,0
0XtWpvgfM8ImPG5Y6a9te3,Cocaine Avalanche,Dr. Acula,28,197426,1,0.334,0.959,6,-3.975,0,0.317,0.00221,1.19e-05,0.333,0.106,132.549,4,0
1dvlY1iYFNgO7SFWRGHB3x,Pegao,Wisin & Yandel,1,234546,0,0.792,0.804,3,-4.752,1,0.259,0.537,0.0,0.342,0.807,96.041,4,0
0UWhu1zY8gsXQLbZViVkF3,Se Me Rompe el Alma,Víctor Manuelle,27,296933,0,0.51,0.875,1,-5.003,1,0.0616,0.347,5.16e-05,0.0189,0.758,95.692,4,0
20vvixeUnO9OcQh9gqIhc5,Maximus - Technical Itch Remix,Dom & Roland;Klute;Technical Itch,16,457240,0,0.379,0.939,11,-5.762,1,0.0878,0.00291,0.8,0.365,0.0819,171.877,4,0
3jX7WFixnEvO2EMYcbE5ut,"Second Suite in F Major, Op. 28 No. 2, H. 106: II. Song Without Words ""I'll Love My Love""",Gustav Holst;North Texas Wind Symphony;Eugene Migliaro Corporon,29,151586,0,0.171,0.0115,0,-26.859,0,0.0461,0.993,0.943,0.0832,0.0712,62.911,4,0
3e95Yjkzhw8oR2pR1BPQpI,The Secret Of Christmas,Ella Fitzgerald,0,168146,0,0.258,0.175,0,-11.903,1,0.0323,0.939,0.000156,0.136,0.107,89.072,3,0
7qv5uwCfPLt18OcGQSHmi1,Man of the World,Kato,42,106484,0,0.456,0.469,2,-7.838,0,0.0339,0.143,0.936,0.212,0.106,120.045,4,0
3Icm34joOyDhzBoyaqthtK,Alô,Danieze Santiago;Devinho Novaes,44,139113,0,0.81,0.701,11,-4.531,0,0.033,0.544,0.0,0.152,0.695,127.994,4,0
2mEHyRXGIPArlWSDkIqujW,days,Zaeden,47,150000,0,0.811,0.499,7,-9.37,1,0.0589,0.255,0.00478,0.189,0.373,144.028,4,0
76ISgVglOIcgBYjK1fxmu4,Rockin' Chair Money,Hank Williams,12,125200,0,0.448,0.274,11,-12.146,1,0.032,0.953,0.0,0.615,0.592,162.698,3,0
6qO260PuQGnxCQ4SRrSi6M,Touched by Love,Bernward Koch,50,202853,0,0.153,0.0555,9,-19.488,1,0.0351,0.978,0.953,0.121,0.0618,71.912,4,0
1xMkTSgZIZAnsu6a5yqudq,The Hell You Made,TarantisT,0,197434,0,0.415,0.972,11,-5.446,1,0.0716,0.00448,0.146,0.339,0.588,169.981,4,0
0h2ZSu1j6YFsGj85eSyrI4,Ground Shake,Crankdat;Bandlez,49,185379,0,0.63,0.984,11,-2.187,1,0.0658,0.000666,0.00804,0.163,0.214,145.074,4,0
5KxtwVS3jtbL5A51497yKs,Disinformation Age,His Hero Is Gone,17,104412,0,0.133,0.856,1,-13.406,0,0.0974,5.89e-06,0.933,0.108,0.336,178.442,4,0
3qk4wRMDlaeagZGjSYbsOV,Sober,G-Eazy;Charlie Puth,57,203960,1,0.558,0.766,6,-5.953,0,0.231,0.263,0.0,0.32,0.182,96.281,4,0
7ujmpF0vCLlFJJBPmiFXQR,Christmas Time,Bryan Adams,1,243057,0,0.503,0.582,0,-4.324,1,0.0253,0.472,0.0,0.103,0.326,77.321,4,0
6ysshFBw6i9g5kTwzZrYG7,Where You Are,Porsche Love,41,137708,1,0.51,0.684,4,-8.953,1,0.0394,0.541,0.0,0.156,0.564,158.056,4,0
4r9qyANhnnv7q2ENG2ggre,Sail Away (feat. Jay Mason),Trivecta;Jay Mason,41,252200,0,0.308,0.727,7,-4.815,1,0.0475,0.0179,0.0,0.417,0.282,150.059,4,0
0gmV4mbtJsmveGlVAdLGho,"Oj, rucheek, rucheek (A Brook): Rucheek (A Brook)",Nikolai Erdenko;Nikolai Erdenko Gypsy Band,1,153280,0,0.36,0.815,2,-12.779,1,0.146,0.46,0.0,0.365,0.439,122.176,4,0
5p9IGH0xpbhJI9d8YWJe47,Sweets for My Sweet,The Drifters,0,147146,0,0.772,0.81,0,-7.602,1,0.0322,0.687,2.42e-06,0.097,0.971,119.883,4,0
17ierdILmXjF0ylXJilXS7,396 Hz Destruye Bloqueos Inconscientes,Mc_team,25,236968,0,0.166,0.00892,5,-32.364,0,0.0514,0.988,0.955,0.0918,0.0929,130.205,4,0
7pxbZ29k1LJXvOdd2e5Bdn,Shotgun,Us The Duo,45,174884,0,0.806,0.263,5,-10.43,1,0.0502,0.787,0.0,0.182,0.868,115.854,4,0
78Y5gncYyYy9z1fEHRECBu,0 (Remixed by world's end girlfriend),arai tasuku;World's End Girlfriend,10,438000,0,0.331,0.597,3,-9.267,1,0.106,0.831,0.204,0.119,0.198,112.511,4,0
7wiULYwv85WeChygucbpTF,Careless Whisper,Boyce Avenue,46,247805,0,0.698,0.389,2,-6.246,0,0.0321,0.885,0.0,0.136,0.704,76.897,4,0
2NaxRs7pLcqhyQg5HMU7sm,Emancipación - Instrumental,Osvaldo Pugliese,15,204466,0,0.621,0.221,9,-12.15,0,0.0658,0.875,0.009,0.0851,0.532,119.132,4,0
6DfESv6z9PPLo1RhbzlVIb,All We Needed,Koven,49,241600,0,0.482,0.789,1,-5.945,0,0.0486,0.00577,0.00173,0.11,0.263,149.991,4,0
5wsET7UzdeLwvTkAkVytut,Infinity,Neolux,49,187341,0,0.467,0.981,1,-3.37,0,0.0485,0.0053,0.898,0.222,0.609,149.955,4,0
58dSdjfEYNSxte1aNVxuNf,Easy,Mac Ayres,67,314357,0,0.722,0.282,5,-7.484,1,0.106,0.373,0.00557,0.147,0.217,91.367,4,0
1TRnIxwWeJoE6MVimzjw2w,4:22,Ozuna;Danny Ocean,63,193360,0,0.771,0.727,1,-4.285,0,0.0416,0.0205,4.54e-06,0.291,0.649,104.035,4,0
2kk8L2MStsZ0tYLPkDrL64,地球号,GReeeeN,32,241213,0,0.714,0.879,8,-4.605,1,0.0542,0.00914,6.78e-06,0.106,0.752,110.036,4,0
7zRmGvtSy36Jr19U5OInJT,Yellow Submarine - Remastered 2015,The Beatles,54,158800,0,0.66,0.557,1,-9.597,1,0.03,0.158,0.0,0.543,0.788,110.743,4,0
7fpvwvVR2zhNaWUAUDXznF,Melhor Lugar: Sessão Acústica,Marcelo Markes,46,252874,0,0.335,0.298,8,-12.329,0,0.0328,0.859,0.00183,0.109,0.105,126.957,4,0
6RYEaMxLgyopcSMR98exqu,Que Estes Presente,Antonio y Joel Con Labranza,30,225870,0,0.461,0.706,6,-5.863,1,0.103,0.536,1.1e-06,0.0506,0.842,163.691,4,0
5lORa4H99zsSobiyanlsgk,Fly,Jason Upton,41,777866,0,0.237,0.161,2,-12.265,1,0.0326,0.778,0.00358,0.182,0.0812,104.997,4,0
2Wew8zqBUtIXwZnxpIHdSf,還願,No Party For Cao Dong,44,225194,0,0.502,0.202,7,-12.303,0,0.0347,0.359,0.0216,0.167,0.158,109.111,4,0
2vfZqjFC0QsRMewYWAiY9Y,Lágrimas e chuva,Kid Abelha,0,273426,0,0.706,0.8,9,-9.421,0,0.0516,0.0332,0.037,0.0488,0.725,122.396,4,0
6Zz5CiVpQk2Fz2nV8m3YQm,Angela,The Lumineers,60,201785,0,0.668,0.563,4,-8.23,1,0.0305,0.649,0.000347,0.11,0.289,130.366,4,0
6rsbsdiGDrYvhbb1K7ziTL,Guren no Yumiya Tv Size Ver.,Linked Horizon,59,94283,0,0.494,0.91,1,-6.016,0,0.0479,0.561,1.13e-06,0.107,0.507,90.447,4,0
0HT6xI2MTQ7qk4yNA1IZUd,"How Far I'll Go - From ""Moana""/Soundtrack Version",Auli'i Cravalho,66,163386,0,0.537,0.307,4,-10.967,1,0.0545,0.649,0.0,0.177,0.114,83.632,4,0
4ahdel2ygLNWN47cDexfwt,You Make It Worse,Ouse,47,181178,1,0.808,0.462,0,-11.588,1,0.0622,0.444,0.0,0.111,0.393,105.042,4,0
1uwjBrZMmwBwTaFBUykRYf,Tortured Souls,Painkiller,11,113226,0,0.241,0.657,4,-10.225,0,0.0826,0.000458,0.7,0.49,0.19,118.585,5,0
1UTdSl8RRxiYSfv9v0tdhL,Voy Subiendo,"Héctor ""El Father""",0,256893,0,0.75,0.916,7,-4.773,1,0.214,0.0566,0.000458,0.175,0.505,92.004,4,0
3Ws4h8IcE1VJHWebd1Awjo,Socially Inept,Proem,8,245386,0,0.186,0.573,0,-19.173,1,0.192,0.496,0.896,0.102,0.0731,90.056,3,0
2fU4JsAoRiOam2azK907yb,Superstition - Single Version,Stevie Wonder,0,244826,0,0.637,0.745,8,-8.607,1,0.0748,0.0173,0.000554,0.0372,0.859,100.384,4,0
0ClmF8tkpuySXLJHspUoKT,Camisa 10 joga bola até na chuva (Bomba Sonica),Charlie Brown Jr.,38,189840,0,0.591,0.944,10,-3.993,0,0.0585,0.128,0.0,0.0891,0.96,91.991,4,0
3r9m79pHykbs4FrCXlq1oO,"Last One Standing (feat. Polo G, Mozzy & Eminem) - From Venom: Let There Be Carnage",Skylar Grey;Polo G;Mozzy;Eminem,54,258678,1,0.585,0.714,1,-4.117,0,0.116,0.25,0.0,0.0556,0.227,103.051,5,0
42et6fnHCw1HIPSrdPprMl,Semi-Charmed Life,Third Eye Blind,75,268360,0,0.64,0.864,7,-6.576,1,0.0314,0.00832,0.0,0.123,0.701,102.026,4,1
2ssl3oeVptDKx5PY59Sbm2,Teardrops,Womack & Womack,49,230840,0,0.877,0.808,11,-7.502,1,0.0401,0.0426,0.248,0.119,0.966,133.237,4,0
7FCywPUtOExT6UHSOWjTDg,In Shrouds Decayed,Triptykon,17,415933,0,0.487,0.456,9,-7.037,1,0.0349,0.00663,0.00962,0.119,0.037,118.035,4,0
3WYAOSW2hvfr07Ww4xLrn1,Given Up,Linkin Park,44,189338,1,0.642,0.873,4,-4.68,0,0.0449,0.00119,0.000142,0.0432,0.923,100.056,4,0
3thIARBf9vzQXQYuaOf8Wd,Chitthi,Jubin Nautiyal;Rocky - Shiv,47,229912,0,0.729,0.52,5,-6.586,0,0.0258,0.562,0.000893,0.101,0.458,114.973,4,0
2uJX5IvgQ95pabLdVXz7oK,Onde Esta O Mundo Bom? (Living L.A.),Charlie Brown Jr.,34,143800,0,0.55,0.992,10,-3.154,0,0.0589,0.0209,0.000511,0.29,0.666,112.11,4,0
3fn5nVOqcpE92sl6XBlT3O,Rubai 1 To 5,Kiawasch Sahebnassagh;Amirhosein Allah Yari,0,371626,0,0.358,0.149,0,-19.512,1,0.0399,0.777,0.00711,0.11,0.113,131.267,4,0
43YkTTlOD203o9E5ZxhUjF,"Main Dhoondne Ko Zamaane Mein (From ""Heartless"")",Arijit Singh,66,262986,0,0.329,0.45,2,-6.312,0,0.0405,0.594,0.0,0.13,0.284,80.095,4,0
3dApO0DoZinSPrKKPhoKuz,Liar (with OST),Kayzo;OST,51,296250,0,0.49,0.964,3,-0.332,0,0.31,0.0292,0.0,0.168,0.416,127.886,4,0
5KnqauuLF6qyZA9RzfeKxG,The Drummer,Red Hot Chili Peppers,68,202888,0,0.536,0.894,9,-5.687,1,0.0479,0.00596,0.0168,0.118,0.784,174.899,4,0
6gPHZwi0wYGSMoM0GqwNlq,Resurgence - Radio Edit,NG Rezonance,28,165428,0,0.464,0.963,8,-7.409,0,0.0715,0.000128,0.946,0.0463,0.0938,139.975,4,0
0RphKXkhRYBkPDA0SkG5U7,Run Rudolph Run,Chuck Berry,0,162897,0,0.647,0.876,10,-5.662,1,0.185,0.881,3.59e-05,0.26,0.949,151.925,4,0
0d1ujEcFwTqA4kWliTSJim,Don't You Hold Me Down,Alan Walker;Georgia Ku,66,132597,0,0.773,0.839,5,-4.046,1,0.0566,0.0276,0.00797,0.132,0.303,123.975,4,0
5BxuWOcIdQjkmy8chfp6ro,Vas a Crecer,Doctora Juguetes;Felpita;Lambie;Lula,24,52040,0,0.767,0.738,4,-4.351,1,0.0699,0.522,0.0,0.123,0.851,150.088,4,0
7A0XZq9rccytABbI2jkg89,Ich bau mir eine Höhle,Rolf Zuckowski,32,175800,0,0.704,0.227,0,-11.239,1,0.0278,0.812,0.0,0.122,0.469,106.779,4,0
5GQu9ALTmhmLggqUb9HTL8,DROGEN,JPD,39,174244,0,0.583,0.405,9,-8.134,0,0.0652,0.908,2.49e-05,0.111,0.185,143.555,3,0
2XqqXmfYKFC8z4tj4BXx2q,Silver Light,Trampled by Turtles,30,264266,0,0.448,0.477,7,-5.681,1,0.0316,0.185,0.0187,0.133,0.28,122.997,4,0
0W41SRfxknKwHBc2oaYcAQ,Riptide,Viva La Panda;Miss Mathilda,52,172431,0,0.621,0.847,3,-6.108,1,0.278,0.0584,1.11e-06,0.109,0.373,101.996,4,0
0PKmDncVOiNQLO6D1P6PXi,I Won't Say (I'm In Love),Susan Egan;Cheryl Freeman;LaChanze;Vaneese Thomas;Lillias White;Disney,66,140226,0,0.684,0.481,0,-10.305,1,0.0391,0.228,0.0,0.157,0.48,121.208,4,0
1EuQFujqMzy76oZZ7R2xNO,Pahadon Mein,Salman Elahi,57,225391,0,0.776,0.477,1,-10.049,1,0.0308,0.592,0.000184,0.105,0.774,115.008,4,0
51vJbrlUiPKGDDdySbJeTf,Herzalarm,FiNCH;Blümchen,34,191146,0,0.635,0.932,10,-6.141,1,0.0468,0.0176,0.000234,0.0375,0.539,165.992,4,0
7AOlhO09yFC6WvbPSj2qv1,I Saw Mommy Kissing Santa Claus,Frankie Valli & The Four Seasons,0,136306,0,0.629,0.56,0,-11.455,0,0.0523,0.595,0.0,0.182,0.88,118.895,3,0
2umqe74ItZBWCdChsHtXjQ,U & Me,ILLENIUM;Sasha Alex Sloan,52,213500,0,0.563,0.837,8,-5.025,1,0.0457,0.0128,0.00922,0.0401,0.631,88.02,4,0
1FXVsxDeXfh94AZw9eqtP0,Akkamage,The Keys,35,214800,0,0.929,0.76,9,-11.062,0,0.114,0.522,0.0,0.061,0.782,112.216,3,0
4CyfoJZdIKGXBMIpVCX13X,Eyes Of Sarahjane,The Jayhawks,24,226413,0,0.552,0.717,8,-4.059,0,0.0328,0.00691,2.23e-06,0.0809,0.397,122.559,4,0
1YenEQ5vZytH31jdDlnXYu,The Behemoth,The Acacia Strain,23,397026,1,0.489,0.87,9,-8.622,0,0.06,0.0763,0.917,0.12,0.109,120.059,4,0
1U3GdQLdncM09zLxAZr75a,Cuartito Azul - Remastered,Francisco Canaro,16,166320,0,0.554,0.296,4,-9.12,0,0.048,0.873,0.000647,0.0694,0.718,131.227,4,0
15ocCvf4JiWCna8AGCrdyH,Hichkiyaa,Osho Jain,45,67500,0,0.508,0.101,1,-18.458,0,0.0506,0.682,0.0,0.0887,0.122,127.548,4,0
3OJ9kFQsKJxyx4aqFXZuHr,Cumbia del Olvido,Panteon Rococo,43,260666,0,0.523,0.898,9,-6.235,0,0.13,0.0742,0.0,0.862,0.608,103.008,4,0
5nbn3xXBswzfJ7bMOOG5zk,Sundress,Timothy Infinite,12,129098,0,0.644,0.545,6,-7.448,1,0.442,0.514,0.864,0.116,0.571,152.399,4,0
33IPzl4qNKrI4UsLVemh5U,484,Fox Lake,25,214527,1,0.653,0.912,9,-5.379,1,0.103,0.000538,1.36e-05,0.318,0.341,105.044,4,0
0IOeTm4kj6ONgNRWnFQokD,Happy Holiday,Peggy Lee,0,115506,0,0.369,0.499,6,-9.301,1,0.0448,0.829,1.75e-06,0.154,0.69,192.76,3,0
0HifRAxIjuvd7XBJEviQOK,Era de Aquarius,Martinho Da Vila;Djonga,44,178207,0,0.895,0.516,4,-7.075,0,0.294,0.548,0.0,0.19,0.783,136.076,4,0
2KyeRuRvBxIzmUHM7ETkOf,Tempted to Touch,Rupee,56,243133,0,0.878,0.578,0,-7.572,1,0.0467,0.231,0.0,0.0821,0.961,105.987,4,0
5HPLMMGVhXPd6QRHc6PHeD,Hominids,Odepth,0,105573,0,0.169,0.0536,9,-25.27,0,0.058,0.98,0.854,0.105,0.143,74.997,4,0
3L3R5s3kaz3heUdPQijWtA,Frisson,Tunai,41,245499,0,0.586,0.56,11,-9.962,1,0.028,0.575,0.000209,0.082,0.426,128.224,4,0
5OOPYQor9kRh18B73f2Vci,GATÚBELA,KAROL G;Maldy,1,209160,0,0.627,0.858,11,-2.824,0,0.386,0.263,0.0,0.21,0.342,92.523,4,0
2XBeLxyxT0dOnMtUUAOzUG,Big Fun 2017 (Mix Cut),Inner City,13,94429,0,0.643,0.967,8,-4.052,0,0.0371,0.000437,0.242,0.0389,0.828,121.99,4,0
3RPbT6nXH5Vn5Ui7Gowh8d,Sapato 36,Raul Seixas,41,199533,0,0.369,0.5,9,-11.338,1,0.0422,0.0223,0.0,0.083,0.56,173.498,3,0
5eZrW59C3UgBhkqNlowEID,Carry That Weight - Remastered 2009,The Beatles,59,96466,0,0.543,0.458,0,-8.976,1,0.0274,0.226,0.00663,0.298,0.704,84.319,4,0
6POwzpncp2Rn2M7n8sPTGW,Mente Louca,MISAEL,44,260769,0,0.887,0.42,4,-11.553,0,0.0862,0.259,7.46e-06,0.101,0.093,130.026,4,0
05XIM6kQUjekdVxEjNvc1U,"T-Shirt, Ripped Jeans",Govana,24,195849,1,0.958,0.538,1,-7.276,0,0.167,0.408,0.0,0.106,0.565,106.061,4,0
427VV6oe3I7lKyGlkZPWuf,Feitiço Matador,Forrozão Sela Rasgada;Zezinho Aboiador,41,219226,0,0.861,0.629,0,-8.4,1,0.0329,0.492,0.0,0.0426,0.962,107.98,4,0
62UEqfAXpFJOLC66EqM7ji,In My Mind,Lyn Lapid,0,162800,0,0.654,0.382,2,-11.8,0,0.0545,0.737,0.00041,0.356,0.289,135.93,3,0
7kbvMr9iDzYP7KH6apVFSA,Kimimaru,DJ Buzz Fuzz,34,80085,0,0.501,0.496,1,-7.5,1,0.121,0.384,0.694,0.191,0.575,167.977,4,0
6Bc5p9BJM9YPS9sZNaBp9V,XOXO,Nostalgique,34,91730,0,0.803,0.423,5,-12.437,0,0.104,0.395,0.939,0.0928,0.469,155.994,4,0
5tJqtSvAfTJkMrV4Wst4Le,100 words,Prateek Kuhad,52,210420,0,0.518,0.44,3,-14.536,1,0.034,0.888,0.457,0.111,0.575,76.154,4,0
2w6M3ukTNm1U8JVHjLSJVI,HISTORY,Becky Hill;Joel Corry,0,176609,1,0.674,0.86,8,-3.318,1,0.0369,0.155,3.21e-06,0.359,0.771,122.975,4,0
3AbVyubuGkJPbh3gTjWryp,Time passing Bell - 2021 Remastered,arai tasuku;Luna Goami,13,258000,0,0.618,0.492,9,-9.716,0,0.173,0.693,3.8e-05,0.116,0.171,115.091,4,0
1ucG7WvccotikvUESNba5n,Under Pressure,My Chemical Romance;The Used,1,211733,0,0.529,0.897,2,-5.945,1,0.0586,0.0014,0.0,0.19,0.285,125.003,4,0
0lw9uF9EXHY06DtbTWa2l9,Bloom,Dabin;Dia Frampton,51,240000,0,0.599,0.565,1,-6.304,1,0.0265,0.227,4.32e-05,0.0984,0.142,134.125,4,0
05K9S4Tbxaj7mKiZyHtjFl,(Dance with the) Guitar Man,Duane Eddy;The Rebelettes,1,160093,0,0.688,0.925,9,-6.69,1,0.0395,0.732,0.00131,0.136,0.932,137.193,4,0
6UPkgLF8SfiVmVGy5RYvIc,Frosty The Snowman,Ella Fitzgerald,0,131733,0,0.579,0.502,8,-7.57,1,0.0513,0.733,0.0,0.281,0.836,76.783,4,0
7jjDw6alw2XkyTKvdWZtYE,僕は君の答えになりたいな,Creep Hyp,41,210053,0,0.37,0.657,1,-4.248,1,0.0296,0.306,0.0,0.156,0.662,169.958,4,0
5LSdAXb9gpEFt4g4sEhQl3,Kill a Politician,Insult,15,31240,1,0.432,0.995,3,-3.887,1,0.248,0.000611,0.458,0.109,0.156,97.191,3,0
3nvWvHRoqCGsfGLApJtS5M,Beija Aqui (feat. Thiaguinho) - Ao Vivo,Turma do Pagode;Thiaguinho,45,182213,0,0.561,0.852,0,-4.715,1,0.0772,0.587,0.0,0.957,0.676,169.902,4,0
1Uk1h5QunOruEzfSanKyVw,No Sleep,The Grogans,30,152973,0,0.574,0.819,4,-4.763,0,0.0302,0.00311,3.33e-05,0.133,0.61,92.905,4,0
6gkalIxm5qlgweLkYdbdlF,Der hellste Stern (Böhmischer Traum) - Silverjam Mix,DJ Ötzi,0,198613,0,0.575,0.957,5,-2.758,1,0.0826,0.00328,0.0,0.158,0.929,126.056,4,0
68AJgDAbi9ry1ZVc9eh7ll,Psycho Killer,Talking Heads,56,261413,0,0.721,0.521,2,-8.123,1,0.0612,0.0707,0.00552,0.127,0.942,123.118,4,0
7onU54swU5qTb4HheZdgrR,Another Suitcase In Another Hall - Original Cast Recording/1979,Patti LuPone;Jane Ohringer;Mandy Patinkin,22,281466,0,0.463,0.159,1,-18.907,1,0.0409,0.851,4.01e-06,0.106,0.287,120.132,4,0
4sOX1nhpKwFWPvoMMExi3q,Primadonna,MARINA,74,221075,0,0.66,0.689,4,-2.671,0,0.0337,0.0884,0.0,0.0922,0.427,127.98,4,1
107K6xieSp2ihzoA2vTv2q,Can't Find My Way Home,Blind Faith,54,196133,0,0.561,0.257,7,-17.417,1,0.0343,0.858,0.00185,0.0949,0.579,88.276,4,0
7eUZu9C4NSLbD9mRlSpvYu,Bahay Kubo,Lea Salonga,25,157680,0,0.483,0.265,7,-8.72,1,0.0378,0.976,2.68e-06,0.129,0.445,119.583,3,0
6ym5ZwHzAHnQYfYu1HyWNE,Metal Claws,Tineidae,10,391254,0,0.163,0.322,9,-16.863,1,0.0537,0.115,0.935,0.0594,0.0591,88.513,1,0
5Kk8wGSSAhR4EXolQW0nf7,Eine Reise ins Licht,Claudia Jung,30,234666,0,0.641,0.617,7,-10.513,1,0.0292,0.285,0.0,0.152,0.779,119.559,4,0
2uC3M3PaeWrBPdorJaKLSm,Smothered,Skinless,21,335306,0,0.299,0.842,6,-8.981,0,0.111,1.16e-05,0.691,0.0742,0.469,111.323,4,0
3NHKBTcJfWswFEP48IoPTO,Execution,Delete,20,144129,1,0.706,0.995,11,-2.563,0,0.323,0.29,0.0107,0.09,0.119,155.085,4,0
1vv7h64yOLrdfHuTzfv9gI,Gelato,Dvice;La Fortaleza Real;Lyan;Jehza,46,212903,1,0.812,0.573,2,-10.034,1,0.26,0.342,2.6e-06,0.0922,0.591,93.015,4,0
0UkCbvs8IqloZmWZmCce4S,愛してやまない音楽を,andymori,32,157066,0,0.439,0.825,0,-4.834,1,0.0571,0.112,0.0,0.274,0.822,103.58,4,0
34zHNfI9XDe9esgbzA6PjP,ベースマン,andymori,31,180026,0,0.434,0.888,11,-3.836,1,0.0489,0.0901,0.0,0.0891,0.735,102.091,4,0
68Gs44rsSBAtN0Z1NaBSuZ,Nie mehr ohne Engel,Matthias Reim,31,211386,0,0.752,0.816,9,-7.685,1,0.0265,0.0344,0.0,0.4,0.908,125.942,3,0
2w1rG2MPE4vF77znvevuz5,Who Do You Love,ARTY;Rozzi,62,208253,0,0.537,0.964,5,-2.677,0,0.0552,0.018,0.00138,0.16,0.509,125.992,4,0
1kvq7ksGQWSyRysYYNd6lu,Home Sweet Home,Mötley Crüe,28,239666,0,0.397,0.776,5,-6.339,1,0.0381,0.0983,4.09e-06,0.189,0.127,76.301,4,0
5uMkdWf1H6JEcpcdnPOSZM,你是你本身的傳奇,Charmaine Fong,48,228613,0,0.663,0.42,10,-7.465,1,0.0301,0.831,0.0,0.0822,0.427,129.786,4,0
3EQi86PyyvhCsoD4fnGCwQ,Failures Burden,Primordial,19,397466,0,0.0749,0.821,9,-4.507,0,0.052,5.4e-06,0.503,0.134,0.235,80.776,4,0
5ivhfpfnoHhD8rUI2t3aJG,IGNITE,Eir Aoi,59,244173,0,0.414,0.972,9,-2.41,0,0.258,0.00721,0.0,0.3,0.395,170.957,4,0
2p85yz1wSKxf5wK4F2htsO,Dionysus,Sólstafir,20,330735,0,0.388,0.907,5,-6.006,0,0.0656,9.64e-06,0.749,0.116,0.184,136.083,4,0
5P1tKRDdj7gJEFuqtKYJPA,The Bluest Blues,Alvin Lee,40,446240,0,0.299,0.478,9,-6.205,0,0.0268,0.501,0.293,0.0781,0.239,149.748,4,0
63ouuqcOIeU5uOaGEJMy2B,Itch,Hockey Dad,28,294063,0,0.253,0.791,8,-4.889,1,0.0447,0.0119,0.0,0.0957,0.0808,159.916,4,0
2x70dGJLC0mMQYBfl9qweR,Hexx - Live at the Royal Opera,Kite,25,324853,0,0.252,0.703,5,-8.396,0,0.0467,0.0358,0.0779,0.712,0.0689,176.088,3,0
3aPC70iegVoD7S4v0Ma3rk,Little Saint Nick - 1991 Remix,The Beach Boys,0,118840,0,0.602,0.553,11,-9.336,1,0.0328,0.108,0.0,0.0512,0.971,130.594,4,0
69LsOTlcKFAlH2QDkEEhmO,White,Tim Halperin,39,210226,0,0.537,0.674,11,-5.32,1,0.0284,0.426,0.0,0.128,0.329,92.049,4,0
33SH8ZC36EzoRstHbaFE72,Closer,Boyce Avenue;Sarah Hyland,54,244188,0,0.694,0.471,8,-8.62,1,0.0281,0.411,0.0,0.233,0.466,95.003,4,0
055xoYPMw5bQYFxlbBZ123,Ромашка белая,Gruppa Express,7,292720,0,0.763,0.624,6,-5.441,0,0.0294,0.599,0.0,0.323,0.883,109.994,3,0
6pNVaFHQqN8enURB2dcVxr,Floating Through The Vein,The Red Chord,14,195360,0,0.331,0.987,6,-4.573,1,0.142,8.63e-05,0.165,0.0658,0.181,106.604,4,0
3CJZhC38mzhcJKli018fil,Heat Waves,Glass Animals,0,238805,0,0.761,0.525,11,-6.9,1,0.0944,0.44,6.7e-06,0.0921,0.531,80.87,4,0
2zQru5X2fXa3oPjAt9vkSx,Sweet Maria,The Wood Brothers,24,258493,0,0.447,0.25,6,-11.624,1,0.0324,0.734,0.000928,0.307,0.115,132.187,4,0
68kmDSWrnHoV5jfgJblUK3,Mad World - Classical Guitar Version,Liad Abraham,43,125720,0,0.428,0.297,2,-10.156,1,0.0452,0.948,0.928,0.119,0.281,97.345,5,0
2rOnSn2piaqLAlYjtfUBlY,"Raataan Lambiyan (From ""Shershaah"")",Tanishk Bagchi;Jubin Nautiyal;Asees Kaur,78,230292,0,0.72,0.63,10,-5.549,1,0.0413,0.615,0.0,0.108,0.512,81.009,4,1
44ZiDRfCJKMgjFXAb1LEBv,The Odyssey,Orgy,22,176666,0,0.468,0.991,5,-3.441,0,0.155,0.00201,0.000743,0.235,0.391,174.818,4,0
7x2It3MYN1QdytzgoLYGr5,季節雨,木吉他,22,211000,0,0.626,0.522,0,-11.857,1,0.0279,0.342,0.0,0.234,0.802,139.827,4,0
1Y8XeNdmHT1izTT87DblYr,Inshallah,Akcent;Chante,40,160476,0,0.773,0.554,9,-9.796,1,0.0424,0.00134,0.0,0.042,0.57,126.002,4,0
7zDzoMGQURPsfDsGOLookv,Steppin' Out,Joe Jackson,25,261826,0,0.592,0.481,11,-7.18,1,0.0328,0.0432,0.00221,0.067,0.58,159.605,4,0
6Vs6tzDPOYtBMehGXBG3G2,Toppen,Mwuana,30,202200,1,0.836,0.52,7,-9.404,0,0.0723,0.0505,3.09e-05,0.119,0.264,102.978,4,0
6JE5WAHYG6bV8iXl742wts,Tealy,Subriser;blackbird,53,213818,0,0.758,0.515,1,-12.119,1,0.106,0.781,0.234,0.108,0.163,110.006,4,0
1aJIyOZ67KgyysvKYpCq1j,True Love,Yemi Alade,0,235875,0,0.749,0.602,5,-5.097,1,0.0798,0.0313,0.000543,0.0337,0.965,120.022,4,0
3G1o1dkJIyY38yfiVDkwNP,Ego Death,Ty Dolla $ign;Kanye West;FKA twigs;Skrillex,0,231618,0,0.818,0.598,10,-5.948,0,0.113,0.0573,1.32e-06,0.634,0.331,111.052,4,0
2ln8TMs7T1zEctVoifIXjj,Vinheta,Clarice Falcão,45,78184,0,0.519,0.685,9,-7.171,1,0.0955,0.373,0.0,0.0629,0.745,115.929,4,0
1V3FaAOYea3Hxw5SYvi8tl,Contramão,Pitty;Tassia Reis;Emmily Barreto,36,294649,0,0.698,0.715,10,-5.058,0,0.0382,0.208,0.0,0.109,0.403,96.036,4,0
77qtBzNUz3sdn2MjXDSxoU,Vuélveme a Querer,Danny Daniel,31,262112,0,0.613,0.855,8,-3.187,1,0.0446,0.434,0.0,0.326,0.906,91.37,4,0
6A2tclDi7xkgRO4y59f65O,Castle,N3WPORT;Leila Pari,38,208500,0,0.566,0.759,0,-4.718,0,0.0993,0.0112,1.29e-05,0.106,0.38,159.965,4,0
6zK9XQwft2HxIDiWcx91ae,Bog's Basil & Curry Powder Potatos Recipe,Bogdan Raczynski,12,305280,0,0.582,0.821,0,-8.962,1,0.0683,0.0485,0.901,0.48,0.433,164.983,4,0
7vvQrcQCfq7SB8mxO9CRHq,Frosty The Snowman,Ella Fitzgerald,0,131733,0,0.579,0.502,8,-7.57,1,0.0513,0.733,0.0,0.281,0.836,76.783,4,0
2CjmX9aRcnD1UKAkWPz0jf,Where Are You Tonite,Chaka Khan,0,296400,0,0.69,0.494,7,-14.759,0,0.041,0.198,2.26e-05,0.0616,0.86,89.901,4,0
7J0E3iSjAxIdQtArstSfIJ,Nee Parichaya,Raghu Dixit;Siddhartha Belmannu;Rakshita Suresh,46,218017,0,0.679,0.608,0,-10.187,0,0.0368,0.639,7.55e-06,0.0873,0.361,116.043,4,0
7CI0VS6ETno5mgHi4PoCrY,Don't Follow,Alice In Chains,57,262133,0,0.314,0.37,1,-9.921,1,0.0286,0.781,0.139,0.122,0.28,116.066,1,0
3Y3nlkoozI2XsL1dzyWdHB,Oo Saahiba,Vishal-Shekhar;Sheykhar Ravjiani;Manoj Muntashir,39,234126,0,0.673,0.333,0,-9.737,1,0.0342,0.798,1.61e-05,0.106,0.365,129.957,1,0
5ZqLPIzcKXKni6t7HHO7mO,Fuck the Radio,The Potato Pirates,32,170440,1,0.601,0.868,7,-4.686,1,0.0735,0.000523,1.17e-05,0.0899,0.875,96.951,4,0
4O5c8T9I55IZr1hEUQrEGi,Lost In Space,Armin van Buuren;Jorn Van Deynhoven,51,201304,0,0.561,0.903,7,-4.868,0,0.0463,0.00917,0.0613,0.188,0.084,138.081,4,0
02CMDD2zt4LyEdOaSwVNhy,Summer Of '69,Bryan Adams,0,217493,0,0.5,0.908,2,-4.303,1,0.0418,0.0166,0.0,0.128,0.744,138.834,4,0
0KoJjADAgVSFLmddvQCGpL,I Don't Wanna Spend Another Christmas Without You,The Ready Set,0,199813,0,0.676,0.699,9,-5.984,1,0.0375,0.139,0.0,0.147,0.79,134.966,4,0
0FJPOX240AUlc9y37Dyf5z,The Lion Sleeps Tonight,"Diego, Dora & Friends",31,174640,0,0.612,0.876,5,-4.799,1,0.0745,0.308,1.74e-06,0.325,0.694,133.003,4,0
5D8Z75wGgbvGJiYaNSSWvw,Virginia (Wind in the Night),The Head And The Heart,0,205293,0,0.265,0.79,7,-3.702,1,0.0366,0.00699,0.0,0.0523,0.248,136.075,4,0
0JVS78fBQr0yF3NLPWCZdG,Ruas da Sul,Mc Kadu;MC Leozinho ZS;Kotim;Mc Lele JP;Love Funk,44,325125,1,0.791,0.559,8,-5.823,0,0.19,0.483,0.0,0.176,0.633,106.782,5,0
5GcmJoEmrus69907XfjoTu,Road To Nowhere,Bullet For My Valentine,43,259519,0,0.295,0.563,2,-8.686,1,0.0358,0.0305,0.0,0.0968,0.521,87.067,4,0
1zyUz3eZ3sytdaR9lfW17q,Écoute Chérie,Vendredi sur Mer,64,224933,0,0.607,0.647,7,-7.17,0,0.0452,0.138,0.00102,0.255,0.689,92.915,4,0
5rOzcHIZaF038jMeHkUZR0,Reverie,Arca,40,192767,0,0.251,0.554,9,-9.641,0,0.0334,0.0528,0.127,0.188,0.0764,126.224,4,0
00QBHaaP4KUcjlmxWriMbC,Más De Lo Que Aposté,Aitana;Morat,71,205031,0,0.621,0.918,1,-3.01,0,0.0552,0.0754,0.0,0.13,0.834,151.988,4,1
6NkpHVmPu6mNSSE0fK8aKL,Illusion,Max Brhon,40,227139,0,0.575,0.856,0,-4.804,1,0.121,0.00591,0.731,0.169,0.0736,108.969,4,0
6aUN5gXfkXKl4GBiVTLLZI,Der Eiermann,Klaus & Klaus,31,221426,0,0.722,0.836,2,-5.85,1,0.0333,0.412,0.0,0.0278,0.762,103.157,4,0
223dRxIidnjKOvmTG3T57n,Numb Little Bug,Em Beihold,2,169237,0,0.742,0.527,8,-6.892,0,0.0769,0.327,0.0,0.25,0.638,84.974,4,0
0RzEfVy07ukh7GxnwVjPmr,Hot in It,Tiësto;Charli XCX,1,129817,0,0.748,0.841,7,-5.08,1,0.177,0.00445,1.33e-06,0.0413,0.717,123.045,4,0
0G1BEi8ByngMCJqcPnDACw,Eddie,Red Hot Chili Peppers,66,341986,0,0.515,0.809,9,-5.817,0,0.0512,0.00455,0.0723,0.0905,0.525,142.011,4,0
0PkWP3XfbPI9WRMYbYAnKD,スローモ,Kyary Pamyu Pamyu,19,213977,0,0.499,0.937,4,-4.402,0,0.04,0.0181,0.00118,0.0583,0.471,139.986,4,0
7zKweXON2KcgXizqUcu7lf,The Philosopher,Death,49,253106,0,0.329,0.923,6,-6.02,0,0.0794,6.41e-06,0.021,0.0644,0.498,132.677,3,0
5tD1hLCu8eQek2KSq1yI8a,Watching TV,Sara Kays,0,160677,0,0.581,0.571,9,-6.924,1,0.0738,0.587,0.0,0.139,0.456,117.965,4,0
05L8hOMEmDnDMIbung9YQa,The Gift of Silence,The Agonist,22,278894,0,0.409,0.981,5,-4.901,0,0.138,1.09e-05,0.00291,0.0568,0.198,140.035,4,0
4nzbkdiJ0GzxNUhVFz43j4,Casal Do Ano (Plutão) - Ao Vivo,Atitude 67,51,207853,0,0.704,0.865,4,-5.494,1,0.0678,0.489,0.0,0.863,0.817,146.067,4,0
7ozoh92RhH9OIxLRLNuCZF,Tattoo,Ava Max,0,159459,0,0.64,0.637,6,-5.228,1,0.0322,0.129,0.0,0.109,0.793,114.994,4,0
0h2KyPkIISeMMkA2X0eXU5,Quintessence,Darkthrone,46,456906,0,0.156,0.737,7,-5.273,0,0.0512,0.00393,0.000185,0.122,0.275,134.091,4,0
6HwJqelkpBmZrgheR9TMZz,Almas De Venta,Brujeria,25,131493,0,0.239,0.98,1,-8.176,1,0.164,0.000363,0.00103,0.319,0.139,95.544,4,0
5bNkTWNPZT0YrBjUiI6BHj,Ele Vem - Ao Vivo,Gabriel Guedes de Almeida;Gabriela Rocha,47,518880,0,0.26,0.594,9,-6.845,1,0.0345,0.147,0.0,0.261,0.2,150.846,3,0
7IcIQ8ocTbLpVDDqQAVf3H,Chaahton Ki Duniya,Sabri Brothers,35,444000,0,0.332,0.926,7,-6.956,1,0.0949,0.239,0.0,0.188,0.713,78.985,4,0
36vTiRM8xshvdtIK9jGlsY,Kathal Fobia,Havoc Brothers,34,272547,0,0.925,0.548,5,-8.255,0,0.0868,0.592,0.0,0.15,0.519,102.986,4,0
6mcn8yWhqQ1nkfVAHVXFrz,You Really Got Me,The Kinks,38,132777,0,0.569,0.959,8,-3.703,1,0.0996,0.0911,0.00026,0.0809,0.96,137.394,4,0
1Ic9pKxGSJGM0LKeqf6lGe,All Apologies,Nirvana,72,233173,0,0.446,0.632,1,-12.197,1,0.034,0.0793,0.000266,0.0881,0.359,113.176,4,1
1qFmSPALGSoqjbwM3br4Rl,Hummell Gets The Rockets - Alan Walker Remix,Hans Zimmer;Alan Walker,46,177238,0,0.523,0.698,10,-8.377,1,0.0777,0.0523,0.795,0.0794,0.0348,120.015,4,0
1ubk4FS88dx180KNXHYqWw,Vibrancy - Original Mix,UMEK,44,410268,0,0.515,0.925,1,-9.209,1,0.0825,0.000178,0.844,0.109,0.134,128.002,4,0
4rQSLX4qMiUWL81hEQOuPY,"Forever and Ever, Amen",Randy Travis,63,212586,0,0.701,0.68,2,-8.492,1,0.0264,0.303,1.51e-05,0.159,0.704,90.607,4,0
25NoxgRO60OnlrtJNm3OZ2,Parte de Seu Mundo,Chiara Sasso,42,197008,0,0.337,0.149,5,-14.073,1,0.0395,0.945,0.0,0.125,0.39,70.592,4,0
1QF2cLdi0hsrXlzaNOmHoS,Nasty Sexo,La Revolución De Emiliano Zapata,28,380080,0,0.724,0.813,9,-5.53,1,0.0364,0.122,0.2,0.087,0.689,114.933,4,0
4WnQ5mLFwGWb8zk6hvloEN,The Phonics Alphabet Song,Toddler Tunes,42,241250,0,0.88,0.609,8,-10.487,1,0.0418,0.147,0.0,0.127,0.795,120.019,4,0
2W779g2UrRZtVdf3FcEOO1,In My Mind,Lyn Lapid,73,162794,0,0.668,0.392,2,-12.178,0,0.0585,0.789,0.00275,0.345,0.323,135.936,3,1
7LNdvaauHad6Qiqexxgqdt,Solar Flare,Stumbleine,9,234293,0,0.515,0.621,2,-8.369,1,0.0359,0.0168,0.341,0.127,0.0948,87.491,4,0
3XjAgiBvWBKu1tHSLTgffX,Keep Your Head Up Princess,Anson Seabra,60,198220,0,0.689,0.143,6,-17.374,1,0.264,0.97,0.0,0.109,0.528,85.398,4,0
4YgEwanzISFU4xa27saTux,Reason,YUZU,47,304320,0,0.363,0.819,7,-3.128,1,0.0634,0.0591,0.0,0.0988,0.468,122.527,4,0
5ITulM2hyTM1lRVRrw4iLa,Yearning = Alchemical Fire,Fire-Toolz,16,158806,0,0.454,0.969,5,-7.841,1,0.044,0.0973,0.924,0.0999,0.19,136.985,4,0
3whEd94HYT5iHKu2hYmk9K,Ne Olur Anla,Irem,43,221226,0,0.642,0.516,5,-7.957,0,0.0237,0.541,2.65e-06,0.0924,0.372,82.009,4,0
1UnlBvfKYZ22zCx0gbSsgX,Sincerely,TRUE,41,275080,0,0.417,0.846,2,-3.377,1,0.0594,0.0311,0.0,0.233,0.466,143.994,4,0
4aPtouX0iuYfYs2hnuISTd,Intro (Save Me),Fairlane;Kala,0,111200,0,0.525,0.714,7,-5.727,1,0.0521,0.178,0.0815,0.528,0.456,150.111,4,0
7rYSoPWMuQKfMqcems4GGj,Intentional Grounding,Porsche Love,0,220298,1,0.668,0.394,2,-12.825,1,0.0778,0.124,4.06e-06,0.0805,0.0998,133.855,4,0
3qNERYCjkBFyhYUNh4Hl9K,Carcará,Maria Bethânia,39,163160,0,0.653,0.679,11,-7.354,0,0.0714,0.673,0.000441,0.608,0.877,130.964,4,0
0iW6j69kd9YJSM66Lywz86,Affront Final,Akitsa,23,300160,0,0.325,1.0,1,-5.453,1,0.0621,0.00065,0.0114,0.227,0.0441,171.806,4,0
30JEWgciN2BrDSe1uPR7bv,Country Outta My Girl,Morgan Evans,0,202613,0,0.448,0.932,7,-4.424,1,0.0976,0.0174,0.0,0.347,0.709,187.813,4,0
4eWJNtBuAF8RP3hmeNr6GG,A System Of Mirrors,Robert Hood,7,459389,0,0.685,0.697,10,-12.305,0,0.0373,8.41e-06,0.896,0.069,0.148,129.999,4,0
2xdQyyhUESOeww5ZsY434R,Eine Woche wach,Mickie Krause,0,235899,0,0.711,0.997,7,-3.078,1,0.075,0.0623,0.0,0.33,0.76,134.001,4,0
4Gswlf1lBeiLZ2xLjDUnf8,Little Bright Star - Stereo,The Supremes,0,146000,0,0.711,0.774,3,-6.769,1,0.0564,0.549,0.0,0.103,0.553,115.007,4,0
2Ryp5LkAWyJwRqoFd8N7Kk,move,brb.,62,148571,0,0.661,0.633,5,-8.819,0,0.052,0.0227,9.86e-05,0.104,0.782,104.934,4,0
6rgSSesTJGyjQuvx06l3jU,So Mi Like It,Spice,54,154038,1,0.722,0.628,5,-5.133,1,0.565,0.0837,0.0,0.11,0.797,120.554,3,0
74cd4aurG2HI8XkVcFn3FI,順流逆流,蔡國權,21,208680,0,0.509,0.411,4,-9.432,0,0.0321,0.564,0.0105,0.264,0.362,172.119,4,0
7E5eZ1ZGeqtIPIXIU5NceV,Marco and Gina,Otaku,62,109216,0,0.733,0.262,8,-16.316,1,0.0627,0.548,0.854,0.102,0.393,75.082,4,0
3w2XFt5i2uIgcomQCjkMNG,"Wenn nicht jetzt, wann dann?",Höhner,0,192040,0,0.681,0.923,9,-4.365,0,0.0381,0.0729,0.0,0.0701,0.786,105.002,4,0
5LijavVwy8OdMC3NmnRm6y,5 Minutes - 1996 Remaster,The Stranglers,26,196866,0,0.405,0.937,6,-7.694,1,0.0722,4.43e-05,0.0751,0.14,0.523,147.207,4,0
20tnxv4NAzTCayQQln3EZP,Dhakka,Sidhu Moose Wala;Afsana Khan,62,246818,0,0.731,0.727,4,-6.001,0,0.327,0.0907,2.67e-05,0.852,0.79,176.042,4,0
3npxGyRpSmxS7mlN5ndjNS,Something We All Adore - Original Mix,Solomun,48,477120,0,0.812,0.579,11,-8.414,1,0.0524,0.000743,0.873,0.0972,0.521,119.992,4,0
5gQVrN1QvJ6YoVDnsTfb6g,Arms,The Paper Kites,53,203560,0,0.41,0.141,2,-18.564,1,0.0337,0.932,0.0898,0.118,0.24,149.888,4,0
4b9Wb0qiHD5wHuwACSSEcp,On the Other Side,Laura Osnes,24,248858,0,0.506,0.395,0,-11.887,1,0.043,0.598,0.0,0.109,0.207,79.152,4,0
47L7EinVbbEBraJE0MMnW9,Dancer,Robert Hood,35,422618,0,0.895,0.318,1,-7.992,0,0.0892,0.00298,0.913,0.063,0.0785,122.0,4,0
75u8RkM5CGoMn5E3vJOdPt,In A Sentimental Mood,Duke Ellington;John Coltrane,0,256293,0,0.445,0.278,10,-11.882,0,0.0313,0.914,0.00577,0.101,0.262,99.058,3,0
77u3cpprulNjIUYkjYwlhU,Starry Eyed,Ellie Goulding,4,176933,0,0.51,0.816,5,-5.331,0,0.0352,0.13,8.66e-06,0.224,0.588,149.929,4,0
6Dtl4TnL9buWnPr3om1tPV,About You,Korsakoff,19,286875,0,0.55,0.956,1,-5.166,0,0.0869,0.427,0.163,0.0707,0.266,150.031,4,0
3cbkMdsKSzzEurCreCRv97,Ulterior Motive,Luciano,28,250826,0,0.619,0.743,0,-8.492,1,0.29,0.0251,2.82e-06,0.116,0.669,161.507,5,0
2w7LbnZdWCG9Ux7gzVbQFC,Aşk Mümkün Müdür Hala?,Levent Yüksel,39,243253,0,0.629,0.732,9,-4.179,1,0.0497,0.605,5.72e-05,0.193,0.449,100.025,4,0
2pYvd6cHcAIMAM6xMD6nok,Break Apart,Bonobo;Rhye,56,274693,0,0.648,0.458,5,-15.169,1,0.0311,0.864,0.0944,0.366,0.0848,119.96,4,0
0snHlyyyUp2hKYEz7ffmkx,Never Be Anyone Else But You - Remastered,Ricky Nelson,50,136266,0,0.577,0.45,0,-10.327,1,0.0352,0.127,7.28e-05,0.138,0.711,141.703,3,0
3fMDHUTsNUafxdHduP61Lj,Starlet - Phil Tangent Remix,Hybrid Minds;Mimi Page;Phil Tangent,15,340117,0,0.628,0.83,2,-5.79,0,0.0419,0.00643,0.925,0.0737,0.122,87.487,4,0
4H2GYxGRMKTsbDRzcjbjCp,One Way Track,End It,30,135530,0,0.244,0.939,2,-3.156,1,0.126,0.000255,0.699,0.343,0.394,177.634,4,0
12ZQDjdwqcnLjYPehMwZ9J,Mer O Mer O Mer,Hjalle & Heavy,36,295466,0,0.428,0.873,0,-5.444,1,0.0361,0.027,0.0,0.0956,0.871,146.85,4,0
6fcC2m2lyPIi8LKxrh6Eao,strawberry fields,frek!,5,112528,0,0.635,0.494,5,-9.74,0,0.054,0.598,0.8,0.124,0.0918,129.395,4,0
5so1wKv1JCcpllBGxrOjjL,Dangerous - David Guetta Banging Remix,David Guetta;Sam Martin,0,367786,0,0.698,0.931,11,-4.32,0,0.0595,0.0237,0.852,0.0767,0.0825,128.004,4,0
6Lczg2BmZlW4DlnKpFM5B0,披星戴月,Hins Cheung,45,243386,0,0.549,0.4,5,-8.61,1,0.031,0.86,0.0,0.0887,0.238,128.002,4,0
2liYVax3XLeHf0pOmYe08R,Cool Yule,Louis Armstrong;The Commanders,0,176699,0,0.568,0.505,0,-8.041,1,0.128,0.676,1.67e-05,0.516,0.692,149.439,4,0
5L8R2cyft2HfQ1IlfVAbcz,Salta,Sultan + Shepard,63,222250,0,0.653,0.604,7,-10.177,0,0.0327,0.0448,0.908,0.255,0.0768,119.98,4,0
5TKbTK3D2GxFy0PxZv8igD,God Only Knows - Mono / 1997 Remastered,The Beach Boys,0,173040,0,0.524,0.487,6,-7.525,0,0.0299,0.253,0.0,0.0579,0.482,117.108,4,0
2dE38SXWT06ER3n3fUeJ3k,Reversed Reflections,Hypocrisy,20,265293,0,0.279,0.853,0,-5.483,1,0.0509,4.9e-06,0.00119,0.286,0.287,149.933,4,0
1okI0EddpA2UxVY4hBw4PA,Seven Cities - Nall Remix,Solarstone;Nall,48,208803,0,0.527,0.823,0,-8.581,1,0.0341,0.367,0.954,0.133,0.14,122.011,4,0
3bKyHbSwgDCcQAuGFUjiIK,Nadie Igual Que Tu,Maelo Ruiz,34,339800,0,0.637,0.737,11,-7.881,0,0.0352,0.618,1.42e-06,0.0674,0.884,169.642,4,0
5xPqG3KrBkIGarQQCDKfxC,風立ちぬ(SEIKO STORY〜80's HITS COLLECTION〜),Seiko Matsuda,31,275746,0,0.588,0.71,10,-6.249,1,0.0291,0.412,0.0,0.379,0.646,131.537,4,0
5POo0zRDYRZhU0SMs49Rfo,他夏了夏天,Sodagreen,40,304600,0,0.525,0.683,9,-6.509,1,0.0304,0.136,0.0,0.0904,0.746,124.982,4,0
1B4KDy5VAXxR8FayLvWlJu,like you're god (AWAY Remix),mehro;AWAY,47,185142,0,0.663,0.446,11,-8.009,0,0.348,0.288,0.00524,0.324,0.221,139.6,3,0
7zaaRwq2t9Q4Iev542kjpX,Molecular Pathological Epidemiology of Colorectal Neoplasia,Last Days Of Humanity,12,46420,0,0.211,0.988,5,-4.83,0,0.219,0.000304,0.0364,0.839,0.0928,140.742,1,0
4jJ3rcbPevOdXr6hFIVW45,Windspitting Punk,Swingin' Utters,35,134800,0,0.284,0.959,1,-6.02,0,0.123,0.00142,0.000146,0.0866,0.665,174.296,4,0
467P6VTWV2nEE0lSIYJQtC,Ich sauf den ganzen Tag,Specktakel,36,191041,0,0.732,0.934,3,-2.281,1,0.226,0.05,0.0,0.103,0.804,140.07,4,0
7jzJD8kTMk4GIBvBNR2VYo,In The Morning - Yubik Remix,Fritz Kalkbrenner;Yubik,0,344477,0,0.808,0.505,9,-10.658,0,0.0387,0.00403,0.776,0.0946,0.194,121.989,4,0
370DsdByLaSOeWyruZbiJT,Listen!!! - Radio Edit,Talib Kweli,0,207946,0,0.719,0.794,6,-6.965,1,0.302,0.0239,0.0,0.46,0.632,98.046,4,0
1KDn3bRyqCX4YimGrqsJ0C,I Feel Good,Pink Sweat$,0,136058,0,0.803,0.75,11,-4.67,1,0.0551,0.0233,3.87e-05,0.045,0.628,106.0,4,0
0vz6zBI9fKo2vTWCUJKz4P,Inercia,IZAL,55,227808,0,0.588,0.652,1,-7.875,0,0.031,0.0322,4.41e-05,0.103,0.217,143.974,4,0
2d0MD0qqYEdGSvqgLHNiDR,Greatest Strength,Hiroaki Tsutsumi;Toft Willingham;Chez;Jessica Gelinas,52,192640,0,0.263,0.459,6,-8.696,0,0.0349,0.0875,0.00104,0.105,0.152,86.297,4,0
1UprRw114SQfZLpz35XdBl,Con la Luna Llena (In the Misty Moonlight),Los Moonlights,29,154400,0,0.519,0.247,5,-16.248,1,0.0355,0.157,0.0,0.414,0.783,116.011,4,0
0s9PamCNwYSK5hjmlUZtNZ,Midnight,Sian,41,276000,0,0.795,0.895,10,-5.024,0,0.0495,0.000168,0.87,0.093,0.192,120.01,4,0
23sehjUVTKJTzYQDJqJFXr,Dejame Conocerte,C-Kan,53,297978,1,0.85,0.731,0,-5.479,1,0.0871,0.196,0.0,0.488,0.898,129.978,4,0
507bYMYfbm6sUS9iEAaeSd,Broken,Seether;Amy Lee,70,258333,0,0.448,0.61,3,-2.695,0,0.0342,0.0102,0.000491,0.135,0.214,123.762,4,0
2vnGorXYbAzIBijgWjzErl,The Heart of the Ocean,Ándrue;Mythos 'N DJ Cosmo,32,355009,0,0.587,0.915,11,-4.893,0,0.0322,0.0116,0.602,0.255,0.165,138.026,4,0
13YE1VSvQ4t7wWCPlpK1Uw,ヘビーローテーション,AKB48,48,283386,0,0.319,0.927,1,-2.64,0,0.0549,8.98e-05,0.0941,0.325,0.233,178.081,4,0
4BCbJuo6vNR6zsgaf7hath,Les jardins de minuit,Alcest,39,473000,0,0.179,0.796,10,-8.652,1,0.0412,4.79e-06,0.832,0.109,0.178,146.175,4,0
7AI9h4MlWyZdXTKVPbdBHd,La Última Vez (feat. Antuan),Ronald El Killa;Antuan,41,204519,0,0.818,0.558,7,-8.568,1,0.122,0.00423,1.51e-05,0.313,0.848,161.99,4,0
0UOxp1BpnD8uPQMKU4wKjz,I Shot The Sheriff,Eric Clapton,63,263746,0,0.73,0.639,7,-11.025,0,0.0524,0.0853,0.00221,0.102,0.658,94.395,4,0
0yy3WShigK5eqAmhS4aRwz,X ÚLTIMA VEZ,Daddy Yankee;Bad Bunny,1,192477,1,0.812,0.855,7,-3.725,1,0.0554,0.0789,0.000167,0.108,0.573,90.04,4,0
3qT4bUD1MaWpGrTwcvguhb,Black Dog - Remaster,Led Zeppelin,74,295386,0,0.437,0.864,4,-7.842,0,0.0904,0.396,0.0314,0.242,0.749,81.394,4,1
5KPjrk4LADrGKL2PSSU1lS,Lonely Call,RaeLynn,0,224106,0,0.588,0.722,6,-4.667,1,0.0289,0.0663,0.0,0.0721,0.243,145.926,4,0
3PCUdfQ0MdU8tkzi2uN6wr,真愛在明天,Vivian Chow;Leon Lai,24,243373,0,0.543,0.297,10,-12.371,1,0.0313,0.444,0.0,0.371,0.266,135.978,4,0
4BZXVFYCb76Q0Klojq4piV,AYA,MAMAMOO,64,211280,0,0.634,0.858,4,-2.226,0,0.0809,0.101,8.56e-06,0.258,0.637,91.688,4,0
7N02vK6QmHRiMVa6oy3HUA,Spirit of Grace,Stanton Lanier,28,224840,0,0.377,0.19,6,-21.428,1,0.0552,0.989,0.887,0.0965,0.173,116.84,4,0
5OQsiBsky2k2kDKy2bX2eT,Learn to Fly,Foo Fighters,77,235293,0,0.465,0.919,4,-4.025,1,0.0408,1.83e-05,2.07e-05,0.262,0.537,135.997,4,1
1XDOGk0XzrBIZboUMvfRNr,girls,Lil Peep;Horse Head,62,240440,1,0.645,0.698,0,-6.063,0,0.0543,0.557,0.0,0.111,0.259,120.048,4,0
1F32ETzCVozARhgkRTjuyA,Gracias,Moderatto,0,231719,0,0.531,0.906,6,-4.791,1,0.0352,0.0286,4.66e-05,0.101,0.347,125.08,4,0
5VCiHDSwirlQ3yGZAcW8sh,Mocca - Remix,Lalo Ebratt;J Balvin;Trapical,0,202876,1,0.732,0.758,11,-1.694,1,0.189,0.214,0.0,0.388,0.78,98.007,4,0
6nwAubYnLGl7F7cDuOoVLp,Quiet Storm,Mobb Deep,61,265493,1,0.79,0.728,2,-9.221,1,0.391,0.366,0.0,0.112,0.403,96.978,4,0
2o3x3qG1XgKutD5IZPTPgA,AEIOU,Justin Quiles;Robin Schulz,0,161880,0,0.689,0.856,5,-3.394,0,0.0813,0.0493,0.0,0.232,0.706,126.108,4,0
07kDtwDS2Tg1P9Vyp9YNRS,Soul Of The Beat,Retrospect,19,192189,0,0.493,0.928,11,-3.883,1,0.0501,0.000311,0.000351,0.285,0.284,150.044,4,0
6M61Wwn20lMTDOWIE28HtL,Little Lights,Project AER;v i v,5,166999,0,0.547,0.163,6,-19.722,0,0.0294,0.842,0.946,0.166,0.179,129.978,4,0
1JiKG47wsKUFSJwzmSkMwN,Cartonero,Attaque 77,44,192693,0,0.5,0.831,5,-4.582,0,0.0383,0.00718,0.0,0.275,0.813,169.874,4,0
6n59WaykQ1wvFJNti0N4jd,Saved from the Truth,Angband,0,359960,0,0.32,0.968,8,-4.709,1,0.173,0.00372,0.00508,0.453,0.276,154.324,4,0
42nq6tG2mUQQhkBIM0kPuu,The Trumpet Shall Sound (Remastered 2014),Traditional;London Philharmonic Orchestra;The London Philharmonic Chorus,0,262663,0,0.373,0.289,2,-11.743,1,0.0384,0.935,0.594,0.547,0.262,131.174,3,0
0tu4zWxyFV1Djbf4hLY3xP,深夜高速,Kazuyoshi Saito,26,326706,0,0.474,0.727,2,-5.892,1,0.0329,0.123,2.82e-06,0.244,0.83,79.633,4,0
0pOTSxN5XLKvkFGkJHo4Ff,Koppången,Helen Sjöholm,1,211733,0,0.26,0.144,7,-12.935,1,0.0397,0.893,0.0,0.296,0.241,168.461,3,0
1bFUwEfAmklgCwoPx2Ibi8,Habits,Genevieve Stokes,1,136733,0,0.663,0.287,9,-9.469,1,0.0344,0.854,6.85e-06,0.346,0.438,82.457,4,0
1eG6ogBMDCT36ciEocKV8V,Seduce / Destroy,Lucille Croft,52,182857,0,0.625,0.808,8,-3.321,1,0.0333,0.000478,0.28,0.163,0.27,105.005,4,0
2sWCKLm6qrQ4Hu6Lkrh2Xb,Солнышко,Nikolai Erdenko,0,213720,0,0.264,0.167,7,-20.194,0,0.0354,0.943,0.517,0.29,0.108,109.73,3,0
7dtz7hmAi1d7B2Dnmx7bWX,Legend of Phaxalot,Ceephax Acid Crew,12,210634,0,0.617,0.835,2,-10.861,1,0.0371,7.98e-06,0.742,0.103,0.523,125.001,4,0
1VGVVpAaeSVxcTNXBn5Okb,Belíssimo Esposo,Comunidade Católica Shalom,45,426906,0,0.547,0.229,9,-8.393,1,0.0284,0.821,0.0,0.119,0.293,84.025,4,0
1hoGjrg68nMJcs5C7r7X0X,Feel the Beat,Damon Paul,18,171428,0,0.776,0.924,8,-7.158,1,0.0528,0.0321,0.0666,0.192,0.314,126.013,4,0
3ATMIyGvkoR8yTeqFCiHFl,Mistletoe,Justin Bieber,2,183066,0,0.623,0.668,6,-7.282,0,0.0531,0.475,0.0,0.0862,0.823,161.948,4,0
78ibI5Q8xHs4qYwD0OM2Sw,Flow Natural,"Tito ""El Bambino"";Beenie Man;Ines",2,173866,0,0.831,0.789,0,-5.498,1,0.0661,0.121,0.0,0.328,0.826,101.037,4,0
5mRrmbBRlDJAITwT9IavA2,Hush Little Baby,Dave and Ava,37,154000,0,0.62,0.255,4,-12.163,1,0.0281,0.937,0.0,0.0918,0.25,91.988,4,0
1Rw0Qt5vESmeQAt5SIgJxC,Urime Manase,Raghu Dixit,44,277918,0,0.39,0.802,0,-3.816,1,0.0537,0.0632,8.54e-06,0.383,0.237,68.439,4,0
1Gwwh7r2kfoRUja11QsJGk,So Far Gone,ONE OK ROCK,55,215465,0,0.457,0.705,6,-5.554,0,0.028,0.00318,0.0,0.314,0.402,166.036,4,0
1KPAtV3E11Y3pbnzUOtO0d,Samjhawan - Lofi Flip,KSW;Arijit Singh;Shreya Ghoshal;Shaarib Toshi;Jawad Ahmad,58,227100,0,0.58,0.418,4,-10.307,1,0.0295,0.453,0.00151,0.28,0.168,107.031,4,0
2MzlgCHg6QlImyLeT38B5A,"Christmas Is The Time To Say ""I Love You""",Billy Squier,0,174780,0,0.505,0.687,1,-11.207,1,0.0462,0.234,0.0,0.874,0.72,104.315,4,0
29OndNHNt4cyEm0CzpKRkG,"Love Me Like You Do - From ""Fifty Shades Of Grey""",Ellie Goulding,59,250266,0,0.258,0.659,5,-5.903,0,0.0596,0.253,0.0,0.111,0.272,189.558,4,0
3q3lxI83Wr6wI2VprOigYr,I Never Wanted Love,Shannon & The Clams,32,219306,0,0.571,0.811,6,-5.978,0,0.0389,0.108,0.524,0.191,0.887,112.259,4,0
4q7jvS0znF9gBVk7WblXnm,Drown,Dabin;Mokita,43,258678,0,0.368,0.754,1,-5.185,1,0.0502,0.00928,0.0,0.256,0.281,169.881,4,0
6l8mSWXw3Jy7TvM0r8W6LR,Behind the Clouds,yaeow,51,160000,0,0.579,0.109,3,-16.129,1,0.0379,0.938,0.0344,0.108,0.276,134.98,4,0
1sdyW1xVlI4nE4bmUCOz9r,Bombón De Azúcar,Charlie Cruz,30,292613,0,0.69,0.789,9,-5.274,1,0.0494,0.449,0.0,0.112,0.872,102.585,4,0
3YoXksESEwIkPsH1gZBq4r,NOBODY,COUCOU CHLOE,52,116756,1,0.844,0.788,11,-7.043,1,0.136,0.0905,0.000656,0.0839,0.536,110.988,4,0
6RLT4oQWaW3WiBmuTFBZnI,The Devil's Bleeding Crown,Volbeat,0,238653,0,0.321,0.909,11,-4.612,1,0.041,1.62e-05,0.139,0.0442,0.209,109.653,3,0
7tbzfR8ZvZzJEzy6v0d6el,Liggi,Ritviz,68,181176,0,0.786,0.667,5,-8.272,1,0.054,0.0112,0.053,0.074,0.688,102.046,4,0
3kEh9TMdS1HZACClTCP7jp,Burning - Snakehips Remix,Gorgon City;EVAN GIIA;Snakehips,56,179080,0,0.654,0.876,8,-4.6,0,0.0673,0.0223,0.00345,0.0844,0.466,123.899,4,0
1qG5YcviyX2U4vQti2QDQH,Let It Snow! Let It Snow! Let It Snow!,Dean Martin,0,115240,0,0.484,0.332,1,-10.312,1,0.037,0.787,0.0,0.373,0.683,134.999,4,0
1fS2x4kXEsfLMPN6p5Was4,Beautiful Monster,Ne-Yo,2,251133,0,0.722,0.826,5,-5.464,0,0.108,0.227,4.06e-06,0.222,0.494,127.929,4,0
1eqdiz5chKkoa7BWmDYPBI,Amigos Para Siempre - Live,André Rieu;Johann Strauss Orchestra,20,301333,0,0.179,0.657,6,-6.959,1,0.0692,0.887,0.0,0.975,0.293,79.059,3,0
2zI4py4xY6v4vIrAlR6GtP,For An Angel - PVD Angel In Heaven Radio Edit,Paul van Dyk,58,233243,0,0.668,0.982,9,-7.979,0,0.0331,0.0437,0.849,0.887,0.591,138.223,4,0
0OBwxFLu6Yj61s2OagYbgY,Gimme All Your Lovin',ZZ Top,71,241080,0,0.63,0.788,5,-6.7,1,0.0298,0.00322,0.0237,0.0883,0.63,120.059,4,1
4JCk2YlVoiIfsYLZbYZSOs,Supermarket Sweep,Rik Gaynor,11,221675,0,0.688,0.866,6,-6.285,1,0.104,0.0207,0.00334,0.216,0.901,141.958,4,0
67D4E7jOf6ibhDnryHhjp6,Always on My Mind,Pet Shop Boys,0,234906,0,0.534,0.782,7,-10.611,1,0.0365,0.0116,0.0552,0.186,0.728,124.867,4,0
6XyjwF7CAwuEaW77noJr6I,Sleep Apnea,Beach Fossils,63,146293,0,0.553,0.685,2,-10.624,1,0.0266,0.145,0.859,0.138,0.491,79.998,4,0
7fjogJNNk2hCWtAKoTRIPr,Digimon,Yung Buda,48,209305,1,0.872,0.627,0,-9.392,0,0.178,0.272,0.0259,0.0956,0.853,129.014,4,0
7lvUf1BLEZuuwhbc9xeR12,Last Last,Burna Boy,0,172342,0,0.795,0.565,3,-4.457,0,0.0948,0.131,0.0,0.0802,0.55,87.925,4,0
58FsmlVRQxpjFmXF8vSKMT,Vale,Maribou State,63,247622,0,0.693,0.67,11,-8.863,0,0.0425,0.388,0.772,0.152,0.725,145.01,4,0
6kLC6dq44QyIlHGdVM6Lb7,Desarrumar - Ao Vivo,Atitude 67;Tássia Holsbach,48,210973,0,0.694,0.867,4,-5.603,1,0.0793,0.531,0.0,0.189,0.642,169.996,4,0
0gzu5mm36VJH2Zqu8sQPTf,Genda Phool (feat. Payal Dev),Badshah;Payal Dev,62,170769,0,0.955,0.538,1,-8.394,1,0.0734,0.132,0.00146,0.0704,0.837,116.977,4,0
4M7cwc9BrGlSQzSxwx6x0P,"Rudolph, The Red-Nosed Reindeer",Mary J. Blige,0,147413,0,0.468,0.565,7,-5.615,1,0.101,0.522,0.0,0.0517,0.581,140.941,4,0
2uUg1JAYcIyUcSAOxK0DmI,Auswärtsspiel,Die Toten Hosen,37,155946,0,0.316,0.967,5,-2.807,1,0.0612,0.0339,6.16e-06,0.357,0.571,171.017,4,0
6kykAmLzRQI5ozXjujslWo,Wonderful Christmastime,The Shins,0,146520,0,0.634,0.689,11,-5.406,1,0.0307,0.0109,0.0,0.114,0.899,140.071,4,0
6T15qWkGDGlE9vTkvoT4oZ,Five Little Ducks,Super Simple Songs,63,152224,0,0.956,0.34,6,-10.195,0,0.0487,0.0614,0.0,0.0596,0.593,116.006,4,0
3T0oPETOdddxJ2xTt2qJe4,Aaya Na Tu,Arjun Kanungo;Momina Mustehsan,70,210000,0,0.665,0.539,11,-7.213,0,0.0474,0.825,5.85e-06,0.121,0.368,110.101,4,0
6No37VaxVh6HHEozjauEbk,(......老頑固博士)(feat. Dr. Jean-Loup Ringot),吳青峰;Dr. Jean-Loup Ringot,39,143929,0,0.676,0.434,4,-5.719,0,0.0391,0.566,0.000123,0.0526,0.567,140.094,4,0
445m5XCtJTfGBQF11YfSyW,Letter J Song,Have Fun Teaching,10,203880,0,0.942,0.663,2,-4.411,1,0.149,0.0194,8.23e-05,0.267,0.751,135.031,4,0
79mxN61Rhw4zAuvWLehld3,Stir Me Up,Hadise,51,208375,0,0.681,0.809,6,-5.285,1,0.35,0.0677,1.44e-05,0.114,0.449,210.095,4,0
1JmlZodBeJCzYsUMROca9M,Jesus And Wranglers,Riley Green,0,183560,0,0.579,0.754,4,-5.249,1,0.0261,0.00805,0.0,0.0803,0.734,124.036,4,0
3wWsdGGuCPmB6iwTFkIPnv,Tardigrade's,Omar S,8,261915,0,0.823,0.877,10,-10.498,0,0.0621,0.0407,0.905,0.0956,0.129,123.986,4,0
4R8BdwRidxAWaYyFNU00P1,War Of Hearts,Ruelle,71,226216,0,0.479,0.781,9,-6.344,0,0.124,0.221,0.55,0.0964,0.258,147.961,3,1
6H1hnJRQOGQ9djPL3jNu9G,Imaye Imaye,G. V. Prakash;Shakthisree Gopalan,64,208440,0,0.504,0.364,1,-9.277,0,0.03,0.893,7.88e-05,0.0904,0.365,149.819,4,0
50cqdAwLjPgMPoVly0hzlz,Fala pro Papai,Washington Brasileiro,38,162132,0,0.768,0.893,1,-3.979,1,0.0426,0.358,0.0,0.254,0.927,133.058,4,0
5uHy68Q7ZWe8Qq9k7EAprS,Sheesha,Karan Aujla,72,160851,0,0.708,0.672,6,-7.493,0,0.0582,0.322,0.0,0.135,0.399,93.886,4,1
6LOBCrIpUtcw54KXHWCY70,Blood Red Moon,The Hives,29,271546,0,0.579,0.642,9,-8.01,0,0.0302,0.58,0.000191,0.155,0.428,126.341,4,0
6xB180dd0R1L54apgTLLGD,Cuando Duerma la Ciudad,Hermetica,34,288733,0,0.444,0.465,11,-13.632,0,0.026,0.000152,0.0349,0.0633,0.28,80.802,4,0
4UC1T8tVQOz9USey3gS2FO,Me Gusta,Andy Montañez,0,363440,0,0.565,0.816,5,-6.814,0,0.0396,0.705,0.0002,0.0853,0.933,89.599,4,0
0vCbiMfsdCBKups1wFv95u,We All Move Together - Kevin Saunderson x Latroit Extended Remix,Inner City;Idris Elba;Kevin Saunderson;Latroit,6,261803,0,0.749,0.723,11,-5.381,0,0.0575,4.57e-05,0.758,0.636,0.432,126.006,4,0
2LmlWcZYUEmpGXExVMez4c,Baby Girl I Am Alone,Jah Vinci,25,212373,0,0.595,0.62,0,-6.697,1,0.0723,0.178,0.0,0.348,0.295,139.814,4,0
1GmMrJoxbF13PliZnpeXcy,Follow Me,Hardwell;Jason Derulo,45,200028,0,0.51,0.786,6,-2.883,1,0.0471,0.0114,0.0,0.0731,0.409,128.059,4,0
1Q5d3X55pI7nBXYAdZ0g8Z,堤岸,黃敏華,20,218733,0,0.549,0.478,0,-6.186,1,0.0276,0.783,0.0,0.255,0.341,125.917,4,0
6CADlj5HsdrPnwR2oaFM1X,Confession,Unholy Grave,12,75026,0,0.304,0.959,3,-8.706,0,0.0829,0.232,0.974,0.826,0.0623,101.764,4,0
4b7RdgoJT9BaSk4drBMZJx,"Minuet in D, K.94 (Orch. Erik Smith)",Wolfgang Amadeus Mozart;Wiener Mozart Ensemble;Willi Boskovsky,10,79000,0,0.439,0.0592,2,-21.971,1,0.0436,0.864,0.0588,0.41,0.337,117.939,3,0
5UvLQncwvEGiRLn0xEZw45,Off The Ground,Sub Focus,67,242750,0,0.582,0.791,0,-3.643,0,0.0427,0.0296,0.105,0.118,0.0422,174.01,4,0
2JtLVLcBKBoMoM3C8OMtu4,Will We Remain? - Spencer Brown Remix,Ilan Bluestone;Maor Levi;EL Waves;Spencer Brown,46,365714,0,0.789,0.701,6,-6.582,0,0.035,0.00202,0.418,0.117,0.326,126.005,4,0
3I6YAtdvo6izQspo623T7X,West Side Story: XIII. Scherzo,Leonard Bernstein,0,91066,0,0.43,0.0341,5,-24.869,1,0.0565,0.81,0.531,0.109,0.158,157.791,5,0
0suLngfo7rJoetk7Ub6N8l,Octopus's Garden - Remastered 2009,The Beatles,63,170720,0,0.626,0.512,1,-9.15,0,0.0247,0.155,4.65e-05,0.215,0.73,92.225,4,0
0kDnxx7H1yiFtyel6Mvczh,Sylvia: Act I: Les chasseresses (Fanfare),Léo Delibes;Razumovsky Symphony Orchestra;Andrew Mogrelia,21,193160,0,0.354,0.131,3,-21.506,1,0.0337,0.951,0.631,0.178,0.346,83.17,4,0
3oxGJdepSlIwJxjyvtPxXT,No Me Conoce - Remix,Jhayco;J Balvin;Bad Bunny,0,309120,0,0.804,0.786,10,-3.837,0,0.0735,0.144,0.0,0.0928,0.575,91.992,4,0
3mZ8eHtv18WEb0Jh5a3d8j,Settin' The Woods On Fire,Hank Williams;Drifting Cowboys,26,157133,0,0.735,0.251,0,-11.144,1,0.0507,0.832,2.91e-06,0.104,0.957,161.718,4,0
68ZOBzR0AffpQM6AgSA5n4,Stuck On You,Lionel Richie;Darius Rucker,47,201706,0,0.557,0.496,5,-9.272,1,0.0276,0.626,1.32e-06,0.102,0.293,132.716,4,0
6csdXyZPhAgM6Z4gjrRS6C,Båda sidor nu,Håkan Hellström,34,342594,0,0.401,0.342,8,-10.614,1,0.0295,0.841,0.00589,0.121,0.123,103.816,4,0
5VIxFiO4uCfA6BZFObyz7W,Eyes On Me,Faye Wong,46,344026,0,0.305,0.517,0,-6.474,1,0.0354,0.106,0.0,0.0614,0.201,179.638,4,0
6IWumNs0oyQfa8mLd5rjcn,Voila!,Stuart Duncan;Edgar Meyer;Chris Thile;Yo-Yo Ma,23,191840,0,0.563,0.254,5,-14.142,1,0.0384,0.892,0.729,0.0841,0.635,104.936,3,0
4nzYO2gblduWhKhjmVZk1O,Pódio,Dilsinho;Jorge & Mateus,46,182476,0,0.679,0.674,10,-7.25,1,0.074,0.824,0.0,0.357,0.947,155.916,4,0
6h5PAsRni4IRlxWr6uDPTP,More Than You Know,Axwell /\ Ingrosso,80,203000,0,0.646,0.741,5,-4.973,0,0.034,0.0275,0.0,0.312,0.571,123.077,4,1
6KtNLc95StBKfOmFDAoTwi,Kali Kali Zulfon Ke Phande Na,Nusrat Fateh Ali Khan,53,859345,0,0.4,0.694,3,-8.486,1,0.0621,0.573,0.0,0.874,0.727,153.902,3,0
4PeqO9mURCV4tfYkNKGJ86,N - Ao Vivo,Nando Reis,43,319413,0,0.489,0.31,2,-12.169,0,0.149,0.868,0.0,0.845,0.347,105.223,5,0
0eal3cEeHVC9UqEaW6OoIc,Bed Pan Man,Tim Wilson,22,53360,1,0.506,0.948,9,-5.427,1,0.478,0.652,2.31e-06,0.97,0.965,98.837,4,0
7FxxBNwN27gcqRjzSE6T9N,"Casey Jones - Live in Veneta, Oregon 8/27/72",Grateful Dead,27,385026,0,0.554,0.545,0,-11.22,1,0.028,0.742,0.0268,0.218,0.726,93.491,4,0
5naar7XewEOAjOywIp6Jjq,Remember When,Wallows,75,155146,0,0.504,0.708,11,-5.896,0,0.0343,0.00112,0.000424,0.788,0.51,82.009,4,1
0dkvbYmXYEPK7gGMdytmfI,sex money feelings die - slowed version,Lykke Li,74,168810,1,0.797,0.44,5,-6.587,0,0.0594,0.471,1.57e-06,0.0849,0.436,111.014,4,1
1FRFgyPNuqfXIRYlCJ1kwR,Days to Come (feat. Fiora),Seven Lions;Fiora,44,284262,0,0.467,0.723,0,-7.101,0,0.0536,0.117,3.49e-06,0.186,0.207,139.995,4,0
51zLJklDhB01krdntnfaCS,I Wish I Missed My Ex,Mahalia,0,203066,0,0.669,0.669,0,-4.185,1,0.0849,0.274,0.0,0.289,0.546,95.023,4,0
3nBmy2hAqIDmMOD0VZGB7I,Lost,Kris Allen,45,198386,0,0.47,0.292,6,-9.899,0,0.0284,0.904,0.000104,0.0889,0.168,66.109,4,0
1ia62vfFbklbRgNfx0CPC5,Arcoíris,J Balvin;Mr Eazi,1,187120,0,0.611,0.781,2,-5.261,1,0.149,0.08,0.0,0.264,0.413,186.162,4,0
1opxtm6zIv7IF19S0eCtvV,Thug Le,Salim–Sulaiman;Vishal Dadlani;Shweta Pandit;Amitabh Bhattacharya,56,218932,0,0.768,0.788,1,-5.514,1,0.0687,0.0992,2.94e-05,0.103,0.931,112.988,4,0
3kCn3zYPp9suJLSZGM2Yma,Let Them Know,Mabel,1,148773,1,0.725,0.864,9,-5.601,1,0.0838,0.0121,0.0,0.0796,0.839,124.981,4,0
6syg8RynNDAGu22JTpOPeT,Dicen Que los Hombres No Deben Llorar,Felix Manuel,30,235781,0,0.761,0.912,0,-3.312,0,0.0379,0.358,4.08e-06,0.35,0.968,103.024,4,0
1GOiMxQXZUzjzH0Sxpck0B,Дежавю,kizaru,60,173725,1,0.801,0.591,2,-5.18,1,0.143,0.0186,0.0,0.108,0.231,87.509,4,0
2aJv9GhCIoE4xLu7YQteaY,Give a Little Dub,Dub Pistols;Bunna;Barry Ashworth;Will Hensel,14,256920,1,0.632,0.735,1,-8.107,1,0.0401,0.00796,0.0243,0.349,0.686,142.06,4,0
32TKQVwtSGCHIqmbmaNdFj,Dreams Never End - 2015 Remaster,New Order,58,195306,0,0.606,0.913,9,-7.865,1,0.0417,0.0154,0.905,0.326,0.817,146.15,4,0
6RcDE3raQ0X2SRdmFTfZVk,On & Off Loyalty,Shane O,18,214943,0,0.631,0.661,7,-8.808,0,0.25,0.279,2.67e-05,0.0647,0.314,169.895,4,0
3KMPY8RvRII2du31Cjl8Jg,Sanu Ek Pal Chain,Nusrat Fateh Ali Khan,39,575936,0,0.509,0.731,6,-4.475,1,0.0397,0.451,0.00389,0.411,0.641,147.97,4,0
4c6TLCloabznNl7mVaHENs,Blunt Against the Cutting Edge,Napalm Death,12,183200,0,0.199,0.998,6,-4.425,0,0.162,2.6e-05,0.00682,0.0419,0.038,107.331,4,0
3OPfGZ252zPTSTsUA8fKfC,Tech Power,Extra Terra;Urbanstep,38,290406,0,0.619,0.885,10,-4.309,1,0.0592,0.0234,0.48,0.111,0.227,100.007,4,0
5AxTA7EKcIiqc51nfBoKl2,Snilepisk,Kvelertak,20,172906,0,0.133,0.944,0,-4.561,1,0.129,4.09e-06,0.919,0.32,0.306,86.603,1,0
15SAAkMN4UoJGKTTfp7dpj,Rasta Words,Horace Andy,27,253493,0,0.649,0.559,9,-8.074,0,0.191,0.202,1.28e-05,0.0746,0.52,167.334,4,0
1cXRIBsLi3bdf68PYku6mo,缺氧,Jill Vidal,19,211029,0,0.707,0.429,1,-7.716,1,0.0329,0.355,0.0,0.062,0.591,139.966,4,0
5sbX4in3ESMiRbdMa34gBO,L'jotsja pesnja,Nikolay Nikitskiy,0,251216,0,0.315,0.489,1,-7.958,0,0.0782,0.967,1.13e-05,0.963,0.233,78.807,3,0
0MnkYKTdRkLk1tCywpPP82,"Dies irae, LWV 64/1: Dies irae dies illa",Jean-Baptiste Lully;Chœur De Chambre De Namur;Millenium Orchestra;Cappella Mediterranea;Leonardo García-Alarcón;Sophie Junker;Judith van Wanroij;Matthias Vidal;Thibaut Lenaerts;Alain Buet,25,67320,0,0.249,0.333,5,-13.157,0,0.0372,0.941,0.158,0.318,0.48,115.045,4,0
3B72prJPOqGB5GZxM4l7lp,Reminisce (feat. Natty Campbell) - Matt Neux Remix,Toronto Is Broken;Matt Neux,41,269497,0,0.624,0.945,10,-2.002,0,0.0442,0.000945,0.0113,0.713,0.39,87.496,4,0
6u3HTPvOxhVWllNhu07vvA,Hold On Loosely,38 Special,0,279754,0,0.565,0.707,9,-5.65,1,0.0298,0.0101,8.16e-05,0.0851,0.831,127.222,4,0
72VBmMUTEVWFcDUVgMbqo0,Atlantis - Sped Up Version,Seafret,73,212443,0,0.425,0.544,9,-7.105,0,0.0292,0.0562,0.0,0.115,0.138,90.043,4,1
5DzPGMtNwGPCnVmeNcLywA,Hate Myself,Fuck On the Beach,16,133040,0,0.279,0.993,8,-2.279,1,0.116,3.14e-06,0.817,0.0841,0.0569,109.718,4,0
5kf27BqmZG25H7Jy0XEsZp,Grains,alva noto;Ryuichi Sakamoto;Ensemble Modern,12,384000,0,0.219,0.0882,10,-28.521,1,0.0393,0.811,0.912,0.1,0.0313,113.624,5,0
71eQAhfmjJxlFZcs2tuwFT,Victoria's Secret,Jax,0,176124,1,0.586,0.556,6,-7.639,1,0.0592,0.00655,0.0,0.0836,0.517,167.018,4,0
2hmHlBM0kPBm17Y7nVIW9f,My Propeller,Arctic Monkeys,63,205746,0,0.415,0.657,9,-6.758,0,0.0295,0.052,0.0552,0.233,0.69,115.752,4,0
2YV72xoBABjhuNGlqxYniR,Perdição / Apê 1001 / Pode Ficar - Ao Vivo,Di Propósito,41,300553,0,0.455,0.665,4,-8.579,0,0.0593,0.843,0.000593,0.272,0.849,143.444,4,0
6yJUTxxr6IDc6A9nsQAoGy,Represent,Bacao Rhythm & Steel Band,17,199398,0,0.717,0.513,4,-7.916,0,0.0337,0.00956,0.813,0.112,0.79,92.968,4,0
6X15g6tStyh5vmC9wfM4RP,Buffered White Noise,Meditation Spa;Spa;Deep Sleep Relaxation;White Noise Nature Sounds Baby Sleep;Mute Button;Spa Relaxation & Spa,33,93451,0,0.0,2.03e-05,1,-9.316,1,0.0,0.186,0.00105,0.497,0.0,0.0,0,0
1KHk7GFwXIMW2yUvTkjCKQ,"Divertimento No. 11 in D, K.251 ""Nannerl-Septett"": 4c. Menuetto (Tema con variazioni): Var. II",Wolfgang Amadeus Mozart;Heinz Holliger;Hermann Baumann;Michel Gasciarrino;Henk Guldemond;Orlando Quartet,5,81466,0,0.638,0.0559,9,-19.111,1,0.0589,0.936,8.31e-05,0.213,0.615,111.141,4,0
1nBDeSiqD2z1ofv9hEttfi,History,Ron Trent,5,642619,0,0.77,0.642,7,-10.841,1,0.0756,0.0206,0.914,0.102,0.369,124.073,4,0
463jvTBlNaxfX7Sg5El4Y0,De to spellemenn - 2013 edition,Myrkgrav,20,169879,0,0.41,0.923,10,-5.385,1,0.0642,0.0662,0.0,0.322,0.386,110.027,5,0
7d5YihYn8oYaP9uQCWC2uG,Emaciated Holy Figure,Incantation,17,226400,0,0.154,0.726,7,-8.868,1,0.0891,8.06e-05,0.938,0.384,0.0631,86.424,4,0
1a17Gt5Vh0HTKFCZr8Pctk,#Natural,Paty Cantú;Juhn,0,226605,0,0.791,0.841,0,-3.267,0,0.0471,0.0913,0.0,0.0913,0.828,97.037,4,0
0QClTV1SGxUicck7KqG6sE,Tennessee Waltz,Floyd Cramer,11,112973,0,0.394,0.159,7,-12.68,1,0.0286,0.964,0.727,0.121,0.246,83.072,3,0
73iQZT1WYntBoZe2Jpbshv,Doxa 8 for Parisa,Siavash Amini,0,235946,0,0.53,0.874,9,-9.044,0,0.128,0.000879,0.633,0.364,0.202,141.915,4,0
0Y4Oe3WGAvpN2Pih0BLXin,Deva Deva (Tamil),Pritam;Sid Sriram;Arijit Singh;Jonita Gandhi,16,276964,0,0.56,0.728,0,-7.151,1,0.0445,0.653,0.00662,0.104,0.393,112.045,4,0
4nfe5Us2eOihuKjI974MS9,"Rain, Rain Go Away",Belle and the Nursery Rhymes Band,55,48750,0,0.82,0.385,0,-9.019,1,0.0307,0.63,0.0,0.113,0.654,92.045,4,0
4BlTRgkqWq9Hh1KJpxfUJr,Spirituel,Georgio,38,213659,1,0.578,0.713,2,-8.106,0,0.293,0.374,0.0,0.193,0.358,145.351,4,0
1ap4zdsBydWPSXJqDBqtNL,Like You Do,D.O.D;Raphaella,58,152224,0,0.69,0.847,6,-4.565,1,0.0374,0.0145,0.041,0.0777,0.49,124.015,4,0
3VS1hkofsGq4NwkYdAYL1l,Secreto,Anuel AA;KAROL G,2,258799,0,0.807,0.803,11,-4.156,1,0.126,0.6,0.0085,0.136,0.706,91.982,4,0
3IW6WWv5CeCgSyNwL9UmJr,fighter,Prateek Kuhad,40,235402,0,0.456,0.455,1,-7.53,1,0.0305,0.668,1.05e-05,0.0936,0.132,116.504,4,0
0PYPP7JIf0jja7WOjQPuVS,Just Another Fool,Screeching Weasel,25,148440,0,0.434,0.903,7,-5.975,1,0.0427,3.94e-05,0.0516,0.0857,0.439,97.003,4,0
1GmtLCbEUyn94Qzx0gxHc0,Vai Mudar (feat. João Santana),Irmão Lázaro;João Santana,40,248200,0,0.564,0.826,7,-2.313,1,0.0363,0.424,0.0,0.96,0.646,137.97,4,0
4QzJOTh94tmzsR1lV6mfML,Vannu ninte,Sajeer Koppam,25,350824,0,0.546,0.672,4,-5.988,0,0.0744,0.146,0.0,0.216,0.551,134.576,3,0
7pNQQkZ7VHvvr1Y6wcmqZa,風に吹かれても,Keyakizaka46,22,221506,0,0.705,0.906,4,-2.734,0,0.119,0.344,0.0,0.328,0.851,125.925,4,0
191N9EutKkjp93Dcn5zWgX,親密愛人,音樂磁場,22,271560,0,0.743,0.336,6,-14.684,1,0.0301,0.892,0.00348,0.0983,0.439,112.305,3,0
3ZNOHVQAzLv7FhPYxlL31d,Dope,Demeter,50,185674,0,0.874,0.634,11,-6.672,1,0.126,0.202,0.61,0.0895,0.136,88.115,4,0
2wmQki14Gwt1gZUQdrWI1W,"Four Pieces For Piano, Op. 119: II. Intermezzo in E Minor",Johannes Brahms;Karin Lechner,0,289240,0,0.258,0.0478,4,-26.069,1,0.0505,0.993,0.902,0.113,0.0859,65.37,3,0
4D9QMZ3n8OupOPdxU0MMBS,Make A Move,EMMA WAHLIN,55,189146,0,0.822,0.591,9,-6.615,0,0.0515,0.0133,0.147,0.114,0.384,124.015,4,0
57ebBLITHpRgRKGrlbxMZS,Faithfully,Journey,68,267080,0,0.202,0.644,11,-5.212,1,0.0324,0.0979,0.0,0.109,0.252,85.04,5,0
3rTDI5zFvAWhcDW77ePuxp,Universe Inside Me,Liquid Soul;Vini Vici,46,481738,0,0.687,0.834,7,-7.699,1,0.0823,0.00413,0.893,0.0608,0.055,137.985,4,0
43Vyj3R8vMlFNVB2gqrsAM,Surfin' Cow,The Dead Milkmen,33,212173,0,0.576,0.763,0,-9.279,1,0.0448,0.000645,0.322,0.0733,0.705,129.612,4,0
6o1FVTYG4U74SQN5i5M53Q,Lacoste Listrada,Mc Kanhoto;MC Cassiano;Mc Xang;DJ Faveliano,43,217411,1,0.649,0.563,4,-5.606,0,0.147,0.57,0.0,0.103,0.578,112.369,5,0
3LXpZ28ebxPHH1aUc9167L,Ah Yeah!!,Sukima Switch,50,308066,0,0.481,0.933,8,-5.447,1,0.0445,0.00505,3.25e-06,0.044,0.502,140.061,4,0
1F0i0Ynrv28aAvycSLsugZ,"Kesariya Rangu (From ""Brahmastra (Kannada)"")",Pritam;Sanjith Hegde;Sid Sriram,59,278377,0,0.555,0.596,0,-7.278,1,0.0298,0.665,1.05e-05,0.108,0.352,94.2,4,0
30czRkzbE2SaDp5139eHew,Zieh dich aus,Ufo361,39,227137,1,0.809,0.509,2,-7.572,0,0.237,0.371,0.000911,0.102,0.174,126.945,4,0
5frWFPeKH8Pam3rKLFCytt,Carpinteiro do universo,Marcelo Nova;Raul Seixas,35,275533,0,0.619,0.546,4,-11.055,1,0.0293,0.282,3.24e-06,0.132,0.386,100.454,4,0
0I4yYE831a8SW8QIx6bz4x,Crimson & Clover,Tommy James & The Shondells,58,209640,0,0.408,0.692,11,-9.478,1,0.0685,0.235,0.0255,0.197,0.684,82.499,4,0
2XP7Is6c69WaPgX2Kr65l7,Problemão - Ao Vivo,Hugo & Vitor;Clayton & Romário,62,137957,0,0.582,0.891,1,-4.709,1,0.0947,0.538,0.0,0.378,0.661,155.907,3,0
4fJLhUt5v9cR6x0AqTYRky,Volverás,Estela Nuñez,30,231146,0,0.255,0.342,0,-9.902,1,0.0339,0.795,0.0,0.173,0.342,80.873,3,0
1sD9vqr4ariNYWc4ifbpOi,Amor Ausente (En Vivo) (with Abel Pintos),Eruca Sativa;Abel Pintos,45,358000,0,0.438,0.614,10,-8.786,1,0.0381,0.00247,0.00193,0.95,0.346,140.042,3,0
3GOkkTrUcv0ICSznFW2B8J,Nada por mim - Acústico,Kid Abelha,45,166306,0,0.516,0.471,2,-10.508,1,0.0299,0.595,4.28e-06,0.785,0.361,128.183,4,0
40FvNcBeirJxKWUNd0rKlK,Chau Chau Maria,Los Brios,30,206200,0,0.528,0.481,0,-8.846,1,0.0271,0.107,7.55e-06,0.115,0.513,159.721,4,0
0kzmBBR1Jjx5zBZKx9lsJr,Legend,Sidhu Moose Wala,62,278622,0,0.754,0.845,10,-2.554,0,0.161,0.126,0.0,0.603,0.793,86.978,4,0
5FQXMRDSTkn9fowDJ3kZo8,You're Going Down,Sick Puppies,66,187346,1,0.49,0.833,6,-5.899,1,0.0487,0.0116,0.000504,0.15,0.39,89.981,4,0
2dEjGfMHtd0LxYIDrfnmHT,Trouble,The Jayhawks,21,289800,0,0.489,0.402,9,-10.111,1,0.0311,0.0749,2.58e-05,0.118,0.368,140.085,4,0
4S4k4hzFHBuTFDQ1NxcHM3,Maradona - lofi remix,The Chainsmokers,0,128552,0,0.692,0.369,5,-9.061,1,0.0988,0.931,0.000778,0.105,0.166,77.512,4,0
6vmdV1NsKisfobiqyg2kG3,Pushed Again,Die Toten Hosen,39,230773,0,0.354,0.736,0,-4.222,1,0.0475,0.0202,0.000433,0.103,0.208,114.22,4,0
7huPZuYrinI8IETL1ihSq4,Alabaster,Andrew Bird,0,192160,0,0.377,0.362,7,-7.255,1,0.0354,0.686,2.92e-05,0.135,0.262,180.991,3,0
4sDTT89ejzGwoYTgX7r5i6,Jacob's Ladder,Hatred Surge,17,65975,0,0.296,0.993,6,-6.452,1,0.147,1.34e-05,0.913,0.192,0.0702,94.312,4,0
6McrZ0O8ruEiiQgOHZjvop,Anything And Everything,Montell Jordan;Redman,23,261866,0,0.898,0.657,6,-3.814,1,0.148,0.00866,0.0,0.0523,0.964,95.181,4,0
4M0ezYulsUFJDrKk9d58y6,Piece Of Your Heart,MEDUZA;Goodboys,0,152913,0,0.677,0.744,10,-6.806,0,0.0296,0.0405,0.000153,0.074,0.631,124.077,4,0
3jVU4LpHVHClU0YDJ8VBqz,Counterpart,Bonobo,48,332733,0,0.676,0.606,5,-12.167,1,0.0349,0.604,0.826,0.0804,0.0911,121.013,3,0
5vTSnZTmS1gMiWuA9kDE19,Futile Devices (Doveman Remix),Sufjan Stevens,63,135443,0,0.462,0.187,4,-19.991,1,0.0304,0.954,0.847,0.0985,0.252,140.096,4,0
2ZqucnGhfTDTF9DCyWN22t,"Piano Sonata No. 11 in A Major, K. 331: I. Variation 2",Wolfgang Amadeus Mozart;Christoph Eschenbach,11,80533,0,0.414,0.0282,9,-27.009,1,0.0582,0.996,0.853,0.132,0.495,119.178,3,0
6OYgBAP07DzGO7GuRTRQkJ,"1, 2, 3",Sofía Reyes;Jason Derulo;De La Ghetto,0,201526,0,0.792,0.895,1,-3.112,0,0.0587,0.165,0.0,0.0501,0.793,94.968,4,0
2HegWuw33lBqopjopozt7N,O Preço - Ao Vivo,Charlie Brown Jr.,51,193933,0,0.417,0.959,3,-5.853,0,0.154,0.0741,0.000243,0.764,0.522,82.771,4,0
3JTW3jYsXWST0qp1y3uJ5H,Rockin' Around The Christmas Tree - From The Kacey Musgraves Christmas Show,Kacey Musgraves;Camila Cabello,0,124240,0,0.745,0.598,10,-6.053,1,0.0975,0.129,0.0,0.678,0.789,148.906,4,0
24ScIVXgdaSX3qijPR6HFP,Thunderstorm Sounds,Rain Sounds,38,360000,0,0.164,0.547,10,-20.848,0,0.0759,8.14e-05,0.969,0.357,0.0233,114.325,4,0
2yNGARwYc253fKGIy0CoyO,Old Man,The Wailin' Jennys,44,191360,0,0.699,0.138,10,-13.479,1,0.0318,0.864,8.79e-06,0.116,0.287,80.505,4,0
5zfRl79umXWvKoA7p4KEPa,"Tip Tip (From ""Sooryavanshi"")",Tanishk Bagchi;Udit Narayan;Alka Yagnik,70,250287,0,0.709,0.929,5,-1.583,0,0.061,0.0431,0.00648,0.125,0.477,103.01,4,0
3tIwZrNqHy9PFxVTei9djX,21 Reasons,Nathan Dawe;Ella Henderson,0,155253,0,0.621,0.785,6,-4.499,1,0.11,0.0165,5.92e-06,0.0512,0.779,123.96,4,0
2epQNPp4X972vjCUgewrQA,クルクルかき氷,≠ME,32,241706,0,0.452,0.889,7,-3.204,1,0.0531,0.0303,0.0,0.381,0.876,181.886,4,0
2z3cjnPwtJGj6Z0kpMZtvG,Ella Prashamsayum Ella Pukazhchayum,Viju Jeremiah Traven,19,367680,0,0.494,0.54,4,-8.543,1,0.0312,0.192,1.22e-05,0.093,0.16,130.561,4,0
1TeIFb2AIbExCZjInMxGha,Azonto,Fuse ODG;Tiffany Owusu,53,232255,0,0.888,0.923,6,-3.516,1,0.137,0.117,0.0,0.0522,0.945,125.985,4,0
0vDT7KhQ3w6EfvVYiuiUtq,Guten Flug,Lugatti & 9ine,37,225387,1,0.81,0.751,9,-5.591,0,0.24,0.414,0.000202,0.5,0.76,155.03,4,0
1iCHl2R7xoEsh7CvYe5Ej0,My Favorite Things,Julie Andrews,57,140893,0,0.622,0.247,1,-12.472,1,0.0758,0.87,0.0,0.14,0.627,114.417,4,0
1IARNA3zsu39Kul2ov9n3J,King,Fireboy DML,56,165040,0,0.856,0.596,3,-6.067,1,0.0709,0.242,0.0,0.0995,0.588,99.986,4,0
2T0UvW7N9WXIJfsF4vgZf4,Let's Sing The Vowels,Mark D. Pencil,10,131440,0,0.952,0.854,1,-8.304,1,0.195,0.0813,3.27e-06,0.121,0.638,116.942,4,0
68nFvNL5tmqQ3F9maDbX7s,Atmosphere,The Nixons,27,237733,0,0.454,0.899,8,-4.662,1,0.0425,0.0013,0.219,0.107,0.292,127.988,4,0
2RuYfjedS5DW26ejCu5nZC,Together,Jay Aliyev,46,229524,0,0.685,0.701,0,-10.272,0,0.0363,0.0354,0.796,0.109,0.2,100.003,4,0
1nS8PR4EyWI6rLiCfAGlT6,Vento No Litoral,Legião Urbana,44,366373,0,0.55,0.214,0,-14.945,1,0.0308,0.662,0.000229,0.104,0.0752,120.407,4,0
1We89SAonMk70QBbfXERxa,Nazm Nazm,Arko,71,226941,0,0.62,0.627,7,-6.187,1,0.0307,0.497,0.0,0.133,0.557,82.008,4,1
7KaqcST5QdMTGPCKWW9ayv,Davidian,Machine Head,0,296626,0,0.276,0.937,7,-6.952,1,0.163,0.000531,0.123,0.227,0.306,153.814,3,0
0aDTaI6pxKLiy0vcmHebZR,Tu Alma Mía / Adelita,Todos Tus Muertos,36,233266,0,0.546,0.464,9,-18.492,0,0.0638,0.00383,8.78e-06,0.224,0.731,116.327,4,0
7AiUG3LelStERLJbmEBXjd,Tata fatiguée,Vaudou Game,17,223350,0,0.76,0.667,8,-6.134,0,0.0536,0.306,0.000189,0.089,0.946,109.774,4,0
1YwV5exHom240IG2pHNGks,La Gata Bajo la Lluvia,Devil Presley,36,226826,0,0.558,0.546,7,-5.117,1,0.0261,0.00152,1.58e-06,0.06,0.369,94.624,4,0
1f9jv3jIHqwZhVW7NMAgYN,Mouth for War,Pantera,1,236720,0,0.361,0.97,8,-5.69,0,0.0837,6.58e-06,0.000162,0.039,0.561,156.96,4,0
3q5Ze7QksOVd2ES9YzdfsE,As curvas da estrada de Santos,Kid Abelha,40,262560,0,0.51,0.674,9,-6.274,1,0.0296,0.0811,1.28e-06,0.105,0.422,77.46,4,0
7aUpz4xUIt70v0Q6kXEP2T,Two-Player Game,Will Roland;George Salazar;Be More Chill,22,242732,0,0.59,0.616,2,-7.261,1,0.133,0.145,0.0,0.596,0.581,111.685,4,0
5qIu7xWmsp8UMxnJbSDaU5,Dígale,David Bisbal,37,264506,0,0.564,0.451,2,-7.928,1,0.0303,0.597,0.0,0.131,0.315,129.981,4,0
3DGv7g1poqft9DSaVRk6O2,Slidin',Jason Derulo;Kodak Black,0,156300,1,0.695,0.884,11,-1.953,0,0.172,0.106,0.0,0.134,0.803,100.088,4,0
0q3xjsUpk7stvWNhvaxku3,No Existe el Amor,Cesar Costa,39,135706,0,0.514,0.408,9,-8.999,0,0.0364,0.835,0.0,0.193,0.854,89.76,4,0
36JWXzz773ljAGmwwz4ISZ,Christ Our King - Live From Camp,Passion;Rachel Halbach,52,365185,0,0.301,0.47,1,-7.896,1,0.0314,0.195,0.0,0.113,0.0724,74.912,4,0
12V0iduYsoXxsQYTSeFB2H,Viah,Jass Manak,59,162441,0,0.533,0.757,7,-6.73,0,0.0453,0.00733,0.0,0.111,0.358,169.975,4,0
6VuztO5yaKP4VjqSkZxpan,On My Own,Ashes Remain,69,172960,0,0.361,0.871,8,-4.313,1,0.0393,0.0119,0.0,0.318,0.575,176.026,4,0
3hGwUpndi1F8yEISLTJ0oH,Dervish Dream,Karunesh,49,354773,0,0.625,0.534,0,-13.765,0,0.042,0.751,0.891,0.0934,0.459,159.963,4,0
2zlyAYVqLjx4Bp9p0yE3UD,Man Er Som Man Er,Laus Høybye;Krummerne,29,172306,0,0.747,0.612,8,-7.631,1,0.0347,0.339,0.0,0.225,0.796,124.906,4,0
7zrxUrilLtTk4XnT5G7zF8,Frosty The Snowman,Ella Fitzgerald,0,131733,0,0.579,0.502,8,-7.57,1,0.0513,0.733,0.0,0.281,0.836,76.783,4,0
788U1Sqej9M6c4iikuDGxO,I've Just Seen A Face - Remastered 2009,The Beatles,60,125040,0,0.647,0.56,9,-8.809,1,0.0387,0.723,0.0,0.118,0.913,120.418,3,0
6GIyHERNueurRclzAG3r0r,Agora,Pablo,51,216386,0,0.691,0.669,0,-6.131,1,0.0325,0.339,0.0,0.663,0.752,131.892,4,0
5B1fUGBm5LF3V9UlAYpLpf,All Things New,Hillsong Worship,36,251264,0,0.369,0.637,11,-6.279,1,0.0299,0.0443,0.0,0.179,0.121,75.37,4,0
0xLs3BAVFa05aBabrqHdnT,Let Him Go,Beenie Man,21,203853,0,0.763,0.966,1,-4.684,1,0.0926,0.689,0.0,0.0962,0.914,93.675,4,0
7ACdv0ADFL7ICH024UhDKt,This Is the Way,Muffin Man,52,68663,0,0.864,0.623,2,-9.346,1,0.0418,0.048,1.79e-05,0.0546,0.86,108.011,4,0
1eVGIJZMTyms9dpWI70aJi,呼吸之間,Janice Vidal,52,253994,0,0.334,0.367,9,-10.719,1,0.0428,0.929,2.11e-06,0.114,0.344,172.116,4,0
3GXSywNvYLAVUCtjMHkKDh,E. Coli (feat. Earl Sweatshirt),The Alchemist;Earl Sweatshirt,72,132147,1,0.322,0.555,11,-8.726,0,0.129,0.208,0.00437,0.325,0.397,96.019,3,1
6UIo6YbaXihIZ72MWUpcGb,KILL4ME,Marilyn Manson,59,239240,1,0.635,0.688,11,-6.136,0,0.0346,0.0023,1.07e-05,0.507,0.389,107.989,4,0
5JsvjL3K6evbrybb49X7SQ,Cool It (No Saints Remix),Spice;Epik Jones;No Saints,29,144039,0,0.911,0.676,1,-7.684,1,0.251,0.128,0.00181,0.21,0.82,100.062,4,0
6qiMP3Tp76AWK6l6DQO7zf,Dip and Get Low,Stanton Warriors;Rodney P,18,342200,0,0.778,0.86,0,-9.231,1,0.0469,0.000622,0.79,0.11,0.75,131.983,4,0
0I0l2Oo5zjpCEphpDJL0Pm,Rain - Long Ver.,Motohiro Hata,44,447306,0,0.588,0.604,9,-7.602,1,0.024,0.343,6.86e-05,0.252,0.351,92.02,4,0
40LYL1Z6xgCn5cBybo5K0D,It's Quiet Uptown,Renée Elise Goldsberry;Lin-Manuel Miranda;Phillipa Soo;Original Broadway Cast of Hamilton,62,270171,0,0.484,0.187,5,-14.076,1,0.0423,0.796,0.0,0.0785,0.227,129.753,4,0
6ZiaGtb94L6LtRbC3yHkJW,Life Deprived,Old Man's Child,18,289346,0,0.183,0.887,1,-5.99,1,0.058,2.99e-06,0.893,0.356,0.15,157.824,4,0
3CK5nDmST2vWnlp5ijkjVK,Brigas por Nada (feat. Coral Resgate) - Ao Vivo,Sorriso Maroto;Coral Resgate,48,245453,0,0.54,0.829,0,-5.212,1,0.0484,0.802,0.0,0.287,0.392,147.868,4,0
1RVTajC8zGg23t4Eb1Lrbc,Self-Obsessed,Paradise Lost,21,187146,0,0.492,0.894,5,-5.707,0,0.0407,1.92e-06,0.198,0.308,0.619,121.567,4,0
7K7bEVvrAhPVs1ml3dPvEe,Schmeiß mein Leben auf den Müll,Fynn Kliemann,38,249309,0,0.6,0.555,3,-6.038,0,0.132,0.358,1.53e-05,0.16,0.179,149.787,4,0
7baQa5vlB6cwUMOAW6sbD4,Animals,WE ARE FURY;Jordan Tariff,37,139034,0,0.603,0.707,0,-5.667,1,0.0355,0.0253,1.75e-06,0.381,0.293,144.971,4,0
5XqLSpVjuCDzR5Frj0gJbH,Na Hora do Adeus - Ao Vivo,Matogrosso & Mathias,48,238560,0,0.576,0.804,9,-3.616,0,0.038,0.231,0.0,0.953,0.452,98.197,4,0
4oweCKNeJoLEp3qpcLz0OC,Essa Semente (Ao Vivo),Vou pro Sereno;Grupo Fundo De Quintal,45,218806,0,0.637,0.805,5,-5.852,1,0.0997,0.569,0.0,0.121,0.94,104.007,4,0
6ty2XoMAhwS2WRevhjQeb3,Tendência - Ao vivo,Jorge Aragão,39,213946,0,0.69,0.503,9,-11.697,0,0.0568,0.753,2.97e-06,0.319,0.446,100.979,4,0
6A28sLdLOf9vohN5LVl5KR,All Shook Up,Elvis Presley,58,117360,0,0.688,0.468,10,-12.503,1,0.15,0.89,0.000134,0.177,0.946,74.832,4,0
5m5MfbKRYr51hWN2bfpacp,Loneliest Time Of Year,Mabel,0,202693,0,0.517,0.609,7,-5.702,1,0.0291,0.0631,0.0,0.106,0.239,92.093,4,0
1aJwIrmZskcIVeegeZBz5E,Mil e uma noites de amor,Pepeu Gomes,47,352306,0,0.614,0.949,5,-6.93,0,0.0386,0.146,2.17e-06,0.472,0.67,107.955,4,0
2bqiPb1Hd6bMyUejpRbaev,Korken knallen,Nancy Franck,36,196345,0,0.665,0.956,7,-2.357,0,0.0463,0.013,0.0,0.819,0.651,136.017,4,0
3Ekxe3nbNCk5gUyN7KcnfR,Som en rastaman,Allyawan,23,229503,0,0.586,0.778,4,-6.884,0,0.276,0.0938,0.0,0.107,0.699,172.001,4,0
2Vs8sz6bl3M8tmczyaVjrs,Nasty - Cheesecake Boys Club Mix,Crazibiza;Cheesecake Boys,0,284160,0,0.788,0.981,1,-3.82,1,0.0572,0.00104,0.856,0.0198,0.684,125.006,4,0
16f5nKCHNOL2NjBA45xIoH,"Mary, Did You Know?",Jim Brickman,0,202630,0,0.39,0.091,2,-18.195,0,0.031,0.983,0.908,0.0769,0.0744,61.324,4,0
1Lqt8O5Jrypii9xqdB0pON,Babylon Fallin',DJ Sneak,11,490119,0,0.788,0.931,1,-6.765,1,0.073,9.52e-05,0.79,0.0312,0.725,126.013,4,0
5IJ9Q8VXDqD01m41OUF4hV,What Christmas Means To Me - Single Version / Mono,Stevie Wonder,0,148146,0,0.545,0.7,5,-6.961,1,0.0323,0.0982,0.0,0.1,0.799,83.506,4,0
13YWp1iozoy7YACZsRqRnK,Humans Love Me,T78,54,304000,0,0.673,0.874,9,-7.17,1,0.085,0.00063,0.696,0.134,0.239,135.004,4,0
7uGnS3Yp6gLPjSY8O3LqNd,Transport,White Noise Baby Sleep,35,132744,0,0.161,0.962,10,-21.869,0,0.0819,0.726,0.49,0.202,0.00655,129.087,1,0
2L9tF2fgLtHCGcS4jF7aMw,Mesele2,Stabil,43,195213,0,0.705,0.515,4,-14.346,1,0.0466,0.91,0.25,0.114,0.678,84.985,4,0
1aWpEHa4XrPz9H2Fqhav4S,Bobby Brown Goes Down,Frank Zappa,0,169066,1,0.602,0.557,0,-10.321,1,0.178,0.253,0.0,0.11,0.765,135.868,4,0
6SRWhUJcD2YKahCwHavz3X,Darkside,Alan Walker;Au/Ra;Tomine Harket,75,211680,0,0.43,0.606,4,-5.115,0,0.0431,0.131,0.0,0.173,0.123,169.988,4,1
6qVA1MqDrDKfk9144bhoKp,Bebek,Acil Servis,38,319933,0,0.486,0.485,5,-12.391,0,0.0331,0.00446,1.69e-05,0.369,0.353,120.095,4,0
5QjuTblPokfD03fkfHUuVK,"Hang Me, Oh Hang Me",Dave Van Ronk,54,190106,0,0.504,0.0273,2,-21.441,1,0.0415,0.931,1.1e-05,0.109,0.395,120.24,4,0
2Qd3WSAVk0JJ6xrJpJqUEd,Revenger,F.O.O.L,34,222562,0,0.595,0.879,2,-3.83,1,0.0347,0.00048,0.848,0.115,0.166,110.012,4,0
5pvHO1kSuob4imoiqa3fey,Salió El Sol,Don Omar,0,317280,0,0.886,0.708,4,-5.915,0,0.0911,0.107,0.0114,0.044,0.965,109.976,4,0
6feurIHW6vyqq9OGOieSVo,Venus,Frankie Avalon,33,142200,0,0.57,0.547,10,-9.11,1,0.0283,0.669,2.01e-05,0.0849,0.714,115.146,4,0
6cbW2scRULV7RnFT4u8gnA,Sidhu Son,Sidhu Moose Wala,59,217142,0,0.571,0.732,7,-6.068,0,0.154,0.116,0.0,0.378,0.584,82.825,4,0
37jvkpPCKoleuGuRplA5JA,Swim - Blackjoy Version,DJ Cam,19,213293,0,0.763,0.757,1,-7.755,0,0.0342,0.0587,0.55,0.189,0.876,117.013,4,0
0xOIqJadsikka2so1zhghO,Alone in the Dark Mansion of Madness,Harley Poe,26,403911,1,0.335,0.696,9,-9.472,0,0.0307,0.642,0.0,0.12,0.403,95.24,4,0
2iUFSTafPaK4IETG3FbUcw,India,Fungus Funk,40,356000,0,0.66,0.966,11,-5.369,1,0.0479,4.74e-05,0.678,0.308,0.132,145.999,4,0
2RotDMmg3PeoEFLiqsXUS7,When You Look at Me,Sara Kays,0,170375,0,0.641,0.293,2,-10.711,1,0.0291,0.836,0.0,0.217,0.373,129.849,4,0
0akp96dzRtVRv1Gi38zSwG,You Saved My Soul,Bryan & Katie Torwalt,23,229320,0,0.373,0.37,2,-12.215,1,0.0276,0.234,0.0294,0.106,0.149,77.853,4,0
5jVZ30CRGKtJSW28BGHngB,I Love To Learn,Hip Hop Harry,11,115333,0,0.878,0.447,11,-8.132,1,0.0945,0.0142,0.0,0.187,0.96,140.039,4,0
2m1i5LGICAfZWb5vqmfNrX,Ut med allt,Björn Holmgren,0,141333,0,0.606,0.591,9,-4.05,1,0.0305,0.106,0.0,0.0859,0.427,128.097,4,0
5zeEJ1VgT5AKvxSsnYMloY,"Metal Squad (From ""Thunder Force IV"")",Megadriver,20,214694,0,0.286,0.965,1,-5.226,1,0.18,3.51e-05,0.878,0.394,0.187,195.011,4,0
0e3yTHRm6szezE58oTf81t,Everything but You,Clean Bandit;A7S,0,198014,0,0.679,0.764,6,-5.301,1,0.0391,0.031,9.05e-06,0.0951,0.471,124.977,4,0
6YhmCXNLuVzvfc44ZB1uhM,Message In A Bottle - Remastered 2003,The Police,3,290280,0,0.568,0.808,1,-7.042,0,0.0378,0.0327,1.08e-05,0.218,0.849,151.12,4,0
1eoQsc67QBYVC4Pw84Lqk8,Vampiregirl,9mm Parabellum Bullet,1,191786,0,0.378,0.934,11,-3.702,0,0.107,0.0013,0.0149,0.322,0.602,159.829,4,0
17Iq7ApAAlNFD2FkY2YtsV,The Satanist,Behemoth,40,333826,1,0.374,0.943,6,-4.108,0,0.0556,0.000175,0.000156,0.125,0.338,112.084,4,0
6wt5fq3i6DayHetAx6ZGwv,Best Part Missing,Mike Williams,0,193636,0,0.53,0.799,8,-5.631,1,0.0551,0.0113,0.0,0.896,0.307,131.972,4,0
2vpVR1L7Qfkd7D6qFNuorq,Pierre,Ryn Weaver,61,202733,0,0.607,0.827,9,-4.282,1,0.0484,0.289,2.95e-06,0.719,0.552,100.062,4,0
2M5t4tdhZ9W3Eys2HDCjbY,tears in the club,FKA twigs;The Weeknd,0,196760,1,0.616,0.717,8,-6.178,1,0.11,0.194,9.81e-05,0.0731,0.72,167.99,4,0
7dsWVHW3noaS5KtlMmBwqQ,City Lights Spell Your Name,Miso Colt,46,210200,0,0.765,0.245,0,-12.94,1,0.0983,0.667,0.826,0.106,0.434,75.005,4,0
4BcJHAfuQXCnFtT0kesqu8,"The Nutcracker (Suite), Op. 71a, TH. 35: IIb. Dance of the Sugar-Plum Fairy",Pyotr Ilyich Tchaikovsky;Berliner Philharmoniker;Mstislav Rostropovich,0,126000,0,0.277,0.0113,4,-38.384,0,0.0285,0.769,0.00268,0.321,0.0725,102.532,4,0
6FT83pFXKhDlXDsNJFAHWz,You Never Can Tell,Chuck Berry,70,161906,0,0.525,0.852,7,-9.519,1,0.222,0.731,5.11e-05,0.218,0.884,157.404,4,0
5r9VYut4Olz5p0QAjWTwt5,Happy Holiday,Peggy Lee,0,115506,0,0.369,0.499,6,-9.301,1,0.0448,0.829,1.75e-06,0.154,0.69,192.76,3,0
3bHI0o9TLQ2jJzjr0ES7dX,"Ishare Tere (From ""Ishare Tere"")",Guru Randhawa;Dhvani Bhanushali,59,189151,0,0.707,0.941,1,-2.606,0,0.041,0.0173,3.65e-05,0.134,0.337,99.013,4,0
6kvvMuXpc0njRRmx8C27N8,Cold,Static-X,0,220400,0,0.457,0.962,0,-3.722,1,0.0495,0.000455,0.00271,0.319,0.721,150.039,4,0
4YkyJwNJc2c5RvsbEg1jKp,Egoistic Demise,Connate Exasperation,0,384962,0,0.486,0.977,7,-4.172,1,0.148,3.71e-06,0.913,0.104,0.0835,100.026,4,0
7vPaMOFsH5Rlg9rGwVlkBV,Jamás Tendrás Mi Gloria,Plan 4,24,246986,0,0.32,0.986,1,-3.266,0,0.133,7.1e-05,0.000222,0.316,0.414,175.822,4,0
0g4YiFtjtBbp8Tqdr9H2j2,Running In The Night,Firelite,23,182710,0,0.479,0.888,8,-5.997,0,0.153,0.00614,0.00105,0.339,0.225,154.86,4,0
1wzZ9SaE5PYW5jps5q1c24,Footsteps of Doom,KOHTA YAMAMOTO,49,306373,0,0.102,0.581,5,-9.61,1,0.0394,7.19e-05,0.88,0.297,0.171,79.765,3,0
0RsOUnm1wNpbXxZ8a4abOP,Amaranth,Nightwish,58,231444,0,0.558,0.859,2,-3.992,0,0.0421,0.00469,0.00196,0.0831,0.31,127.98,4,0
4i4yd6kbdea6vJdTa516dk,Christmas Calling (Jolly Jones),Norah Jones,0,200461,0,0.43,0.543,8,-6.296,1,0.0367,0.463,0.000523,0.0928,0.354,143.912,4,0
72RD8jifCUa7JtwQNSzadN,Country Outta My Girl,Morgan Evans,0,202613,0,0.448,0.932,7,-4.424,1,0.0976,0.0174,0.0,0.347,0.709,187.813,4,0
7Bcjjhemjq1HxoWkTw4X6O,The Beautiful People,Marilyn Manson,0,222773,1,0.609,0.948,9,-4.938,1,0.113,0.00404,0.0978,0.042,0.786,144.037,4,0
5D8VfHh23WSkySUEp20pKN,Never Say Die,CHVRCHES,39,263645,0,0.533,0.678,1,-4.401,0,0.0334,0.00779,6.69e-05,0.132,0.0596,111.027,4,0
4IQgbTjXZfINWOS5TKL6T0,To Let Myself Go,The Avener;Ane Brun,53,254160,0,0.773,0.842,7,-4.433,0,0.0689,0.213,0.731,0.139,0.601,118.038,4,0
6PDQQChY0Jz7440TTgsfOz,Stuck with U,Mini Pop Kids,12,215826,0,0.541,0.42,8,-6.341,1,0.0527,0.289,0.0,0.068,0.349,178.999,3,0
089RvMWm7LDTQbPNTTMCXH,Mi Muñequita Sintética,Jessy Bulbo,37,198786,1,0.62,0.849,11,-3.563,0,0.0336,0.154,3.81e-05,0.365,0.78,150.083,4,0
5p4CTFlVzdpsmO4YJyZH6N,Inner Locket,Wibke Komi,9,98666,0,0.598,0.264,3,-15.032,1,0.047,0.507,0.853,0.146,0.105,134.993,3,0
32By63ejJIcJka9uDcO0A9,"7 Minuets, K.65a: No. 5 in C Major",Wolfgang Amadeus Mozart;Wiener Mozart Ensemble;Willi Boskovsky,7,98560,0,0.592,0.0557,0,-20.601,1,0.0493,0.958,0.0373,0.0642,0.709,142.897,1,0
4jCxB08UPEgCRa1JXRNIpt,Tanuki,Susumu Yokota,12,523755,0,0.743,0.961,6,-9.085,1,0.0913,0.208,0.892,0.453,0.336,128.853,4,0
6BFqJdjynoNSJiWyznyFJ6,All I Want for Christmas Is You,Dolly Parton;Jimmy Fallon,0,244874,0,0.42,0.755,7,-5.904,1,0.0584,0.593,0.0,0.204,0.361,149.918,4,0
2KLzvAk1wr5dOIc50tPFfr,I Only Want To Be With You - Mono,Dusty Springfield,0,155920,0,0.593,0.823,7,-4.289,1,0.0293,0.167,1.13e-06,0.0856,0.953,132.697,4,0
622TQRdxU1ELBgpEkkn1SS,On the Border,The New Mastersounds,20,251186,0,0.78,0.934,11,-4.843,0,0.0426,0.118,0.738,0.0588,0.879,102.038,4,0
4CGNLY0PVsVGubWkee0lbO,Lovely - Piano & Cello,Benny Martin;The Wong Janice,38,180931,0,0.307,0.152,4,-16.993,0,0.035,0.983,0.887,0.148,0.167,127.512,4,0
1YrZuuVG0vZWvsahkSx5WC,Hello,Adele,40,295502,0,0.578,0.43,5,-6.134,0,0.0305,0.33,0.0,0.0854,0.288,78.991,4,0
2n33B7iUh4oRF37trcSq3M,Veilinghallen,Dither;Da Mouth of Madness,16,209333,0,0.592,0.964,2,0.643,1,0.182,0.00894,0.00457,0.169,0.343,179.969,4,0
4m5oQkl97FW74iVOMFgzHX,Communio: Quae mihi fuerunt,Traditional;Cappella Musicale di Santa Maria in Campitelli di Roma;Vincenzo Di Betta,0,49000,0,0.13,0.0694,11,-29.206,1,0.0578,0.975,0.000708,0.13,0.133,74.389,4,0
6JilFqhtGTaEdKH6EYf10j,Arranhão,Kevi Jonny,39,143278,0,0.692,0.661,4,-3.124,0,0.11,0.357,0.0,0.296,0.673,138.108,4,0
6PqTOT3AZ4UEhyibLGM1th,"Não, Não Vou - Passa Lá em casa",Filipe Escandurras,42,166549,0,0.611,0.767,4,-4.951,0,0.13,0.337,0.0,0.194,0.726,174.881,4,0
6itPsWk0k1sd6yffGoqR30,We Wish You a Merry Christmas,Timothy Infinite,27,133636,0,0.706,0.584,4,-8.492,1,0.0289,0.694,0.879,0.0759,0.339,131.969,3,0
3M2yijPkv7eFEdOSNG3xTV,Percuma,Slank,35,215066,0,0.307,0.632,0,-8.513,1,0.0454,0.138,0.0,0.0478,0.497,171.829,4,0
78lA0dzTRBVztaaaanp0xv,Här och nu,Thorsten Flinck,35,211266,0,0.614,0.682,9,-6.589,0,0.0243,0.0241,0.00151,0.3,0.822,104.005,5,0
6mvhi5xZsGJeWyf1uyiW0r,Lo siento (feat. Sofía Reyes),Beret;Sofía Reyes,63,232655,0,0.46,0.463,2,-6.798,1,0.0769,0.645,0.0,0.13,0.17,79.719,4,0
5phE1igsuw7TfOm07L5Ih8,Tu Eres La Que Amo,Salserin,28,275226,0,0.631,0.834,7,-5.714,1,0.0503,0.541,2.67e-05,0.0395,0.679,170.068,4,0
6t2gHlvw7kTK6M7M5f7S6K,From You,Bonobo;Joji,56,210280,0,0.655,0.499,0,-10.039,0,0.0433,0.569,0.763,0.111,0.255,140.022,4,0
6sn3FHCq2csvNkq2h9Au8V,The Riddle,Nik Kershaw,64,234840,0,0.578,0.655,9,-7.935,1,0.0277,0.121,6.91e-06,0.137,0.898,101.889,4,0
1gPJ3F2p8rwhlzr1AF58W7,Sientelo,Mefjus;Camo & Krooked,58,290742,0,0.528,0.934,1,0.42,1,0.168,0.00308,0.00614,0.084,0.41,174.91,4,0
2KWCHX9hCadTNbUhLWvDDq,Banco De Areia,Maneva;MC Hariel,47,174106,0,0.607,0.704,8,-6.567,1,0.0488,0.101,0.0,0.3,0.897,162.944,4,0
21oVuMsExsCE5URr3c9LNd,Magdalena,Quantic;Alice Russell;Quantic and His Combo Barbaro,23,205533,0,0.525,0.64,0,-7.929,1,0.0477,0.301,0.0,0.129,0.765,122.756,4,0
4QBrx05HrLnohYaS1cPGHO,Volvera,El Canto Del Loco,60,229746,0,0.568,0.892,1,-3.091,1,0.0464,0.0111,0.0,0.379,0.783,126.02,4,0
73zy4MKYPhb6PHha89j6rl,Promised Land,The Disco Boys;Jay Frog;Fabrizio Levita,0,163548,0,0.732,0.923,11,-5.217,1,0.0873,0.00219,0.0137,0.322,0.762,125.015,4,0
5z67UwAsoj82teXC8Im1RI,Elusive,Lianne La Havas,0,235666,0,0.707,0.409,9,-8.68,1,0.0348,0.484,6.09e-06,0.184,0.428,134.021,4,0
5qfEmjeLreWeSI0Sntk9f0,Sandstorms - C2 2011 Version,Carl Craig,7,474424,0,0.582,0.685,1,-13.318,1,0.0359,0.00215,0.897,0.106,0.374,119.142,4,0
4mvQh5HXuhdTh1wmiyTAQm,Acid Trax 2011 - 2011 Mix,DJ Pierre;Green Velvet;Phuture,5,557727,0,0.696,0.991,10,-5.565,0,0.0503,0.0239,0.841,0.0831,0.642,127.986,4,0
6AGOKlMZWLCaEJGnaROtF9,Put Your Records On,Ritt Momney,77,210463,0,0.399,0.491,6,-10.778,0,0.0538,0.0563,0.00089,0.11,0.151,91.066,4,1
3g3Ht5QpT6uPLmAmDVQOjj,Nightwatch Underground,Sub Zero Project,47,217599,0,0.424,0.846,1,-6.745,1,0.0649,0.000141,2.4e-06,0.0999,0.0887,160.036,4,0
5T9aWINkvC8GtmcFI2TZAb,Mercedes,Kail BRL;Tobal Mj,50,220212,0,0.847,0.631,4,-6.4,0,0.187,0.121,0.0,0.146,0.716,93.961,4,0
1nLMg38PDt2BKzAvgrvjHj,Cometas por el Cielo - Directo Mexico,La Oreja de Van Gogh,26,334733,0,0.462,0.827,4,-7.946,1,0.0627,0.0591,0.00013,0.977,0.248,142.051,4,0
1eK9FbqhWUoolfJdiQtKaO,Vem Andar Comigo - Acústico,Jota Quest,40,274539,0,0.464,0.284,7,-14.977,1,0.0307,0.778,0.0,0.695,0.458,147.137,4,0
5nXrWTKE1GSzZLLP7dqxxj,Último Dia - Ao Vivo,Templo Soul;Pregador Luo,26,304493,0,0.653,0.897,10,-5.939,0,0.161,0.184,0.0,0.541,0.513,91.965,4,0
1JMOA0BL1PvJxQ1wU7AGto,卿卿我我,葉玉卿,18,240600,0,0.722,0.548,2,-9.077,0,0.0291,0.582,0.0,0.214,0.417,106.961,4,0
4Y22ZNmlzAbwZ7b9dm9NyN,On My Way Back To The Old Home,The Bluegrass Album Band,29,152800,0,0.417,0.592,10,-13.715,1,0.0361,0.381,0.00153,0.276,0.965,153.16,4,0
7jrkBLvhjeNs7X86wL3jKf,Vanishing,Lamb of God,55,288657,0,0.533,0.983,5,-5.175,1,0.107,9.47e-05,0.49,0.136,0.12,122.011,4,0
0rTtmm1wk1CMermrvRBFyo,Here Comes The Sun,Viva La Panda,58,168960,0,0.652,0.777,10,-8.303,1,0.0317,0.00612,0.603,0.102,0.0715,124.97,4,0
2wtpyd1UwiqtGgVtGhF1jR,John Hardy,Tony Rice;Vassar Clements;Jerry Douglas;Todd Phillips;Sam Bush;Béla Fleck,25,209132,0,0.456,0.476,7,-15.652,1,0.0306,0.357,0.00308,0.302,0.963,146.198,4,0
38xEWWzVAy7TSKtdAtS71K,Eu Não sou Mais Órfão,Gabriel Brito,41,273802,0,0.407,0.697,1,-5.915,0,0.0372,0.0853,0.0,0.0894,0.137,141.873,3,0
4AuLkMqJdyQyGeShCU5ik3,Safe,itssvd;Shiloh Dynasty,67,78214,0,0.608,0.461,11,-13.083,0,0.146,0.828,0.00104,0.107,0.512,114.886,4,0
5H3JW2JiQG432dldneCyW1,September Song,JP Cooper,0,220290,0,0.614,0.615,0,-6.7,0,0.0444,0.054,0.0,0.0921,0.374,95.942,4,0
27YD36FUikKxbp3bKSiKGZ,First Time (feat. Dylan Matthew),Seven Lions;SLANDER;Dabin;Dylan Matthew,56,297782,0,0.422,0.677,11,-5.76,1,0.0365,0.251,3.55e-06,0.16,0.146,150.131,4,0
7arsXR8AtExnOFN3v3HiJI,Going Dumb,Alesso;CORSAK,65,168601,0,0.834,0.678,6,-6.242,0,0.0515,0.0546,0.263,0.103,0.551,121.995,4,0
4Gbvsz5oOesTeYiod5Wwra,Ханнамонтана,Poshlaya Molly,54,190818,1,0.566,0.906,7,-5.199,1,0.0681,0.000741,0.0,0.343,0.405,141.025,4,0
6ZcsZ7iNQ6S4t1UIV8AyRA,Beat It (feat. Michael Rose),Easy Star All-Stars;Mykal Rose,25,324226,0,0.724,0.683,3,-6.774,0,0.0292,0.00807,0.00363,0.0994,0.796,114.97,4,0
463CkQjx2Zk1yXoBuierM9,Levitating (feat. DaBaby),Dua Lipa;DaBaby,78,203064,0,0.702,0.825,6,-3.787,0,0.0601,0.00883,0.0,0.0674,0.915,102.977,4,1
4NTu70ZIAkr6ZQJVkFCTez,Killing Scum - DJ Promo Meets Shaolin Mix,The Masochist;Dj Promo;Shaolin,23,359000,0,0.646,0.992,9,-3.125,1,0.17,0.0399,0.614,0.339,0.176,151.861,4,0
2aX1zws7bVjTLbS1cYZK2W,Wind Of Change,Scorpions,0,311240,0,0.429,0.63,0,-7.392,1,0.0329,0.078,0.0,0.104,0.211,151.627,4,0
05W8PJmja6rf2jlXf57C5a,Secret Place - Live,Hillsong Worship;Chris Davenport,37,327625,0,0.301,0.297,2,-12.963,1,0.0354,0.419,0.0,0.111,0.146,129.829,4,0
4q03M26EkNeEquxx8iieyS,I Write Sins Not Tragedies,Panic! At The Disco,3,187613,0,0.565,0.792,9,-4.983,0,0.132,0.0913,0.0,0.114,0.639,170.076,4,0
5gnXJhg3zGHWvrgplrVrxH,Superstar,Joe Stone;Four of Diamonds,51,179999,0,0.651,0.753,3,-4.956,0,0.0518,0.11,0.0,0.249,0.355,123.954,4,0
6QtGvxBKckuEtXKBbqC3JX,Eye of the Storm,Pop Evil,55,234149,0,0.51,0.808,1,-5.694,0,0.0413,1.7e-05,1.91e-05,0.149,0.396,119.991,4,0
68L8UtN78zj2DbmxJwcfQU,O Côro Vai Comê,Charlie Brown Jr.,34,140303,0,0.713,0.838,0,-4.404,0,0.0438,0.0687,4.64e-05,0.363,0.975,147.602,4,0
7qxDU2QyH24KHW0OSGotVw,Short Change Hero,The Heavy,60,322266,0,0.68,0.64,1,-6.691,0,0.0336,0.29,0.00593,0.124,0.738,105.981,4,0
1Titm76tFsIqqjjITUYRfx,"É Corpo, É Alma, É Religião - Ao Vivo Na Lapa",Maria Rita,37,226694,0,0.433,0.829,6,-7.738,0,0.169,0.501,0.0,0.966,0.837,110.48,4,0
7aqbM1anoTfbbQKQqwMrER,Prioridade,Midian Lima,45,251611,0,0.44,0.489,4,-8.725,1,0.0392,0.254,0.0,0.709,0.239,94.026,4,0
06ypiqmILMdVeaiErMFA91,Drive My Car - Remastered 2009,The Beatles,65,148893,0,0.754,0.571,2,-8.547,1,0.0421,0.0173,0.0,0.3,0.82,122.463,4,0
19gCnDoMbugHhF7eMpLpe1,Honesty,Pink Sweat$,70,189000,1,0.66,0.139,6,-16.339,0,0.0323,0.964,1.1e-05,0.105,0.312,79.975,4,0
6351i7WOJI5fYE74IJFksw,Canoeiro (vinheta),Afrocidade;Nildes Bomfim,19,36006,0,0.573,0.92,11,-8.486,1,0.61,0.786,0.0,0.87,0.4,110.488,4,0
4KlL5Bwlm4yHYxr0B2rHci,Heal,Tom Odell,74,193080,0,0.445,0.179,1,-12.938,1,0.0396,0.952,0.00056,0.107,0.119,72.246,4,1
2Pt3O4v8t2PwpfHm0BD0yY,Grita,Jarabe De Palo,28,212226,0,0.49,0.694,4,-7.77,0,0.0463,0.0645,6.55e-05,0.106,0.292,200.064,4,0
6lteVRvoLsJ6sMbphN6yaC,畢業變成失業,my little airport,30,136294,0,0.423,0.607,0,-7.079,1,0.0382,0.0944,0.0,0.204,0.808,145.954,4,0
60nwvOMLA1uzLHz3CLp4Na,Airplane pt.2,BTS,60,218614,0,0.77,0.817,0,-4.092,0,0.0339,0.0265,0.000103,0.084,0.866,139.979,4,0
77O3rYXhVwwd7IGZZuzBnW,Você Não Vai Parar (Ao Vivo),André Leono;Samuel Messias,27,255976,0,0.464,0.455,9,-8.732,1,0.0337,0.334,0.0,0.31,0.131,124.154,4,0
4GBZUZe04pHVN0TLhejCSS,Coward,Hans Zimmer,52,506876,0,0.427,0.262,0,-18.505,1,0.0429,0.244,0.879,0.227,0.0405,119.983,4,0
6sJRYw9CnzDyZ3mBOAVtNN,Dulce,Los Amigos Invisibles,33,303213,0,0.758,0.819,11,-5.945,0,0.0528,0.0646,0.000168,0.138,0.827,117.971,4,0
0pSL76Z9uhRAfFd09VmF24,When The Lights Go Down,DJ Snake,42,231037,0,0.595,0.952,5,-1.892,0,0.042,0.0269,0.671,0.109,0.59,159.996,4,0
3cm4zTN16yE1lYypTRQzmL,Resurgence,Hate,21,220204,0,0.139,0.962,10,-4.629,1,0.0808,3.88e-06,0.457,0.443,0.0935,143.743,4,0
1BubUaiRcdN5mdhBS27Pkf,Las Olas del Mar,Las Olas Del Mar,31,62563,0,0.136,0.863,7,-28.098,1,0.0699,0.545,0.923,0.504,0.00766,142.748,3,0
2d8BqbuiPrQhx0lyhDGXpg,I like It Loud (DJ Mix) - Extended Mix,The Prophet,0,396252,0,0.716,0.972,10,-5.634,0,0.0416,0.000145,0.0356,0.125,0.0837,92.457,4,0
6vcyFRfnhgeyOAsHpF7HVt,百鬼夜光,夜光性アミューズ,21,177132,0,0.708,0.989,4,-4.339,0,0.139,0.0669,0.0,0.257,0.283,128.044,4,0
01ft7EehsvcgF5sjwG7LrH,Over My Head,Kai Wachi;Dia Frampton,50,238401,1,0.425,0.509,1,-5.455,0,0.0332,0.214,0.000189,0.108,0.0374,140.158,4,0
4eg6KLviLgdE9ZKLVwteq9,Es Ist ein Ros Entsprungen (Remastered 2014),Traditional;Aeolian Kammerchor,0,186567,0,0.146,0.132,5,-20.822,1,0.0408,0.993,0.734,0.107,0.0787,80.39,4,0
1louJpMmzEicAn7lzDalPW,No Promises (feat. Demi Lovato),Cheat Codes;Demi Lovato,67,223503,0,0.741,0.667,10,-5.445,1,0.134,0.0575,0.0,0.106,0.595,112.956,4,0
4nOTezy4NW6TNxyvZd724n,La Cábala,Los Miserables,36,212044,0,0.548,0.942,2,-4.994,1,0.0683,0.108,0.0,0.339,0.746,99.613,4,0
17ABEspeSa35FH8R7ikkjT,Cambalache,Juan D'Arienzo;Alberto Echagüe,21,171986,0,0.621,0.439,2,-6.849,1,0.0635,0.987,0.31,0.187,0.851,127.637,4,0
3IDF7N86lrcWaJEt9C1gbS,Cry Baby,Official HIGE DANdism,66,240284,0,0.318,0.902,1,-4.605,1,0.131,0.0116,0.0,0.393,0.437,199.844,4,0
2gwqNSjWizu6CkIdRaAr6p,Cordeiro Que Sofreu,Instrumental Worship Project from I’m In Records,35,312744,0,0.572,0.0745,6,-16.153,1,0.0314,0.988,0.949,0.11,0.152,137.708,4,0
6FZ9AGWd52u7sdvlYx0iuD,Floorpiece - Extended Mix,Romanthony,5,588416,0,0.835,0.675,11,-6.846,0,0.0527,0.0144,0.744,0.0775,0.358,127.743,4,0
7jb65juKqmYcQg5qXhJSVw,Vida Leve,Talita Barreto,35,176417,0,0.605,0.495,9,-8.534,1,0.0363,0.295,0.0,0.0868,0.546,163.851,4,0
3f7R2mM3AS3NKhPzVE8M0e,"Dein ist mein ganzes Herz - Live At Grosse Freiheit 36, Hamburg / 2018",Ben Zucker,37,217166,0,0.419,0.979,7,-4.147,0,0.166,0.18,0.0,0.915,0.271,152.967,4,0
23gcQr3NRKzLXsP9H5jFQ1,my new love,Elijah Who,64,65790,0,0.614,0.277,1,-11.943,0,0.042,0.967,0.891,0.0698,0.236,84.938,4,0
02ocOpp3OlYjjFvhvBDljE,Duality,Slipknot,0,252613,0,0.354,0.982,4,-3.026,0,0.168,0.000237,0.000301,0.204,0.194,143.79,4,0
5maosvba9QkQP14u6vtxog,Montreal,Roosevelt,58,236335,0,0.669,0.642,5,-9.004,1,0.0515,0.00221,0.834,0.203,0.838,115.973,4,0
0F245o4yDaGy2leKy2l2Ae,Jiggle,Spice;Demarco;Meeka,43,132815,1,0.603,0.687,6,-3.675,1,0.166,0.244,0.0,0.106,0.696,103.691,4,0
3Yn97I3qIj7Px0Bi4rkD2q,Evermore,Dan Stevens,64,194541,0,0.285,0.396,1,-8.741,1,0.0318,0.674,6.6e-05,0.102,0.219,79.442,3,0
1e69HpGrDdfIWAsRuBS4T4,Angeles Caídos,Attaque 77,34,159200,0,0.519,0.896,8,-9.341,0,0.0358,0.000374,7.17e-05,0.0884,0.882,128.355,4,0
3khuK9er8MWf0Ok3ubdiqQ,Mary Mary Quite Contrary - Original Mix,Cameron's Bedtime Classics,19,43000,0,0.797,0.259,5,-15.188,1,0.0624,0.921,0.904,0.113,0.476,126.353,4,0
7Kjole4GMWXuxW2f42qvku,Wenn ich dein Spiegel wär,Tourneecast 2011;Tourneecast 2012,20,249186,0,0.341,0.282,5,-11.424,0,0.0439,0.78,0.0,0.234,0.0911,176.423,4,0
4XNNf7EtykRU3gCVsnvssV,How Far I'll Go,Billboard Baby Lullabies,23,166660,0,0.383,0.15,4,-17.672,1,0.0478,0.981,0.901,0.0918,0.0592,162.736,4,0
5DPi7EE9aLbA39b3uWlv6z,A Glória,Alugiana,38,301080,0,0.564,0.73,4,-5.538,0,0.0361,0.274,0.0,0.119,0.272,131.87,4,0
2RAEtFZQd4TZexKgblZNgA,Noche De Sexo,Wisin & Yandel;Anthony Santos,0,205773,1,0.721,0.714,11,-5.436,0,0.234,0.107,0.0,0.562,0.506,94.002,4,0
6wkK6fbl1vNpdTbigZjG2v,トキトキメキメキ,Nogizaka46,18,240826,0,0.573,0.964,5,-3.487,0,0.0801,0.0331,0.0,0.221,0.74,145.061,4,0
5qSGluYlehBvgT2F9SFs9a,No + H=Harmony,Arash Azadi,0,386631,0,0.392,0.779,7,-10.917,1,0.202,0.000263,0.519,0.13,0.295,180.147,5,0
2XMb1K8wCIMeUCyp1nAnUe,Exalted Traitors,AMONGST THE ASHES,0,309833,0,0.54,0.944,5,-5.723,0,0.0445,0.000189,0.065,0.209,0.409,94.964,4,0
4mr60Kigj314AZFFruc1zY,Zita,Astor Piazzolla,19,270120,0,0.514,0.248,9,-14.946,0,0.0386,0.794,0.92,0.0922,0.201,137.035,4,0
7jckam3u2rKAPqwscTcBY1,Silver,A. G. Cook,40,122526,0,0.462,0.69,5,-7.192,1,0.0331,0.348,0.143,0.106,0.709,94.961,4,0
2nekCvC9XRXQckWNnkIp2l,Harvest Moon,Neil Young,68,299106,0,0.645,0.321,2,-12.15,1,0.0263,0.521,0.000186,0.129,0.427,112.938,4,0
6GWQkU4AmwFLNRdOhvIWKA,Escola da Vida,Mc Vzs;DJ Vilão,44,210000,1,0.737,0.496,9,-4.189,0,0.0638,0.373,0.0,0.243,0.29,80.011,4,0
7ygaeSuQR2Pn7ahgNUxslH,Head & Heart,Joel Corry;MNEK,0,166028,0,0.734,0.874,8,-3.158,1,0.0662,0.168,1.14e-05,0.0489,0.905,122.953,4,0
2CvqA0HXoBk46epUacjLaB,Bats in the Belfry,Jon Kennedy,45,258925,0,0.654,0.57,1,-7.408,1,0.0279,0.125,0.943,0.144,0.0847,99.506,4,0
4QR59n79ryUsgQNfDyyJFh,Genesis - Friction Remix,Tantrum Desire;Friction,16,253565,0,0.223,0.996,5,-3.548,1,0.11,0.00013,0.717,0.167,0.0529,131.308,3,0
1bqbXMB4sjKR5QEkZRAm2h,Boom Bap a Lula,Better Call Soul,36,164488,0,0.671,0.323,9,-10.097,0,0.0272,0.318,0.885,0.112,0.215,88.025,4,0
6iodrB17WJr9E5JKvmOgDH,Healing Rain,Nature Sounds;Rain Sounds Lab,33,62222,0,0.157,0.966,1,-30.405,1,0.0514,0.125,0.992,0.886,1e-05,106.906,3,0
1g6C5sgsJHqW4XAdLyDp9A,Merry Christmas Baby,Otis Redding,0,155560,0,0.71,0.291,5,-14.132,0,0.0338,0.35,0.0,0.128,0.856,101.517,4,0
1z2fSrYZqrO5tMqzULn9OD,Days I Will Remember,Tyrone Wells,30,201506,0,0.804,0.457,6,-7.845,1,0.197,0.6,0.0,0.15,0.552,98.035,4,0
4BuMHNAzKdsmQZnipQIrMo,A festa,Maria Rita,40,269066,0,0.673,0.606,2,-9.571,1,0.0403,0.224,1.77e-05,0.0648,0.653,136.093,3,0
6IBcJbetgmkM0tLna5rq1q,Bloodstream,twocolors,0,180619,0,0.586,0.715,11,-5.962,0,0.159,0.013,1.15e-06,0.54,0.59,120.971,4,0
0u5K7xSRTLnBkeERwTypzN,Piece Of Your Heart,MEDUZA;Goodboys,0,152913,0,0.677,0.744,10,-6.806,0,0.0296,0.0405,0.000153,0.074,0.631,124.077,4,0
49h88o4NI0i0WTkU2HN1JS,Eu Vou Rifar Meu Coração,João Gordo,22,141106,0,0.648,0.883,4,-7.021,1,0.037,0.00479,6.09e-06,0.396,0.949,130.027,4,0
1zsrSsPEhdLSUDujjmFhgD,Wide Awake,Endymion,25,204387,0,0.396,0.937,5,-2.527,0,0.0677,0.0773,0.0,0.0889,0.141,155.041,4,0
1py1ora7OEB4chQkj2JqDU,Chapter II: Eridanus Supervoid,Azooma,0,511573,0,0.242,0.925,11,-5.486,1,0.108,4.76e-06,0.863,0.255,0.28,140.047,4,0
15OCqNPYoLziEAsbVnqRj5,Good Without,Mimi Webb,69,182121,0,0.616,0.576,11,-5.495,0,0.0532,0.0723,0.0,0.375,0.269,89.962,4,0
16qpwUfKEa6FImzuRv6y4C,Del Algarrobo al Ombu,Los Indios Tacunau,30,147426,0,0.545,0.697,8,-8.325,0,0.0342,0.876,0.00578,0.0701,0.769,149.845,1,0
3alsIYiOE1PygAy2k8s2kO,Águas Purificadoras - Ao Vivo,Diante do Trono;Ana Paula Valadão,46,965137,0,0.334,0.457,2,-8.338,1,0.0304,0.629,0.0,0.105,0.3,137.437,4,0
1oV8hihVsAkSGaXT8vm7Hn,EL MAKINON,KAROL G;Mariah Angeliq,0,209160,0,0.689,0.705,0,-3.224,0,0.102,0.256,1.06e-06,0.108,0.456,89.109,4,0
1UbhL65L7MkAwduXtxQtJI,Ewigkeit,"Original (German) Cast of ""Tanz Der Vampire""",24,325506,0,0.469,0.51,10,-10.411,1,0.0337,0.475,0.0393,0.123,0.0697,130.182,4,0
4W5lqrBjMNk8kNCOIrWv6i,Need You Now,Venemy;DaNica,37,186947,0,0.517,0.603,6,-5.383,0,0.0806,0.0262,0.0,0.0855,0.183,189.723,4,0
1oEVFAAHzA8xPbPoaJB3bf,Un Osito de Peluche de Taiwán (feat. Fernando Ruiz Díaz) - Vivo en el Palacio de los Deportes,Los Auténticos Decadentes;Fernando Ruiz Diaz,46,315425,0,0.364,0.873,2,-5.894,1,0.0455,0.174,0.0,0.939,0.235,98.146,4,0
1zHRpKmV2WQlVt3bsb9iUZ,You've Still Got a Place In My Heart,George Jones,23,184933,0,0.497,0.217,5,-13.719,1,0.0281,0.709,1.91e-05,0.0932,0.166,70.742,4,0
2VgVgYzM2f3OTwiuH5C9rP,Apasionadamente,Maelo Ruiz,30,277266,0,0.693,0.541,2,-14.333,1,0.0379,0.537,3.12e-06,0.0532,0.946,168.554,4,0
5ibwMeVwibkJKWHO7kv0cV,Red Red Wine,UB40,0,320866,0,0.815,0.359,1,-15.663,1,0.0572,0.00645,0.000101,0.0931,0.85,89.155,4,0
0nlf4YoPZOFA0QGoGoMwFo,Justo Ahora,Destino San Javier,44,181266,0,0.715,0.733,10,-4.556,0,0.0288,0.364,1.36e-06,0.102,0.948,105.029,3,0
4Q8Xekfd9ihkVPCBxGK0ec,サクラミツツキ,SPYAIR,56,217226,0,0.292,0.906,8,-4.073,1,0.0605,0.000256,0.000743,0.231,0.348,179.004,4,0
6bfDSsy4wnpn6B0de8Qrbx,Good Morning World!,BURNOUT SYNDROMES,58,249480,0,0.486,0.953,0,-2.244,1,0.0766,0.0505,0.0,0.115,0.595,95.574,4,0
2c5RmBHhMuSFjYt3UkHhKr,Medical Waste Enema,Couple Skate,17,84793,0,0.244,0.872,1,-8.925,1,0.152,0.000843,0.732,0.643,0.253,120.372,4,0
69gZrzHziUnf90fzYi2LLM,The Outsider,Lyn Lapid,0,180604,0,0.62,0.537,11,-6.462,1,0.0263,0.163,0.0,0.13,0.41,92.998,4,0
7DmZ1e9hh9CUX0PZzZA25C,O Holy Child,Dusty Springfield,0,144893,0,0.434,0.36,2,-8.602,0,0.0268,0.912,0.0,0.166,0.439,81.523,4,0
2GhwDDUHbfHF6YOwm9xilY,Chapel,FelMax,38,201562,0,0.601,0.956,2,-3.759,1,0.0349,0.000395,0.877,0.242,0.0389,127.993,4,0
4eiEgo7GWtftftbPEATdIG,"Saginaw, Michigan",Lefty Frizzell,19,182093,0,0.587,0.412,10,-13.534,1,0.0304,0.846,0.00125,0.124,0.828,145.614,3,0
2uZzgoNxvRXEzaE2ORQV0V,Promised Land - Floorplan Extended Paradise Remix,Joe Smooth;Floorplan,5,435414,0,0.699,0.855,1,-5.798,0,0.0793,0.00427,0.00925,0.102,0.175,124.962,4,0
7qzsvHOsaJdefeDwyZNGjY,Texan Book of the Dead,Clutch,0,174800,0,0.436,0.88,9,-8.547,1,0.0651,0.0154,0.0,0.205,0.683,112.012,4,0
3NLrRZoMF0Lx6zTlYqeIo4,Here Without You,3 Doors Down,76,238733,0,0.557,0.533,10,-6.817,0,0.0252,0.0492,0.0,0.205,0.233,143.994,4,1
1TrkJKPYB2oFe3NRS4jJme,Free Tibet (Mixed) - Vini Vici Remix,Hilight Tribe;Vini Vici,52,194779,0,0.405,0.943,11,-5.154,0,0.0584,0.0569,0.48,0.613,0.4,103.492,3,0
5koDkemB6cdYV9H0mMzQXq,die first,Nessa Barrett,0,177108,0,0.444,0.669,8,-6.727,0,0.125,0.0669,0.0,0.124,0.44,183.441,4,0
0uSd9wC6aZB4eZ6cTgF0SL,Forever Young,The Baseballs,22,182173,0,0.455,0.805,8,-5.346,1,0.037,0.445,2.84e-05,0.323,0.934,82.401,4,0
43zxWOJB4F2pDy25tqAVBG,calvário,Purples,25,254840,0,0.36,0.583,4,-6.028,1,0.0403,0.455,0.0,0.199,0.216,131.478,4,0
2HFHMKuExajvpnKMERs3Wo,Brother Louie '98 - New Version,Modern Talking,41,216093,0,0.762,0.956,2,-3.398,0,0.0421,0.189,0.0747,0.318,0.961,118.311,4,0
6DeIRzMM8sZaFD2eIkBxtZ,Retalhos De Cetim - Ao Vivo,Benito Di Paula;Xande De Pilares,36,223586,0,0.506,0.766,11,-7.771,0,0.136,0.472,2.34e-05,0.821,0.647,148.389,4,0
0fTUNF9d05iOUPZk1uFG4R,Till We Meet Again,Samael,24,251706,0,0.357,0.943,1,-6.679,1,0.0608,0.000122,0.313,0.226,0.257,83.101,4,0
3rqtyU3hEBbdAKMVzQDl1Z,Restful Rainforest Daytime Birds and Insects,Nature Sounds,33,570036,0,0.159,0.122,1,-19.339,0,0.0523,0.995,0.698,0.15,0.0191,130.894,4,0
2q4PnncxGIm1oVQzu6hS2d,Bing Bong Zoo,Peppa Pig,55,190891,0,0.8,0.573,0,-7.145,1,0.0501,0.6,2.15e-05,0.177,0.539,132.108,4,0
7e4drOwx1oa6Da6kIpNDSM,飾りじゃないのよ涙は,Akina Nakamori,20,250866,0,0.657,0.854,2,-5.317,1,0.0483,0.521,1.33e-06,0.19,0.806,88.462,4,0
0jjZdcrR3G0WUMtC51gApt,When This Is Over,Dabin;NURKO;Donovan Woods,37,182988,0,0.609,0.639,11,-6.239,1,0.0297,0.0193,6.29e-06,0.0623,0.435,129.976,4,0
59RZGL6VqYByyTcMfSgu5V,La Espuela,Juan D'Arienzo y su Orquesta Típica,21,154866,0,0.709,0.407,2,-10.265,0,0.0387,0.974,0.901,0.267,0.743,110.086,4,0
51W6l9oiCDnlRNoLPivLxc,Corpserate Greed,Graf Orlock,11,138093,0,0.379,0.889,0,-7.553,1,0.513,0.00168,0.0,0.632,0.222,179.235,4,0
4TrUw8sj2mBsTJ97QonaoQ,"Ung, villig och motorburen",Kenneth & The Knutters,37,230133,0,0.525,0.806,4,-8.566,1,0.0826,0.00944,7.62e-06,0.622,0.885,159.919,4,0
3YcAw0Uc94mb7n8DHMFWRa,"Sunday - KlangTherapeuten ""Looking For Summer"" Remix",Max Manie,56,368000,0,0.655,0.54,3,-10.11,1,0.031,0.0178,0.86,0.0899,0.375,124.041,4,0
1sWUT5hSawhEctQEQrVQdn,可惜我是水瓶座,Miriam Yeung,56,215333,0,0.537,0.385,3,-6.216,1,0.0391,0.841,0.0,0.0948,0.554,169.98,4,0
4oC3d0x8vVywKnvm7xgBbe,勛章,Lu Han,42,215906,0,0.463,0.715,9,-7.273,0,0.0362,0.393,0.0,0.349,0.313,91.871,4,0
7iVG0d7QiE1S4LxsrHaHmX,Chamuyos,Asspera,22,242133,1,0.399,0.982,1,-3.248,1,0.168,0.00212,0.0,0.207,0.212,180.117,4,0
37Yzsng4h42PTNcIGYQ1hA,Frank Mills - Remastered,The Lemonheads,22,103973,0,0.499,0.371,8,-14.488,0,0.0614,0.431,0.0,0.076,0.627,115.384,4,0
3Fqq8l8ToyiC9ZyHyxMxFo,Hijo de la Luna,Ana Torroja,28,278133,0,0.569,0.544,1,-6.267,0,0.0289,0.603,1.39e-05,0.109,0.744,81.767,3,0
4Bo3TBoTN1nC2Iia66Z7Rj,Irgendwas mit Liebe,DJ Herzbeat;Marie Wegener,23,201160,0,0.575,0.761,1,-3.497,0,0.0552,0.0356,0.0,0.221,0.365,90.009,4,0
6ZoCBDOB308GqUdt2AJrV2,Dildaara (Stand By Me),Shafqat Amanat Ali,69,249660,0,0.622,0.779,9,-5.799,1,0.037,0.102,0.000934,0.145,0.761,100.013,4,0
4cCD0bV8NXVA52wFWfJ7dN,"Boris Godunov, Act IV Scene 2: ""Tsarevich skorey!""",Иван Петров;Alexander Melik-Pashayev;Оркестр Большого театра,0,46500,0,0.205,0.115,8,-22.21,1,0.0423,0.985,0.494,0.322,0.0917,140.523,3,0
1ZE8dSKL83pY6qInQG5CA5,What Christmas Means To Me,Stevie Wonder,0,147800,0,0.524,0.614,0,-8.05,1,0.0363,0.202,0.0,0.0802,0.751,82.229,4,0
7y4wECa98r7Q5asLVLpRPU,Son de Amores (V20.0),Andy & Lucas;Abraham Mateo;Lérica,62,178661,0,0.689,0.815,7,-4.55,1,0.0972,0.149,0.0,0.23,0.701,92.988,4,0
4co1QFnOx9cpKRp3Ru6eJF,Azhagaai Pookkuthey,Vijay Antony;Janaki Iyer;VV Prassanna,54,296813,0,0.618,0.522,4,-7.94,0,0.0461,0.695,8.94e-06,0.0944,0.356,149.825,4,0
1KU6XmqUCyCOa7wNdvhSuE,Alegre Menina,Mart'nália;Luiza Possi,37,237146,0,0.757,0.413,4,-12.893,1,0.0627,0.823,0.0,0.115,0.614,100.046,4,0
4d7n7mUGhi9ss7cXWkS6Yl,Feel the Panic,Freestylers,14,354360,0,0.696,0.925,6,-9.858,1,0.067,0.007,0.827,0.432,0.56,119.919,4,0
2eeUUqITZqOEuNByNoCZG5,Anti You,Blue Stahli,48,209090,0,0.447,0.81,6,-7.323,0,0.0671,0.000138,7.95e-06,0.411,0.503,131.892,4,0
2GLl5SfGDhAEztVvEVRimA,Bentley's Gonna Sort You Out,Bentley Rhythm Ace,45,307400,0,0.7,0.935,10,-8.774,0,0.0408,0.0456,0.831,0.347,0.811,103.984,4,0
0n7Ij8XEDfYYFRgBQjNjnf,愛你,Kimberley Chen,58,207840,0,0.552,0.521,9,-6.721,1,0.0286,0.333,0.0,0.0901,0.142,144.027,4,0
6cz1DHeR8kxxpHIPSlB3R7,BADMIND A KILL DEM,Chronic Law;ATTOMATIC RECORDS;DANSKY RECORDS,24,175101,0,0.653,0.745,5,-7.745,0,0.258,0.239,0.0,0.143,0.634,89.545,4,0
6BkCJIqj5dZLlVOY3m6dSh,Socadona - Funk Remix,LUDMILLA;DJ Will22;Topo La Maskara;Mariah Angeliq;Mr. Vegas,1,171136,0,0.844,0.756,4,-5.211,0,0.127,0.135,0.00424,0.145,0.619,135.021,4,0
2MxDUuLjw2I7NG9wCQBkrO,Deixa Isso Pra Lá,Jair Rodrigues;Claudia Leitte,38,265426,0,0.628,0.779,0,-8.922,1,0.136,0.393,0.0,0.913,0.787,109.108,4,0
405zTwupGzrEIpEDFw5Qcj,"Scarlet Begonias / Fire on the Mountain - Live in Hamilton, Ontario, March 22, 1990",Grateful Dead,26,1174026,0,0.545,0.73,4,-10.456,1,0.0578,0.572,0.227,0.971,0.797,88.756,4,0
4MqxqaPutbPlkzN25CdAjA,Sa Re Ga Ma,Niranj Suresh,32,219529,0,0.57,0.78,2,-8.766,1,0.0401,0.0403,0.0251,0.429,0.24,170.059,4,0
5uaIbU3oHHcSOK6WFNK5nj,Apna Time Aayega,Ranveer Singh;Dub Sharma;DIVINE,63,140463,0,0.766,0.618,11,-8.552,0,0.124,0.0187,0.000115,0.181,0.513,95.054,4,0
0J2JTPApiX3X43AhwP3G4w,Quando a Minha Vida Vai Começar? - Reprise 1,Sylvia Salustti,34,109466,0,0.37,0.191,4,-13.765,1,0.046,0.93,3.15e-06,0.326,0.139,105.458,4,0
44s0L6VWwtpWn0oV0DJbFj,The Rob Konrad Story,Steve Rannazzisi,24,248668,1,0.625,0.906,5,-5.042,1,0.924,0.836,0.0,0.955,0.438,98.384,3,0
4PwuiP5jYhdKPFWNJuMHL9,Quando Deus Se Cala,Voz da Verdade,40,373960,0,0.507,0.559,7,-6.335,1,0.0254,0.759,6.6e-06,0.0951,0.319,139.5,4,0
7GBDwr44ngVGTUU6fW4coD,Bedroom Talk - LIVE,Official HIGE DANdism,24,211640,0,0.502,0.607,11,-10.992,1,0.125,0.24,0.0,0.935,0.558,76.429,4,0
6VScORohpeHSfdLkPUZuZX,踊る人たち,Hanare Gumi,25,305866,0,0.568,0.24,7,-13.851,1,0.0292,0.902,0.099,0.111,0.508,94.933,4,0
2qpj0oaVeNLSycc2XjIctD,Eu Acho que Não (Versão Grave),Os Barões Da Pisadinha,41,171630,0,0.746,0.856,10,-6.701,0,0.0497,0.0169,4.68e-06,0.069,0.625,172.11,4,0
5PJBDAjF0e14u3z7BMS72b,Kyrie,Yoshihisa Hirano,42,83040,0,0.238,0.239,2,-11.987,1,0.0312,0.968,0.776,0.0832,0.0398,65.004,4,0
07s9qvXhREG3DCpqyZNnrO,Sweet Refrain,Perfume,21,295906,0,0.551,0.977,0,-2.591,1,0.0295,0.000105,0.00131,0.28,0.41,140.051,4,0
7aK1caHaXe63BtAoIFvN2h,Still Life,De Moi,47,198000,0,0.165,0.0448,2,-28.218,1,0.0426,0.943,0.779,0.0912,0.0565,135.893,4,0
6osLH2yLhpwuESclKx84sg,Joy of Little Things,When Chai Met Toast,53,239666,0,0.509,0.611,9,-5.786,1,0.0334,0.185,0.0,0.116,0.208,100.155,4,0
2gJ3ZOaiWr3jGHwevufOxr,Ain't No Reason,Brett Dennen,57,220306,0,0.615,0.358,5,-9.694,1,0.0552,0.705,0.0,0.113,0.432,146.06,4,0
42mkE3wbofBNickLHgdVlo,Stickup,Get Dead,32,223707,1,0.487,0.837,0,-5.865,1,0.0623,0.0133,0.0,0.102,0.207,160.025,4,0
7tz87ist9Re3wiMwrxKSI6,Natural Flavorings and Coloring,Kyle Kinane,26,614107,1,0.604,0.661,1,-8.698,0,0.94,0.833,0.0,0.944,0.328,128.571,3,0
7DtK9tMJxuwBlDoUdn1wG6,No Soy Automático,Hector Tricoche,29,275253,0,0.755,0.776,0,-6.134,1,0.0379,0.456,0.0022,0.357,0.774,92.209,4,0
6eF0rygcmIbuqzdea2JNIq,One Big Moment,Orbital,11,376906,0,0.483,0.789,5,-9.402,1,0.0341,0.00156,0.0277,0.151,0.0736,110.034,4,0
2VmyG10PAR0ZyTUtgOp5Wf,A Horse with No Name,America,0,252239,0,0.653,0.507,11,-17.18,0,0.0534,0.687,0.0147,0.155,0.831,123.188,4,0
6whjL1G1yOJNB3gbIEolXU,Pagando Mal Com Mal / A Pessoa Certa - Ao Vivo,Vitor Limma;Junior Paixão,48,217233,0,0.355,0.554,7,-7.54,1,0.0486,0.641,0.0,0.569,0.489,160.4,4,0
5cwqO4thrTUj42WShkF39w,Freesol (Dabin Remix),Seven Lions;Skyler Stonestreet;Dabin,35,242117,0,0.371,0.667,0,-5.328,0,0.0596,0.0166,0.0,0.364,0.234,170.013,4,0
0vqw3BCyNr3DDVBmjD21H8,Libaas,Kaka,65,267029,0,0.794,0.753,10,-3.112,1,0.0609,0.543,0.0,0.12,0.906,159.965,4,0
5XTOStweq2Z2q0xoX8lzfw,Here Comes That Rainy Day Feeling Again,The Fortunes,0,172533,0,0.728,0.695,2,-9.058,0,0.0391,0.519,0.0,0.124,0.836,120.932,4,0
1EeI6tvN2c7erYcOdM0Ljp,If I Ever Lose My Faith In You,Disturbed,0,274055,0,0.379,0.562,10,-8.078,1,0.0376,0.0741,1.17e-05,0.137,0.172,173.861,4,0
5Cc2v7fm2cCm5ux4fgCQpM,Nocturne in Paris,Tony Anderson,45,435124,0,0.228,0.082,7,-21.568,1,0.033,0.931,0.896,0.0879,0.0389,75.259,5,0
1DZYrrwLhCAOaR7WlTPpSZ,Devil Is on His Way,Joe Buck Yourself,29,251538,1,0.849,0.78,7,-7.745,1,0.0881,0.255,0.0,0.232,0.517,115.104,4,0
2bpakKOLnMhDHjrwvxu8WW,Miracle,Bad Omens,54,225000,1,0.515,0.652,5,-6.653,0,0.0565,0.0333,0.0522,0.202,0.253,180.054,3,0
5XLcdjYova5xBolf7FjN5a,Recommence à zéro,Pogo Car Crash Control,26,238973,1,0.521,0.87,8,-5.657,0,0.0402,0.000473,0.318,0.136,0.356,73.487,4,0
1oFnf7O5pRtgTt1U6cBxHl,22,Gece,43,219986,0,0.351,0.794,0,-4.417,1,0.0355,0.0022,2.06e-06,0.0846,0.338,67.469,4,0
3Fr6BeurYb23pDEm5fcknm,It’s Alright,Buzz Fuzz;Bass-D;King Matthew,16,395186,0,0.607,0.912,1,-7.069,1,0.132,0.0163,0.187,0.1,0.181,161.847,4,0
5ZAE7mG7SUcHAkorXb2poH,Feitio de paixão - Ao vivo,Jorge Aragão,49,289000,0,0.59,0.72,7,-10.114,0,0.0791,0.744,0.0,0.884,0.722,86.764,4,0
6MdqqkQ8sSC0WB4i8PyRuQ,No Diggity,Blackstreet;Dr. Dre;Queen Pen,77,304600,0,0.867,0.646,1,-4.674,0,0.288,0.303,0.0,0.279,0.67,88.634,4,1
3LKJLzyN8PlBhHKzuhFs8B,03h53 - Manger c'est tricher,Casseurs Flowters,39,264306,0,0.604,0.805,6,-6.917,0,0.823,0.406,0.0,0.658,0.237,83.346,1,0
2u9X8G6eYV69BaN8sm05X6,The Rhythm of Paradise,Dan Gibson's Solitudes,21,512173,0,0.122,0.0912,5,-26.015,1,0.0365,0.944,0.934,0.527,0.117,79.759,4,0
34ghr6pFdDXD4VXsjRHMs9,Distant Lover,Marvin Gaye,0,331280,0,0.376,0.437,1,-9.106,0,0.0985,0.762,2.47e-05,0.686,0.465,158.487,3,0
1dNX6lUalqsdphlkFDMNGm,Azukiiro No Kaori,Susumu Yokota,18,159066,0,0.323,0.116,2,-18.776,1,0.041,0.977,0.981,0.0776,0.068,69.822,5,0
5SxOlzPBgv64oeWDifvxaF,Frequenzfett,Boris Brejcha,37,494421,0,0.8,0.741,10,-11.836,0,0.0587,0.000545,0.831,0.12,0.458,125.025,4,0
0MY5mMChzuvL9qWKTVOfGV,Mad About The Boy,Dinah Washington,0,169653,0,0.436,0.319,1,-7.87,1,0.0295,0.802,1.94e-05,0.12,0.255,107.546,3,0
4UVH9hk11pLSDaOadmhaL1,Queen,HIRIE,36,196853,0,0.769,0.601,0,-6.996,1,0.0855,0.0413,0.000174,0.0638,0.788,149.988,4,0
0i4m0jgUSjsE8PQdsP3Zla,Panes,Anenon,8,194906,0,0.364,0.444,0,-12.159,1,0.0383,0.78,0.947,0.112,0.0376,120.228,4,0
73LcWB5KSzmpa1YsK2xRbg,熱帯魚の涙(version2016),Flower,21,283760,0,0.513,0.799,10,-3.117,0,0.0679,0.36,0.0,0.397,0.299,167.977,4,0
4QKt4JmQK1x791t5MSCnFP,Christmas Time,Bryan Adams,0,243057,0,0.503,0.582,0,-4.324,1,0.0253,0.472,0.0,0.103,0.326,77.321,4,0
1eyQlEu1FIVPMUfEldssSm,Varseop,Richard Devine,10,246000,0,0.726,0.731,1,-7.431,1,0.192,0.00414,0.668,0.116,0.229,149.891,4,0
6mjHiGwrRGE8LVCXVc5QDU,Out Of Control,Hoobastank,61,162106,0,0.443,0.973,4,-4.386,0,0.133,0.00161,0.0,0.353,0.458,157.872,4,0
7aFZCKEMHlANdvfocuE4Re,Skinnyman,Static-X,21,220200,0,0.584,0.961,1,-5.707,1,0.0475,0.00118,0.387,0.137,0.792,91.391,4,0
7B8VTtH9RvXiTLMBPLvnF2,Sweet Vampirous,Bleeding Through,22,84986,0,0.359,0.933,0,-6.087,1,0.13,0.00193,2.37e-06,0.0616,0.205,106.436,4,0
1s1MYfBzfabSOtpOy07bHA,Bu Değildi,Onur Can Özcan,39,184145,0,0.546,0.121,0,-17.448,1,0.0658,0.896,0.0,0.16,0.52,133.87,4,0
32HxSoFhdUfMaZ80dBpPuF,Dengo Nego - Ao Vivo,Mumuzinho,43,210832,0,0.545,0.844,0,-6.648,1,0.0698,0.705,0.0,0.954,0.683,160.115,4,0
0HtWxjydJ3pEwT5nHJxxZ1,Surrounded (Fight My Battles),Bethel Music;Kari Jobe,55,303053,0,0.398,0.208,5,-10.525,1,0.0394,0.953,6.26e-06,0.108,0.132,129.682,4,0
76Bt5vjnbxyr0JmxZKToTW,Sucio y Desprolijo - En Vivo Cosquín Rock,Pappo;Charly García,27,333394,0,0.255,0.941,9,-5.749,0,0.0539,0.000317,0.0462,0.96,0.399,135.649,4,0
00Nsyeo2kcU4602zMsLWXW,Still (I Got Summer On My Mind) - FORTELLA Remix,JJ;FORTELLA,72,193475,0,0.759,0.902,9,-6.068,0,0.051,0.00532,0.0522,0.343,0.408,123.963,4,1
2kVQpubE6URKKj9L7Upk2l,Where No One Stands Alone (with Lisa Marie Presley),Elvis Presley;Lisa Marie Presley,54,220106,0,0.345,0.291,0,-8.748,1,0.0278,0.641,0.0399,0.151,0.299,136.751,3,0
4Q9uL0DWDcpCV1tE14xqnt,The Time Is Now,Atreyu,61,199959,0,0.481,0.944,8,-3.665,1,0.231,0.00926,0.000328,0.278,0.396,165.02,4,0
0QJeJWZNL4qXrHaNHBaHW4,I Lost Myself in Loving You,Jamie Miller,0,201306,0,0.456,0.615,1,-5.454,1,0.0529,0.614,0.0,0.0908,0.416,78.461,4,0
28NoqwleoFVIUOMYq3tff2,Optimista,Caloncho,0,212653,0,0.885,0.479,0,-11.416,1,0.069,0.0385,0.0221,0.319,0.869,122.955,4,0
48JyScCjfv3tPtwqROJHiV,Apatía - The Beautyscape Remix,Pitizion;Adso Alejandro;Andy Clay,0,173186,0,0.688,0.816,1,-4.017,0,0.29,0.0381,3.1e-06,0.128,0.343,176.102,4,0
4hSHbagV828laWkMeG9bcr,Medusa,Neo Pistea;0-600;CLUB HATS,39,213333,1,0.929,0.726,1,-4.246,1,0.146,0.217,0.0,0.0599,0.681,135.003,4,0
4IB7n3ojGU6rhubPRmN3KW,Beyond Bach,Gabriela Montero,0,265706,0,0.27,0.0423,2,-23.163,0,0.0347,0.994,0.942,0.0744,0.0574,78.069,4,0
5aWWkqDqVMGcYSI4MzEJqY,Ella / La Enorme Distancia / Que Te Vaya Bonito / Vámonos,Los Poetas De La Guitarra,22,308981,0,0.454,0.328,2,-6.089,1,0.0337,0.871,0.85,0.117,0.451,139.757,3,0
2clRkMN4MvP88asWMvBdYk,El Tiburón Bebé Fantasma,Pinkfong,27,72489,0,0.85,0.684,1,-2.32,1,0.0675,0.478,1.4e-06,0.0608,0.748,119.822,4,0
6mvRL1QGJTOijZdBoKMJDg,Caspi Corral,Carlos Di Fulvio,23,207960,0,0.502,0.303,5,-11.047,0,0.0473,0.838,7.29e-06,0.105,0.612,82.236,3,0
5u3QcENd230SCBXgovfOmm,落花流水,Eason Chan,43,237533,0,0.582,0.548,1,-7.632,1,0.0401,0.424,0.0,0.129,0.274,148.001,4,0
4XLlFjAwjDENyqYAkRbVuA,Save Me,Smyang Piano,40,198138,0,0.427,0.0771,1,-20.939,1,0.0468,0.987,0.853,0.119,0.184,137.357,4,0
2cU2D6NuWZzNiAqqY6ZOSf,Up Deh,Bounty Killer,20,148049,1,0.565,0.88,7,-6.724,1,0.347,0.171,0.0,0.265,0.89,83.252,3,0
1f2ThvaqjJq6xg7YwGkHQx,Valborg,Uno Svenningsson,36,172172,0,0.529,0.652,9,-6.177,1,0.0254,0.716,0.000836,0.11,0.467,110.02,4,0
6kQYMqjobmB8MkWwa9OUyA,Amiga mía,Alejandro Sanz,73,290973,0,0.629,0.703,2,-4.875,1,0.0504,0.519,0.0,0.11,0.402,144.016,4,1
5mNanSqILS25aPhiiN1fxy,我真的受傷了,Ivana Wong,32,213320,0,0.539,0.188,2,-12.494,1,0.0316,0.905,3.46e-06,0.118,0.241,136.441,4,0
1S69G657rrHOIfPkKNihwH,Good for Me (feat. Anna Straker),Jay Pryor;Coldabank;Anna Straker,63,144960,0,0.725,0.615,5,-7.217,1,0.0453,0.02,0.00821,0.138,0.411,124.987,4,0
6GRMKQ3RrivYgLEO6h7ebu,Stars,Marshmello,55,246760,0,0.507,0.96,8,-2.619,1,0.0394,0.0132,0.971,0.0703,0.801,142.029,4,0
5tfuXF09XVnvro9l5l9Mle,all the good girls go to hell,Billie Eilish,1,168839,0,0.854,0.446,1,-8.957,0,0.198,0.313,0.215,0.156,0.57,92.545,4,0
3j4srp6dMT39MLxx6XEbOR,Same Guy,Jack Harlow;Adam Levine,0,164031,0,0.791,0.586,1,-6.343,1,0.147,0.181,0.0,0.105,0.643,93.505,4,0
0LL0hFBywgFHO89WSp00xW,魔法,Myuk,49,231955,0,0.609,0.634,1,-5.669,1,0.0297,0.134,0.0,0.0878,0.449,88.004,4,0
2ZYEpnio0Z6EfJWy2JAf53,Sueños Vividos,Dulces Sueños,21,335999,0,0.198,0.257,8,-17.361,1,0.0415,0.968,0.949,0.11,0.0381,89.494,4,0
30OMJsnuS3TWACLrf2YggT,Se Não Quer Me Amar - Ao Vivo,Gusttavo Lima,47,198293,0,0.632,0.884,7,-2.752,1,0.0362,0.198,0.0,0.937,0.655,148.054,4,0
3RDWPnDrE0GTOaYTqpeX3X,Hail Up The Lion,Ed Solo;Deekline,16,289090,0,0.634,0.891,7,-6.856,1,0.0522,0.000197,0.000167,0.182,0.537,176.02,4,0
6RZ8i45jxuvih2qeNfoUdv,"10,000 Reasons (Bless The Lord) - Live",Passion;Matt Redman,40,350720,0,0.478,0.524,7,-7.588,1,0.0267,0.121,0.0,0.667,0.32,72.502,4,0
4qdKAmv6Jg9EvSm27Aksgw,Al Mundo Le Falta un Tornillo,Julio Sosa;Armando Pontier,33,171034,0,0.446,0.42,10,-14.791,1,0.0994,0.818,2.34e-06,0.104,0.642,187.58,3,0
1IjMW45pKqUWrXtNCQ4B2k,What Am I Doing There,George Jones,17,229133,0,0.655,0.256,4,-14.003,1,0.0293,0.354,2.22e-06,0.112,0.315,114.588,3,0
6NCylXeJcHOI908PjZDFcg,童話,Michael Wong,60,246000,0,0.54,0.405,6,-7.295,1,0.0272,0.768,0.0,0.11,0.309,136.028,4,0
2PLzuEn3jAK5NkSZ0wGe8m,Subirusdoistiozin (Instrumental),Criolo,19,210280,0,0.787,0.385,1,-7.672,1,0.0566,0.0194,0.879,0.208,0.448,86.456,4,0
7k2sPT9Ej3Om2DnbueUh3v,Rotlicht,Oliver Huntemann,36,471029,0,0.827,0.765,10,-8.418,0,0.0743,0.0059,0.901,0.103,0.0968,124.001,4,0
3QPgfdSDZM2L5QcHYSbcvS,Urban Cowboy,Drunk Mums,25,259839,0,0.584,0.685,9,-7.45,1,0.0327,0.0279,0.0516,0.097,0.604,133.051,4,0
4md0JYFFaHEqjuutmkPkcp,One Thousand Times Decapitation,Cattle Decapitation,15,63560,0,0.195,0.966,1,-3.475,1,0.181,1.08e-05,0.91,0.298,0.156,149.787,4,0
3OIzbnBlkSnfCNb4Xh1k5k,Virgem,Xamã;Bagua Records;Neo Beats,47,173793,1,0.894,0.403,3,-7.567,1,0.0916,0.412,2.44e-06,0.111,0.609,100.051,4,0
51TG9W3y9qyO8BY5RXKgnZ,Symphony Of Destruction,Megadeth,74,246733,0,0.61,0.891,4,-5.452,0,0.0587,0.000805,0.0928,0.0657,0.51,139.903,4,1
1oANw3YJXR9hr7n3vwIu2e,UN PESO,J Balvin;Bad Bunny;Marciano Cantero,2,277106,0,0.627,0.675,5,-7.125,0,0.212,0.125,0.0,0.0784,0.961,79.31,4,0
3TI83GvDhveHJFtOwcHdrg,Time Comes in Roses,Bess Atwell,53,191760,0,0.45,0.244,5,-12.895,1,0.0379,0.768,0.0,0.352,0.113,122.885,4,0
4fjIZ7L6mh8MHFj7rVypr0,"Sonata for Piano and Violin in F, K.377: 2c. Variation 2",Wolfgang Amadeus Mozart;Arthur Grumiaux;Walter Klien,12,308000,0,0.383,0.126,0,-20.645,1,0.046,0.986,0.421,0.0859,0.416,90.957,4,0
7maprFc3lpb4PSq3290wk3,Si Supieras,Daddy Yankee;Wisin & Yandel,0,241880,0,0.691,0.894,9,-1.681,0,0.115,0.291,0.0,0.104,0.623,184.018,4,0
4m9lCws9FeI0IwhVkHTb8P,Djefvulen,Lifvsleda,18,266254,0,0.376,0.866,9,-7.781,1,0.0587,9.12e-05,0.883,0.608,0.122,130.001,4,0
7MUd9iu6pW3KnLcz2NuMcs,Last Christmas,Jimmy Eat World,0,267493,0,0.532,0.842,2,-6.152,1,0.0403,0.00131,1.2e-06,0.33,0.715,126.042,4,0
41vzOoyErnPT7zkxo2hvOa,"4 Impromptus, Op. 90, D. 899: IV. Allegretto - Trio",Franz Schubert;Yanica Hristova,0,497146,0,0.318,0.0543,8,-24.681,1,0.0385,0.991,0.932,0.111,0.0388,67.716,3,0
4ekDggjElGJX9kNSOtnbVf,Infinity - Dubdogz & Bhaskar Edit,Dubdogz;Bhaskar,69,196000,0,0.723,0.57,9,-8.589,0,0.0429,0.00412,0.00183,0.0862,0.575,123.979,4,0
1HWaIZ9Tf67sTXOhyiUuon,Didn't I,OneRepublic,0,207616,0,0.611,0.61,4,-6.745,1,0.0314,0.0186,0.0,0.125,0.242,123.943,4,0
5zx9zvMa5VD8cM6kLDzNxI,Double Bang 7,Leto,36,181548,1,0.614,0.498,4,-9.263,0,0.457,0.134,0.0,0.0944,0.198,79.095,4,0
39LLxExYz6ewLAcYrzQQyP,Levitating,Dua Lipa,84,203807,0,0.695,0.884,6,-2.278,0,0.0753,0.0561,0.0,0.213,0.914,103.014,4,1
3E0gVkirGK2ouGHPuOO9cN,Ooh La La,Goldfrapp,18,204373,0,0.48,0.676,4,-7.727,0,0.0631,0.00996,0.642,0.116,0.199,144.514,4,0
2XWx3cUPgju22NUCbv5e1X,Village Hustle,Jungle Fire,16,240400,0,0.785,0.874,4,-8.122,0,0.0485,0.0782,0.816,0.0728,0.962,120.102,4,0
2ueSOewe2bXPIpE8y8TTj1,for the twin,Daisuke Tanabe,32,310000,0,0.689,0.913,0,-8.694,1,0.0661,0.288,0.891,0.178,0.649,179.946,4,0
3F10yGruAGAJhxvyd3NDgW,Attila - Santo di patria... Allor che i forti corrono,Giuseppe Verdi;Vincenzo Ciliberti,0,216129,0,0.149,0.553,10,-6.576,1,0.0412,0.906,0.719,0.637,0.369,178.113,1,0
0BWhmRyHvBLMcEJDAos2PD,Los Dinosaurios - Live,Charly García,39,220533,0,0.42,0.52,5,-13.33,1,0.126,0.903,0.0046,0.539,0.286,85.299,4,0
3uHxCgxHJIAGY52Oz39xqC,Adicto,Tainy;Anuel AA;Ozuna,0,270740,0,0.734,0.836,10,-4.803,0,0.0736,0.0171,1.71e-05,0.179,0.622,80.002,4,0
0oS1yir1qJvwCsFPdaBiqN,No Good,MORTEN,60,141562,0,0.709,0.904,10,-4.376,0,0.0489,0.186,0.133,0.0896,0.202,128.013,4,0
6QSOIejoVt6sFkPHL4JGb5,Now He's Our Father (Reinterpretation),Hammock,33,317487,0,0.0688,0.326,0,-15.193,1,0.0412,0.792,0.756,0.114,0.0387,75.48,3,0
1sqqUxxiUlG4y4KQS0PceJ,Hollow Eyes,Fit For A King,24,204106,0,0.448,0.98,10,-2.922,0,0.0826,0.000267,0.0,0.371,0.323,145.06,4,0
3MbCJAYFL2G9Rcou25WRlj,Confia em Mim,Onze:20,34,220267,0,0.622,0.715,6,-6.279,1,0.0435,0.118,0.0,0.105,0.638,161.988,4,0
0s7VKhktgnCPgEriQzrwme,Lost & Not Found - Dream Mclean Remix,Chase & Status;Louis Mattrs,21,216000,0,0.531,0.94,6,-3.817,0,0.045,0.00209,0.000292,0.587,0.427,139.981,4,0
569aE9S4YTTTQyja08R9ek,Granada - Live,José Carreras;Orchestra Del Teatro Dell'Opera Di Roma;Orchestra del Maggio Musicale Fiorentino;Zubin Mehta,21,221840,0,0.323,0.584,2,-10.413,1,0.0883,0.955,0.00144,0.897,0.46,78.493,4,0
2hMTR8zK8Db849VttJXMSV,when the party's over - Slowed Remix,Chad Lawson,0,234280,0,0.409,0.0191,2,-31.753,1,0.0324,0.992,0.912,0.0981,0.181,104.164,4,0
1MfZ0TFSbzeWtZSZWlScxz,Lionheart,Emancipator,43,292826,0,0.473,0.52,4,-12.013,0,0.0327,0.61,0.931,0.0876,0.204,182.056,4,0
5vsqY1n8gOnkKvaGQjShpm,The Rise of A.I.,XERXES THE DARK,0,206614,1,0.456,0.405,2,-11.919,1,0.0453,0.0394,0.269,0.112,0.06,80.052,4,0
2oRn0QuaWQ1hragGQ7XZ9s,Devil Woman,Cliff Richard,53,214575,0,0.71,0.792,0,-5.996,1,0.0453,0.0792,3.32e-05,0.0871,0.858,116.687,4,0
6x28kFROuqt1wHfNL0pYlb,Make Some Noise - Julian Jumpin Perez Mix,Fast Eddie;Julian 'Jumpin' Perez,12,346341,0,0.788,0.85,10,-6.502,0,0.0538,0.000296,0.000983,0.14,0.567,123.385,4,0
7AAhTVkiRA1SppqGAovLVJ,A Swarm of Plagues,Naglfar,16,287333,0,0.474,0.994,5,-4.666,1,0.124,0.00325,0.000608,0.498,0.0383,107.014,4,0
4iRat7YqKIWOwkXwDwoEZc,Is There Still Anything That Love Can Do? (Movie Edit),RADWIMPS,50,150653,0,0.638,0.291,9,-7.144,1,0.0442,0.822,0.0,0.318,0.378,141.929,4,0
7JhZEc8jAwdweCixk0Vpfp,Sweet Child O' Mine - Live,Slash;Myles Kennedy,1,388853,0,0.361,0.941,6,-6.686,1,0.069,0.0296,0.00697,0.933,0.442,128.795,4,0
5WmGRjeFIfOMDj8TVpPP8q,あんた飛ばしすぎ!!,Momoiro Clover Z,26,245773,0,0.418,0.993,7,-1.361,1,0.189,0.000969,6.11e-06,0.169,0.415,187.776,4,0
67nzOrlRPjrQuKKnBScUvd,"I'm Made Of Wax, Larry, What Are You Made Of? - Live In Switzerland",A Day To Remember,26,200800,1,0.254,0.989,5,-4.192,0,0.473,0.00189,0.0,0.358,0.156,164.025,4,0
04ize5IEH2inSkQkqFGLd8,Idiot - Version 2011,Michelle;Matthias Reim,0,188026,0,0.732,0.826,11,-4.936,1,0.0353,0.173,0.0,0.352,0.772,129.993,4,0
6OG6Ua0DAqKQ4oHC5PQX0n,"Piano Concerto No. 23 in A, K.488: III. Allegro assai","Wolfgang Amadeus Mozart;Vladimir Horowitz;Orchestra Del Teatro Alla Scala, Milano;Carlo Maria Giulini",0,472333,0,0.349,0.139,9,-19.982,1,0.0347,0.992,0.898,0.113,0.342,134.946,4,0
6hA32ig9PY3jcrXFoS6NGI,Eyes On Me,Etherwood;Royalston,18,344499,0,0.244,0.913,7,-3.689,1,0.0456,0.00178,0.769,0.109,0.0841,169.971,4,0
4GCH2g0Nbjx5s0BzaWP4kS,Kariveppila Akkiyo,Fejo,38,155912,0,0.637,0.785,9,-4.667,1,0.371,0.276,0.0,0.283,0.491,87.364,4,0
6jsil8WFlrsRf3mhKhfWAB,Beginning Of Time,Nosferatu;Tha Playah,22,223135,0,0.501,0.984,2,-1.319,1,0.358,0.0882,0.0,0.255,0.378,184.929,4,0
5WigPvAtaOYC0bqkxgVNzd,CÓMO SE SIENTE - Remix,Jhayco;Bad Bunny,1,227520,1,0.807,0.606,3,-8.871,0,0.0872,0.0946,0.0,0.119,0.304,92.988,4,0
6vvxWfhIBewA9g7Sk3TGlY,Madame Ivonne (with Leopoldo Federico y Su Orquesta),Julio Sosa;Leopoldo Federico y su Orquesta,16,185240,0,0.475,0.661,2,-8.63,1,0.222,0.871,2e-06,0.319,0.567,110.572,4,0
4JvmGac2Ew2OTMe1QJlNzS,Problemón,Alvaro Diaz;Rauw Alejandro,0,193013,0,0.729,0.737,2,-3.727,0,0.064,0.275,7.58e-06,0.137,0.369,91.99,4,0
4iF2TMFaiJwEHecDNavRU9,ugly,Timmies;Nineteen95,60,120027,1,0.708,0.213,7,-8.266,1,0.0396,0.924,0.00118,0.111,0.109,80.02,4,0
2302Z0DrnuYan1AfNO04bz,Anxious Mind,TSHA;Clementine Douglas,56,207840,0,0.61,0.886,11,-6.739,0,0.0491,0.0133,0.00138,0.0877,0.81,139.985,4,0
08kTa3SL9sV6Iy8KLKtGql,Kasoor,Prateek Kuhad,70,197549,0,0.558,0.497,8,-7.175,1,0.0256,0.0285,5.36e-06,0.0799,0.444,107.047,4,0
34zBuLmfKMk6MkCcBDaAfG,Coytada,Linn da Quebrada,31,175893,0,0.681,0.989,9,-2.722,1,0.128,0.0172,0.00806,0.811,0.455,129.992,4,0
1cQCfrLGc5GpBC6bNPlsUm,Earth - Mind Against Remix,Stephan Bodzin;Mind Against,38,450725,0,0.776,0.927,11,-7.38,0,0.0489,0.0105,0.887,0.0992,0.0334,125.015,4,0
1uT2b9tByCtdjL4PN3xbRs,Beat the Devil's Tattoo,Black Rebel Motorcycle Club,55,226760,0,0.517,0.909,4,-2.815,1,0.0378,0.451,0.0135,0.0923,0.683,96.528,4,0
0U2VLsm3QTfqGn2GTuGNPh,Parisienne Moonlight - Remastered,Anathema,41,130066,0,0.446,0.452,2,-7.832,0,0.0288,0.326,7.68e-05,0.293,0.351,169.922,4,0
2hrUO4drrO63i7FYbCLBl2,Rockabye (feat. Sean Paul & Anne-Marie),Clean Bandit;Sean Paul;Anne-Marie,72,251173,0,0.717,0.73,9,-4.729,0,0.0568,0.383,0.0,0.398,0.792,102.002,4,1
5Qh0fD19S8VQm5uP9r8f4c,I Saw Mommy Kissing Santa Claus,The Jackson 5,0,181360,0,0.582,0.705,3,-8.169,1,0.0539,0.29,1.38e-06,0.797,0.64,128.89,4,0
2wt831VAOLWoAbIcQwxWsF,If You Still Hate Me,Ill Niño,0,175133,1,0.468,0.983,1,-2.848,1,0.114,6.21e-05,0.000292,0.0568,0.0914,135.439,4,0
1hEwuTau7eFnQRyohXCNBz,World's Best Friend,Original Cast of Amélie,21,200120,0,0.434,0.274,11,-9.961,1,0.0588,0.936,2.12e-06,0.195,0.206,172.213,3,0
7J8boU0pqOAOns0ohr5b0V,Get the Party Started - Clean Lyrics,Kids Rock Kidz,14,190066,0,0.666,0.899,6,-4.913,0,0.0397,0.00885,9.44e-06,0.0726,0.529,129.023,4,0
11BisV6JO8xtjuEU5M0vyp,My Regrets,Traitors,23,188009,1,0.443,0.991,4,-4.705,1,0.104,0.000441,0.407,0.84,0.0685,90.009,4,0
2aJ4sTob2JAxWC2QKJawV0,Millions de Berrys,D.ACE;Negrito Senpai;Jewel Usain,32,170020,0,0.544,0.546,2,-8.543,1,0.393,0.0561,0.0,0.13,0.554,125.958,4,0
5t19BKiMHuoW1xxnL0QmtI,Rain on Car Roof,Rain Sounds,34,184000,0,0.335,0.996,11,-19.941,0,0.0345,0.382,0.61,0.889,0.0115,90.807,3,0
10LfH6Hkt06jYjXo8FGecm,Loosu Pennae,Yuvan Shankar Raja;Silambarasan TR;Blaze,60,411706,0,0.673,0.486,5,-7.987,0,0.103,0.475,0.00022,0.0906,0.535,191.943,4,0
1W0YS64vF9qgMVLuN76aqg,Rise,Skillet,61,260786,0,0.57,0.921,4,-3.892,0,0.0724,0.0127,0.0,0.818,0.381,87.938,4,0
1pOIpxfrQ8AszXZdKR3aH3,Gangsta Gangsta,N.W.A.,64,336917,1,0.894,0.698,6,-8.264,0,0.275,0.0279,3.56e-06,0.329,0.695,98.104,4,0
60tfD2YgDiwyOloZbE5xtE,Leap Year,Greensky Bluegrass,23,347280,0,0.348,0.657,4,-6.666,1,0.0299,0.352,0.277,0.301,0.655,139.053,4,0
4kbj5MwxO1bq9wjT5g9HaA,Shut Up and Dance,WALK THE MOON,83,199080,0,0.578,0.866,1,-3.804,1,0.0619,0.00701,0.0,0.257,0.619,128.038,4,1
2qJbWCHh9X7bPPfVlVOrVu,Edelweiss (Instrumental),Peter Sprague,27,137901,0,0.409,0.107,9,-19.361,1,0.051,0.995,0.876,0.0991,0.498,205.935,3,0
1jKH10ufuA4EzUCdobVxu0,Glitch,Parkway Drive,60,261811,1,0.552,0.87,1,-3.998,1,0.048,9.54e-05,0.0968,0.283,0.364,106.049,4,0
4JDV87IELfaz9tS9UKJOKN,CLOSE MY EYES,INF1N1TE;Semidubs,39,172000,0,0.469,0.957,5,-3.703,0,0.276,0.419,0.00836,0.25,0.648,74.645,4,0
6BH5Trrr2s7i31GkjqB6dO,Fukboi,Badflower,51,159916,1,0.401,0.933,7,-3.111,1,0.112,0.000157,0.000401,0.215,0.484,182.131,4,0
1FfN2sDgdoT14CQHhWk19K,"Autism, My Sister Kate",Kathleen Madigan,23,219719,1,0.627,0.849,9,-5.295,1,0.923,0.832,0.0,0.941,0.463,82.399,4,0
498kP94D58Alzxrx7tJmbe,Too Drunk to Meet Jimmy Buffett,Jesse Rice,30,219848,0,0.697,0.663,7,-6.035,1,0.0373,0.191,0.0,0.357,0.82,132.015,4,0
2AXTRWWGTwgp0Ud8cPzT5S,"Juni, Juli, Augusti",Gyllene Tider,42,232426,0,0.288,0.898,2,-5.204,1,0.0663,0.00176,0.000117,0.313,0.53,124.698,4,0
4io4CQ89K9w8z623duQVAX,Annihilation - Radio Edit,RoelBeat;Goodiny,42,219661,0,0.755,0.779,0,-7.91,1,0.0402,0.00458,0.598,0.174,0.25,118.008,4,0
4gClt2T8ZbjYzTU2zFMg0d,BOBO,Mariah Angeliq;Bad Gyal;Maria Becerra,0,224760,1,0.714,0.818,8,-6.016,0,0.0532,0.0724,0.0,0.115,0.541,92.004,4,0
633VOh3BMvZ9YNEIZM6V3W,Cada Martes,División Minúscula,45,310000,0,0.496,0.921,6,-4.771,0,0.0445,0.00228,1.49e-05,0.641,0.49,97.35,4,0
6C7nimvwkJvFXZ7oT0ZOf6,"Piano Sonata No. 14 in C Minor, K. 457: II. Adagio",Wolfgang Amadeus Mozart;Ingrid Haebler,1,421306,0,0.348,0.0223,3,-27.507,1,0.0388,0.994,0.923,0.118,0.279,67.483,4,0
6Yp3K2cy35hXnWQFE1yWrJ,Slow Song,The Knocks;Dragonette,0,253723,0,0.77,0.743,6,-3.251,1,0.0299,0.0205,0.0003,0.144,0.843,123.014,4,0
60m0nPq3pDKU3ZoVEQyLkR,Мой костёр,Vadim Kozin,2,168250,0,0.484,0.152,5,-11.775,0,0.0528,0.994,1.25e-05,0.268,0.342,80.104,4,0
773YRWgu38if25XiHHabJK,Close is best,Sail & Weep,46,135374,0,0.814,0.213,5,-9.424,0,0.0477,0.802,0.379,0.126,0.174,79.964,4,0
0ttfJZcKq7E7NcIldlogbn,The Beautiful People,Marilyn Manson,0,222773,1,0.609,0.948,9,-4.938,1,0.113,0.00404,0.0978,0.042,0.786,144.037,4,0
526SpJgLqe5JZtyXNo0Ic6,Love Language,Connor Price;Evelyne Brochu,51,170880,0,0.75,0.401,0,-9.105,1,0.305,0.326,0.177,0.269,0.23,139.695,4,0
1NiwnZzq731AtzSUPyV4eJ,The End,Ignotus,26,161315,0,0.427,0.537,5,-14.06,0,0.0363,0.00339,0.0,0.103,0.454,140.147,4,0
1qy98afcwmVn67u0eb7mKM,I Belong To You,Love Unlimited,32,227800,0,0.588,0.405,5,-12.279,1,0.0327,0.304,0.00587,0.107,0.625,94.866,3,0
08mG3Y1vljYA6bvDt4Wqkj,Back In Black,AC/DC,85,255493,0,0.31,0.7,9,-5.678,1,0.047,0.011,0.00965,0.0828,0.763,188.386,4,1
1FFIeOFuiJ8YSoSp5So1Wj,Desert Storm,Orbital,18,725173,0,0.591,0.755,2,-16.916,1,0.0538,0.00123,0.854,0.122,0.808,171.813,4,0
0pw2SQhAtP0zblvVFQfr3n,UN DIA (ONE DAY),J Balvin;Dua Lipa;Bad Bunny;Tainy,7,232146,0,0.58,0.695,6,-8.244,0,0.0671,0.00638,0.0,0.174,0.402,168.124,4,0
0BxE4FqsDD1Ot4YuBXwAPp,505,Arctic Monkeys,88,253586,0,0.526,0.866,0,-5.822,1,0.0568,0.00287,7.78e-05,0.0945,0.248,140.266,4,1
55sgQENF3LY1sUcJUwasLl,Don’t Go (with Justin Bieber & Don Toliver),Skrillex;Justin Bieber;Don Toliver,69,168253,0,0.689,0.695,11,-5.22,1,0.0429,0.019,0.0,0.123,0.359,75.05,4,0
1di1C0QI6Y92yZPYn6XYAZ,シルエット,KANA-BOON,73,240133,0,0.436,0.934,2,-2.685,1,0.0507,1.03e-05,0.14,0.321,0.384,91.481,4,1
1sTJ7xUvsloeRJjwdQyKSB,Acuérdate De Mí,Morat,2,221063,0,0.328,0.517,2,-6.124,1,0.0777,0.266,0.0,0.262,0.287,184.446,3,0
6OaVWaGfhXn70ZJfdVcabn,NO BYSTANDERS,Travis Scott,73,218283,1,0.731,0.811,1,-3.225,1,0.0712,0.0204,0.0,0.411,0.426,147.045,4,1
5dSLQkCrNpDIK8FviwtfFG,Move It On Over,Hank Williams;Drifting Cowboys,15,165800,0,0.741,0.374,4,-11.203,1,0.0413,0.942,0.00014,0.0862,0.923,83.481,4,0
5Yv3ZIpvWLS78UIKOQlsp9,Raggarbil,Danny Cooltmoore;The Great Western Alarm,27,161726,0,0.462,0.851,9,-2.771,1,0.0346,0.000962,0.000724,0.277,0.701,149.937,4,0
0SMeLj1kfk6ILwTjE4f1H3,Superstar,Pegboy,28,144240,0,0.371,0.955,5,-6.344,1,0.0858,0.00703,0.0,0.0697,0.718,97.768,4,0
3e5yu9MkIvQx17mm7LF6KY,Alone with You,Canyon City,58,186584,0,0.549,0.274,1,-12.565,1,0.0379,0.798,6.63e-06,0.103,0.207,86.664,4,0
7Bx0oBgnEfVR2bCs6Aul0X,Worst Day,ILLENIUM;MAX,0,167274,0,0.534,0.839,2,-2.951,1,0.053,0.0698,0.0,0.264,0.576,155.002,4,0
5pKUJLGKZjoPiYJnQYRH9a,Turn and Burn,The Budos Band,22,344840,0,0.445,0.833,9,-7.373,0,0.0279,0.00256,0.736,0.167,0.652,116.012,4,0
30ksReCEcSpnfAm8XCC4G7,Too Tired,Smartface,40,116893,0,0.8,0.252,11,-9.816,1,0.214,0.513,0.224,0.109,0.495,77.997,3,0
4F8OK7mNa51mKqgHqWQiYm,Space Raiders - Charlotte de Witte Remix,Eats Everything;Charlotte de Witte,54,438720,0,0.749,0.731,4,-10.865,1,0.108,0.00314,0.867,0.111,0.0598,131.997,4,0
0Zl5n7c9yFZA0NrS4MWXB2,under_score,Rafa Figueroa,34,128457,0,0.725,0.194,9,-16.627,0,0.0393,0.681,0.902,0.0864,0.132,90.045,4,0
03pgAGtsNrSoZtXDUR1Rom,Purple Snowflakes,Marvin Gaye,0,171920,0,0.607,0.481,7,-9.347,0,0.0269,0.404,0.0,0.107,0.78,109.403,4,0
6ld4zIPweVl6KxdzdRivr3,Qué Más Pues?,J Balvin;Maria Becerra,0,217361,0,0.904,0.817,8,-3.956,1,0.0871,0.0254,0.000141,0.232,0.753,101.988,4,0
2Nbhq0jI4SR7whs7YNZEuJ,17 - Slowed + reverb,Shiloh Dynasty,51,209493,0,0.78,0.24,11,-12.996,1,0.0711,0.373,0.0141,0.452,0.171,140.502,4,0
2XzfX9mvl3eg8UM5VhYAJX,O Leão,Damares;Canção & Louvor,45,267398,0,0.63,0.749,7,-5.147,0,0.0744,0.14,0.0,0.0666,0.573,75.891,4,0
7AJtoJnHV80IMEHgQs6YvU,Nach Baliye,Shankar;Ehsaan;Loy;Shankar Mahadevan;Sowmya Raoh;Loy Mendonsa;Gulzar,47,362762,0,0.691,0.916,9,-5.313,1,0.117,0.029,0.0,0.121,0.394,133.889,4,0
56sbIl0o3XpzEs0K2wHRmI,Scheißkerl,Michelle,30,202666,0,0.586,0.877,2,-4.466,1,0.084,0.0355,0.0,0.305,0.549,129.886,4,0
0zLv81RNFByXTZ3wu91y1R,Mujer Amante,Rata Blanca,50,363120,0,0.497,0.649,11,-10.205,0,0.0334,0.0145,3.78e-06,0.0477,0.567,115.357,4,0
6D8MQ04WjnY9Jrhi1MdNFa,Gamzedeyim Deva Bulmam,Müzeyyen Senar,43,197146,0,0.294,0.441,4,-7.625,0,0.0327,0.836,0.467,0.102,0.328,143.52,4,0
3qEOQKwlefkV1f7uQucrXU,To Proste Tak (Tom Socket Remix),Mirage & Yoko;Tom Socket,29,240019,0,0.793,0.839,8,-6.854,0,0.0399,0.00321,0.0163,0.608,0.837,130.024,4,0
4lTIVHttNJYHG1PhzS8CAg,LIAR GIRL,BOØWY,33,251626,0,0.564,0.837,4,-4.734,1,0.0296,0.00457,1.26e-05,0.0709,0.261,147.788,4,0
5w6BjCkSCTx4WIMtf8G89C,Twilight,Jon Kennedy,19,252188,0,0.666,0.512,7,-12.917,1,0.033,0.0585,0.029,0.219,0.388,93.502,4,0
4YXY9sJAYmOM9mk4z4dTGz,Ring,Kiprich,18,168733,0,0.666,0.892,1,-6.502,0,0.289,0.015,0.0,0.0552,0.909,191.883,4,0
3GUjEfAGucRFEgsFbCYdgj,Childhood's End,Satoshi Imano,30,332598,0,0.792,0.585,5,-9.595,0,0.0509,0.0159,0.858,0.117,0.104,127.001,4,0
2oDmFTSr4i72q6ShSAxaDR,Coração De Papel,Josué Bom de Faixa,39,172588,0,0.71,0.822,7,-2.324,1,0.0426,0.348,0.0,0.132,0.729,158.012,4,0
6wQJoXKA7Ektx9jVwDtww8,Who & Dem,Intence;Zimi,19,158267,1,0.863,0.798,11,-5.543,0,0.336,0.703,0.0,0.271,0.834,109.962,4,0
5fPWflMcJ7zT8BSnHQD9Wh,Manzil,Anupam Roy,41,191952,0,0.705,0.67,0,-6.494,1,0.0295,0.376,2.75e-05,0.186,0.701,116.028,4,0
40MXr7BMh3ShPf2b9giSRt,"Moth To A Flame (with The Weeknd, Moojo) - Moojo Remix",Swedish House Mafia;The Weeknd;Moojo,54,436721,0,0.681,0.915,0,-7.549,0,0.0423,0.00102,0.413,0.0731,0.109,121.996,4,0
1y6dEjheBdnopNo0xDXJ9P,Scars leave beautiful trace,"Car, the garden",59,213946,0,0.479,0.535,11,-6.676,0,0.03,0.49,0.0,0.0923,0.21,82.024,4,0
1a4USTrL1ZtLggEllkU2vw,Christmas Got Colder,Anson Seabra,0,129610,0,0.585,0.274,5,-9.831,1,0.0717,0.791,0.0,0.109,0.471,81.37,5,0
4bHFJc0ZIgz2lhdy9hFQA7,Protection,Alcest,44,349968,0,0.156,0.901,6,-8.03,1,0.0562,1.99e-05,0.806,0.035,0.171,145.627,3,0
7l9HIihZ6ktmmYUCRv5fr8,Palma - Original Mix,Aril Brikha,9,518095,0,0.769,0.917,10,-13.125,0,0.0402,0.0625,0.825,0.0909,0.758,126.004,4,0
2IVsRhKrx8hlQBOWy4qebo,Mr Loverman,Ricky Montgomery,79,216880,0,0.639,0.526,0,-6.697,1,0.0256,0.245,2.43e-05,0.25,0.488,130.033,3,1
1dcCbOhMl5LKAj27DrINGN,"Midnight Club Tracks II, Pt. 1",Surgeon,7,408358,0,0.695,0.983,10,-6.204,0,0.0509,0.000169,0.895,0.0437,0.37,133.989,4,0
0bVO1w0v6bLgPvCM7X2mZC,Based On A True Story...,Confess,8,132000,0,0.439,0.506,1,-12.867,0,0.35,0.197,0.047,0.185,0.055,86.076,3,0
0qs8BYRN4pOCyXX2S6in8c,Fire Power,Audiofreq,23,277200,0,0.574,0.992,1,-1.792,1,0.132,0.0151,6.83e-06,0.65,0.266,99.971,4,0
2JredID6iVWdzvDuXwc5g4,Black Adam Spotted,Lorne Balfe,21,97346,0,0.367,0.606,1,-13.294,1,0.0607,0.0732,0.743,0.113,0.0768,130.596,4,0
6d9c8VM5eMaUheUwkwOTm6,Kaia (ASOT 1090) [Trending Track],Bryan Kearney,40,127030,0,0.437,0.989,6,-7.107,0,0.0533,0.000219,0.556,0.313,0.0978,137.974,4,0
0uVrPeEM1Q02sbGA3zJ3CC,Nanbane,Yuvan Shankar Raja;Madhushree,59,302600,0,0.451,0.306,2,-6.325,0,0.0403,0.82,0.00544,0.207,0.262,102.659,4,0
2njwHmNjXByi7oQZZr0ips,Burning Love,The Carburetors,28,204021,0,0.345,0.883,2,-7.354,1,0.0438,0.000714,6.04e-05,0.317,0.489,88.764,4,0
67UZi1Fezn05O1oetjIdLm,Mama Laudaaa,Partynator,26,219170,0,0.702,0.884,11,-4.742,1,0.0916,0.111,0.0,0.373,0.563,140.072,4,0
4oHq26hX82ls9HmKGqZGVH,Esgalduin,Little Symphony,27,49523,0,0.29,0.129,10,-23.333,1,0.055,0.733,0.762,0.113,0.182,92.904,1,0
0XP2K6n7cHWDThzfEX6kek,Cachaça,Mukeka di Rato,29,90146,0,0.274,0.99,11,-3.769,0,0.0751,0.00336,0.0401,0.943,0.37,87.293,4,0
0g9bfgn27MhVjQBngkONjO,Hantam Prasangka Buruk,Straight Answer,31,99693,0,0.213,0.998,2,-3.415,1,0.215,0.00019,0.0,0.24,0.154,104.069,4,0
5ctrWrTwgy5xLZA4OWgY5O,Still Loving You (2015 - Remaster),Scorpions,30,388613,0,0.271,0.597,8,-4.128,0,0.0311,0.158,0.00135,0.246,0.0746,103.29,4,0
55Cth2NbfIWChuTpHs1kCI,Me Lembro (feat. Gabriela Rocha),Kemuel;Gabriela Rocha,33,291740,0,0.351,0.59,7,-7.291,1,0.0545,0.441,0.0,0.124,0.113,79.111,4,0
6bCZV3DwE4AMSjWkFrnEGr,Beyond The Veil (feat. JT Roach),Seven Lions;JT Roach,0,291079,0,0.577,0.842,0,-8.0,1,0.0322,0.193,0.146,0.0713,0.0385,110.016,4,0
03wrmep5c3Dr9JlOXPvFUX,You Raise Me Up,Celtic Woman,54,271133,0,0.262,0.209,2,-10.685,1,0.0385,0.919,1.98e-06,0.0805,0.141,121.487,4,0
4kWO6O1BUXcZmaxitpVUwp,Jackie Chan,Tiësto;Dzeko;Preme;Post Malone,72,215759,1,0.747,0.834,3,-2.867,0,0.045,0.374,0.0,0.0586,0.687,128.005,4,1
7BlWK6ZJN4oYqlUKZBz4q0,Tell Me,Dick & Dee Dee,33,135906,0,0.44,0.408,7,-9.774,1,0.0271,0.729,2.48e-06,0.0881,0.479,102.095,3,0
6OaI0ZpuuHfTYGBCUkXTCk,Não Valeria,Kemuel,31,296000,0,0.558,0.95,4,-6.071,0,0.18,0.0366,0.000488,0.973,0.319,136.035,4,0
1uKYwIpXYEB1xw4JnAPP8w,Feel a Vibe,Layton Giordani,48,274809,0,0.707,0.927,1,-6.861,1,0.109,0.121,0.55,0.086,0.0519,131.009,4,0
2M7L6ZcvqvLWexJzwKZRqC,La Bruja,Juan D'Arienzo,17,133333,0,0.701,0.375,1,-9.167,0,0.134,0.97,0.00045,0.0815,0.764,140.428,4,0
1ro2qxiKNuHMS09KKTLo89,My Ruin,Sevendust,23,337171,1,0.253,0.72,6,-7.925,1,0.0514,0.000558,0.0025,0.111,0.533,82.477,4,0
6dEIIiXRsvXlO7Gy1VdP9q,Woe Is Me - Reprise,25th Annual Putnam County Spelling Bee Original Cast,27,60240,0,0.626,0.0752,5,-13.282,1,0.0431,0.955,0.00743,0.362,0.357,94.626,4,0
6xZMdgMwGxBAJ3O9LfWunY,Say U Will feat. Dajae - Original Mix,Cajmere;Dajae,8,329093,0,0.926,0.471,2,-9.568,1,0.112,0.000432,0.00847,0.104,0.476,123.979,4,0
07wsr8b3h0n18wBeyZU0ht,My Other Side,Taba Chake,37,219000,0,0.574,0.244,0,-10.319,1,0.0436,0.826,0.00695,0.0872,0.448,108.049,3,0
4DWvOeinTzhj4DeGYn9tqz,Tú Eres Su Seguridad,Hermetica,43,304600,0,0.434,0.676,0,-8.545,1,0.0305,0.00236,0.0,0.398,0.486,127.331,4,0
77O8Dr6RoO3xa7p2yP9VhQ,The Prayer,Russell Watson;Lulu;London Session Orchestra;Nick Ingman,19,273866,0,0.241,0.336,10,-8.287,1,0.0313,0.477,0.0,0.0793,0.0665,105.946,1,0
2dxdzWwLl3nP0SZImUK2A0,Pasarela,Ñejo & Dalmata,0,227466,0,0.798,0.821,7,-6.143,1,0.0596,0.0985,5.84e-06,0.178,0.526,95.004,4,0
6p5xqRlCrUcRLoK3YC9ldV,Salió El Sol,Don Omar,0,317280,0,0.886,0.708,4,-5.915,0,0.0911,0.107,0.0114,0.044,0.965,109.976,4,0
30t7M7nfZ8rk4CznVyh9N0,Зеленая карета,Elena Kamburova,26,219600,0,0.278,0.213,7,-17.459,1,0.0401,0.86,0.0149,0.0512,0.139,118.811,1,0
4sPu4wktExQoJBO6vn5oL5,Evidências,Yasmin Santos,46,286765,0,0.668,0.677,3,-5.81,1,0.0341,0.364,0.0,0.135,0.403,98.023,4,0
4AUror8X0wwt0KSpTJmGHW,Baby (You've Got What It Takes),Dinah Washington;Brook Benton,0,169933,0,0.683,0.668,3,-8.36,1,0.0749,0.833,2.75e-06,0.0548,0.77,132.192,4,0
00oZhqZIQfL9P5CjOP6JsO,Tomorrow Never Knows - Remastered 2009,The Beatles,57,179546,0,0.38,0.829,5,-6.105,1,0.0405,8.4e-05,0.00208,0.342,0.0534,125.887,4,0
6Xs7OKt6i0Ddq8B4M5Dgvr,New Americana,Halsey,65,183808,0,0.339,0.707,0,-5.121,0,0.0428,0.0113,0.0,0.337,0.359,173.993,4,0
18MlLrfCkYOnKutil99GwY,Alter Ego,NTO,52,444878,0,0.716,0.534,6,-9.327,1,0.0531,0.00729,0.74,0.0682,0.271,123.003,4,0
0h467C8iLWdgfW58aj0X0o,Boavista - Innellea's Arp Attachement,Stephan Bodzin;Innellea,33,408003,0,0.689,0.773,0,-7.786,0,0.0507,0.0668,0.794,0.103,0.138,123.995,4,0
3TtILP6ufeAsUQ6eH41ILA,Repulsion,Dinosaur Jr.,26,184640,0,0.379,0.967,11,-3.953,0,0.0821,0.000347,0.00678,0.0688,0.798,145.744,4,0
2Y4ol1FiPdSPMwaEMJgXMN,hammer,"nothing,nowhere.",56,204000,1,0.653,0.78,5,-7.253,0,0.0663,0.114,3.23e-06,0.117,0.26,179.928,4,0
1NTJDF7wk26eGVxEFn4MMJ,Everything but You,Clean Bandit;A7S,0,198014,0,0.679,0.764,6,-5.301,1,0.0391,0.031,9.05e-06,0.0951,0.471,124.977,4,0
1fIJOQ8WHufCQkg3BqhfCO,I AM THE JOKER,Boris Brejcha,44,497280,0,0.8,0.551,9,-10.566,1,0.041,0.000462,0.815,0.119,0.149,125.008,4,0
4H7MpMZ4p3Cc06B11bcgL7,Soldier's Eyes,Jack Savoretti,50,171760,0,0.666,0.289,7,-12.404,1,0.0317,0.641,8.2e-06,0.109,0.415,109.965,4,0
4Nhzp5J1JSYaqXCFvrKwNJ,Anlamı Yok,Şanışer;Sokrat St,44,193150,1,0.462,0.826,6,-4.841,1,0.322,0.435,0.0,0.204,0.576,173.544,4,0
6KuIO7Ya84QfWoR0JLXn6B,Sirion,Little Symphony,28,127467,0,0.115,0.43,2,-26.167,1,0.06,0.879,0.978,0.119,0.362,95.325,4,0
7fY8qVujvm5lZBrt5Y1sIJ,Khayaal,Arijit Anand;Ankita Barwad,56,149749,0,0.702,0.326,1,-11.575,1,0.0313,0.731,0.000287,0.146,0.556,110.022,4,0
1BKl6JHciO3gjIjTzsG7hF,Peut-être a-t-il rêvé?,Raphaël,31,165080,0,0.527,0.378,9,-8.863,0,0.0258,0.922,4.12e-05,0.104,0.249,90.069,1,0
6qK47Oa7Vbumzeb69KuMhZ,The Valley of the Pagans,Gorillaz;Beck,0,181028,1,0.75,0.856,2,-5.802,1,0.0457,0.0778,3.65e-05,0.117,0.94,130.034,4,0
0e5LcankE0UyJUuCoq1uH2,The Joker,Steve Miller Band,0,264503,0,0.596,0.448,5,-9.616,1,0.0396,0.365,5.22e-06,0.207,0.796,83.293,4,0
38i3hKzRfWSzjhTOMtnzCG,El Cielo Puede Esperar,Attaque 77,44,253840,0,0.39,0.757,3,-11.223,0,0.0311,0.0016,0.000758,0.0388,0.739,159.319,4,0
5eQtR62IZ8P8qZM2pSD9Ip,Forever And For Always,Shania Twain,59,283000,0,0.469,0.722,6,-4.806,1,0.0326,0.232,0.0,0.123,0.529,85.984,4,0
32puFzyAEnxuSQNL9H8E4i,Kings of Metal,Manowar,0,223866,0,0.575,0.881,9,-13.012,1,0.0356,0.000113,2.59e-05,0.147,0.692,132.128,4,0
1cz1Z22xmJQaALUgUXzUaq,Land of Confusion,Disturbed,1,287066,0,0.553,0.991,8,-3.703,1,0.0925,4.44e-05,0.0729,0.179,0.324,114.919,4,0
66MxvS8yoayHZj2Lw0codN,Strasznie już być tym królem chcę,Paweł Szymański;Pola Pilat;Piotr Polk,30,202986,0,0.471,0.778,1,-6.309,1,0.34,0.186,0.0,0.364,0.683,197.599,4,0
4fdhVSIdZv0eB67sX2TDCv,Das Wunder der Persönlichkeit,Böhse Onkelz,39,314666,0,0.572,0.669,0,-12.087,1,0.0481,0.0117,0.0,0.111,0.632,136.114,4,0
4RLEptaOiYYtnZ07Nq87k2,Осенние листья,Надежда Обухова;Матвей Сахаров,0,208202,0,0.281,0.0665,9,-20.983,0,0.0495,0.988,1.23e-05,0.0904,0.159,74.017,3,0
6gVV28leSTAI70fV8fVP7L,Sobreviviré,Panteon Rococo,41,237133,0,0.397,0.909,1,-4.796,0,0.128,0.0202,5.44e-05,0.335,0.436,138.207,4,0
0rGllPwXKYxS07xZ0osn22,Melt - Quiet Village Mix,Leftfield;Quiet Village,17,469906,0,0.333,0.378,6,-16.326,1,0.0541,0.514,0.91,0.0828,0.0689,169.993,4,0
64NHAxoXRHW7WprPLFM5S2,Dry Martini - Remastered 2022,Eikichi Yazawa,31,245720,0,0.634,0.71,0,-6.972,1,0.0271,0.224,0.000213,0.132,0.487,123.912,3,0
76CSHuHKMJxmjmdrNBX2Z3,Victoria’s Secret,Jax,21,176124,1,0.586,0.556,6,-7.639,1,0.0592,0.00655,0.0,0.0836,0.517,167.018,4,0
66iKqUazBbTlAEjcZrpDkD,What A Diff'rence A Day Made,Dinah Washington,64,151866,0,0.387,0.117,0,-17.803,1,0.0299,0.925,0.000171,0.109,0.166,93.575,4,0
6UelLqGlWMcVH1E5c4H7lY,Watermelon Sugar,Harry Styles,89,174000,0,0.548,0.816,0,-4.209,1,0.0465,0.122,0.0,0.335,0.557,95.39,4,1
29x9jxkl6ESKOdxETtbMwT,"Violin Concerto No. 3 in F Major, RV 293 ""Autumn"": II. Largo",Antonio Vivaldi;Renato Fasano;Luigi Ferro;I virtuosi di Roma,0,145653,0,0.344,0.0258,2,-34.634,1,0.0392,0.637,0.322,0.0845,0.0355,116.868,4,0
70LcF31zb1H0PyJoS1Sx1r,Creep,Radiohead,85,238640,1,0.515,0.43,7,-9.935,1,0.0372,0.0097,0.000133,0.129,0.104,91.844,4,1
4fhLBWSTK9UeGiDQST7bxP,Rus,Lill Lindfors,35,241413,0,0.684,0.697,7,-10.563,1,0.0533,0.445,0.000138,0.11,0.895,118.446,4,0
4jhYsGCaG4i30sGOct8Xhn,Enchanted Valley,Aine Minogue,22,269706,0,0.306,0.0955,7,-18.601,0,0.0437,0.978,0.917,0.0876,0.0831,85.495,4,0
2xXAcD0zzapYgSl5z1A847,Si Supieras,Daddy Yankee;Wisin & Yandel,9,241880,0,0.691,0.894,9,-1.681,0,0.115,0.291,0.0,0.104,0.623,184.018,4,0
2wvMF4tLWrNRA9cM5fUuN0,She Doesn't Mind,Sean Paul,1,229786,0,0.709,0.795,7,-4.765,0,0.0713,0.000503,1.08e-05,0.222,0.597,120.01,4,0
2uZfcsHrP8s2UjaGqkCcHH,"If You're on the Floor, then Dance!",Cody;Heart;Mr. Primm;Scatter;The Mowgli's,8,143783,0,0.914,0.672,4,-6.035,1,0.0475,0.47,0.0,0.138,0.807,111.013,4,0
1kviWHelXoHyPKUI9vcNBl,Kadhal Murivu,Buggimaan;Malini,35,242193,0,0.622,0.843,9,-5.205,0,0.15,0.616,2.21e-06,0.104,0.607,83.949,4,0
4AtooSYrtsk66Fr8FT1rHw,Rainbow Roller-Coaster,Acoustic Syndicate,20,296200,0,0.694,0.558,7,-9.534,1,0.0359,0.766,0.0251,0.173,0.58,96.833,4,0
20G3uusQFoaVtrz22X0AP0,Pródigo,Casa Worship;Léo Brandão;MOVER,43,320602,0,0.545,0.613,6,-8.874,1,0.0273,0.111,5.53e-06,0.0943,0.16,83.17,4,0
1Cls464Epr7JDUxwyEbQEg,Amor No Te Guardo Rencor,Sonia Rivas,28,172706,0,0.701,0.548,5,-10.52,1,0.0315,0.367,0.0,0.235,0.842,119.938,4,0
7InaXrvag0nYTncPA1Iitl,Si No Te Quisiera,Juan Magán;Belinda;Lapiz Conciente,0,185480,0,0.705,0.874,0,-2.514,0,0.0723,0.17,0.0,0.0669,0.788,128.02,4,0
6swf0xZe702UEfj8KZoxo1,Kabira,Jubin Nautiyal;Raaj Aashoo,48,556348,0,0.541,0.627,10,-7.027,0,0.066,0.767,1.96e-05,0.103,0.451,97.676,4,0
0iI7D3Vqt2r8T22CmtqB4A,To Infiinity,Ocoeur,8,248680,0,0.109,0.303,10,-12.752,1,0.0404,0.683,0.261,0.116,0.035,76.95,5,0
1Io7OqoTHDgM6BBf0o749L,メランコリニスタ,YUKI,35,264653,0,0.76,0.842,1,-4.446,1,0.0421,0.229,0.0139,0.358,0.625,114.839,4,0
4nyY8oVjbX2d4qzlpiVM5n,Ruin My Life,Zara Larsson,65,190050,1,0.608,0.71,11,-4.998,1,0.0636,0.43,0.0,0.0903,0.613,124.985,4,0
5OMzsUSgwjyRcyDfdLD4jS,Não Termina Assim,Dead Fish,34,158568,0,0.316,0.951,10,-5.081,0,0.056,6.41e-05,0.0,0.339,0.718,103.68,4,0
2hllpVVDanlsKNLUscH4PA,The Next in Line,Swingin' Utters,31,220400,0,0.316,0.863,11,-6.17,1,0.097,0.00278,8.5e-05,0.0417,0.557,181.104,4,0
1hDNg43vCjUHSJSzETUHdN,"Hey, wir woll'n die Eisbären seh'n - Original Mix",Sound Convoy,38,211266,0,0.699,0.95,8,-5.291,1,0.0369,0.0243,7.05e-06,0.583,0.709,124.058,4,0
3jcMkuNGMExEorJSML33D9,Demon Speeding,Rob Zombie,0,224306,0,0.548,0.809,11,-4.001,0,0.0328,0.000298,2.96e-06,0.156,0.409,133.984,4,0
0jGNrMFSke9iI1pmfWbvft,Nothing Really Matters,Tiësto;Becky Hill,0,157720,0,0.735,0.842,5,-4.079,0,0.0403,0.00519,4.52e-06,0.308,0.681,123.039,4,0
0adp6yLOHyfrfmmsO3cH02,MAIN STREET ELECTRICAL PARADE,BiSH,20,110826,0,0.479,0.995,7,-4.777,1,0.075,1.16e-05,0.987,0.0499,0.158,109.971,4,0
1fj6MBtTLNxeP40iH5G5e4,Ntmyt,Marek Hemmann,18,363826,0,0.689,0.689,7,-9.818,1,0.0583,0.0108,0.883,0.273,0.682,124.011,4,0
0ntmUJrx1sCVROZXFETuPR,"God, His Son And Holy Whore",Amon Amarth,23,240173,0,0.136,0.99,4,-3.845,1,0.107,2.32e-06,0.868,0.29,0.0359,199.951,4,0
7F4Zrd4rCDwm4AaVJ8tpCu,Jingle Bell Rock,Blake Shelton,0,123400,0,0.65,0.736,0,-5.222,1,0.0378,0.122,0.0,0.0998,0.595,129.941,4,0
2A7Cd7hmAhCOnQ1rR3xs7r,Sacale Punta,Edgardo Donato,17,139093,0,0.687,0.334,4,-11.446,1,0.0728,0.978,0.00777,0.0768,0.964,93.028,4,0
3agQa2P1Kr5YAq58nvIT8t,Rock Nena Linda (Rock Pretty Baby),Los Teen Tops,31,107533,0,0.525,0.641,4,-6.825,1,0.0793,0.572,0.0,0.253,0.919,95.273,4,0
2zh01m4PiHaZz4BAm0NRxs,Tie Me Down (with Elley Duhé),Gryffin;Elley Duhé,66,218239,0,0.608,0.845,6,-2.292,1,0.0597,0.136,0.0,0.111,0.322,98.976,4,0
08hXzYgsInXo6MkGRyNgPn,Verdade - Ao Vivo,Zeca Pagodinho,36,278280,0,0.634,0.792,5,-9.201,1,0.0608,0.616,1.9e-06,0.749,0.797,116.064,4,0
5IW9WRaLxJblCkVXhC1vye,Vem - Ao Vivo,Nívea Soares;Gabriela Rocha,49,571013,0,0.358,0.65,7,-9.241,0,0.0429,0.0546,1.34e-06,0.641,0.226,144.037,4,0
2sjg5jT1ljKRaL2C4nDsnp,Tied Up,LFO,14,321360,0,0.572,0.98,7,-4.933,1,0.0997,0.000399,0.766,0.0606,0.405,109.994,4,0
0VQWAQY1QD9lGP2zDBSBid,yaadein,Zaeden;AAKASH,46,162352,0,0.643,0.508,5,-8.325,1,0.0432,0.492,0.0,0.121,0.408,170.136,4,0
38eBzXvEk3ZVNw9VKwBXMb,Naani Naani,WowKidz,18,50921,0,0.914,0.362,2,-9.317,1,0.124,0.737,0.0,0.0813,0.642,89.962,4,0
3Aod2IpCP00QHUlnbLRhq0,My Peace of Heaven,Ten City,16,332866,0,0.665,0.723,11,-12.277,0,0.0368,0.0259,0.00469,0.0799,0.74,121.473,4,0
5zI5Csd3ClcYXcJhs67aRZ,Baby Shark,Desmond Dennis,34,198546,0,0.707,0.626,8,-9.211,1,0.0448,0.00547,0.0,0.268,0.878,150.906,4,0
7HuER5q1a5dJ0uKrfGrMCj,Searching,Jlyricz,16,190714,0,0.552,0.424,8,-6.649,1,0.0722,0.604,0.0,0.0849,0.596,204.128,3,0
0Nt1f0uMkjTdoN9141ukhq,Ay No!,Nonpalidece,40,269185,0,0.805,0.519,6,-11.246,0,0.0854,0.0745,1.4e-06,0.076,0.681,76.014,4,0
4CppdAJG5buU2xqaDmTVkf,Lied der Freiheit,Nana Mouskouri;Alain Goraguer Et Son Orchestre,22,240413,0,0.252,0.297,1,-12.543,1,0.0406,0.958,0.000202,0.135,0.172,104.224,4,0
6CTqCqStHM2ji0liLLVJvk,Good Night,Oatmello;Late Era,51,157377,0,0.533,0.165,2,-14.879,1,0.0396,0.929,0.937,0.105,0.189,122.064,4,0
3oe8DvAkbindovOqSdny5X,I Feel Good (feat. Bunga),Pink Sweat$;Bunga,27,135849,0,0.792,0.744,11,-4.744,1,0.0554,0.0766,4.55e-05,0.0548,0.65,105.981,4,0
5BSflJ1ehYRK7cqn9hrYGd,"Cabô, Meu Pai",Toque De Prima,43,202626,0,0.613,0.711,2,-7.046,1,0.193,0.599,0.0,0.655,0.853,97.098,4,0
12ejMx8QRdhO7aotZVGCuZ,Recharged,DJ Isaac,18,259459,0,0.589,0.965,5,-2.988,0,0.197,0.0055,0.0048,0.745,0.271,147.905,4,0
34p4d1RRVLvfg1xKEJfPvW,Caballero,Moderatto;KAROL G,0,193106,0,0.694,0.853,4,-4.207,0,0.107,0.0367,9.89e-05,0.352,0.74,93.08,4,0
5PsG3vg7isSwbJP06FvvUt,The Presence Is Ominous,Borknagar,16,294720,0,0.164,0.856,9,-4.534,0,0.0599,2.66e-06,0.0247,0.24,0.163,130.919,4,0
6OxtLXSJxfKA6XTKKwALse,Sünderlein,Brings,0,240920,0,0.57,0.904,0,-2.876,1,0.0601,0.00284,0.0,0.253,0.478,128.985,4,0
6ZgQBgQSGh3DGk8NNoKAMa,白日 - ちゅうおん2021 Live ver.,Shiritsu Ebisu Chugaku,20,183613,0,0.542,0.736,1,-5.913,1,0.0607,0.0729,0.0,0.695,0.189,93.0,4,0
1FF6TogE9ELY71XnLPoEv6,Just The Two Of Us,Andrew Foy;Renee Foy,41,196304,0,0.618,0.083,4,-23.665,1,0.057,0.745,0.000123,0.146,0.597,90.865,4,0
7ErnTS7HiYqwBTNrtdqxK9,The Money Bunny,The Jamborees,11,80400,0,0.632,0.431,0,-14.856,1,0.949,0.754,0.0,0.791,0.369,170.12,1,0
5drK2kTE2mrUdV33iHWyrx,Mad About You,Hooverphonic,61,223733,0,0.465,0.844,1,-4.352,0,0.0379,0.00109,0.399,0.0865,0.155,170.358,4,0
7snboOlhbuJ0wrbqGqT0qr,Won't You Sometimes Think Of Me,Hank Williams,15,112933,0,0.641,0.195,1,-12.673,1,0.0292,0.921,1.97e-05,0.201,0.532,139.386,4,0
6ubqrTIJwspBSqx8XQHN2K,Mayhem,Halestorm,55,216760,0,0.398,0.982,2,-3.979,1,0.178,0.00306,0.0243,0.44,0.401,172.822,4,0
4VDAAeMGq6AQZi1GzO8SQS,In Your Eyes,Robin Schulz;Alida,3,208222,0,0.57,0.672,8,-5.888,0,0.0716,0.172,1.04e-06,0.0768,0.461,120.018,4,0
6mod8hXI1qI0O0h7q5gcsQ,"Where Are You Christmas - From ""Dr. Seuss' How The Grinch Stole Christmas"" Soundtrack",Faith Hill,0,247040,0,0.373,0.333,10,-9.876,1,0.0303,0.59,0.0,0.121,0.0815,110.241,4,0
3G0C3Z9H9CLejvrkWbGBb7,Pa' Madrid,El Barrio,60,260185,0,0.632,0.944,1,-3.065,1,0.0476,0.239,0.0,0.125,0.934,166.925,4,0
0YUZNLz04DGNiV9BQGhybh,Control (feat. Sirius Trema),Synapson;Sirius Trema,24,238720,0,0.54,0.834,0,-6.942,1,0.0531,0.0917,0.00282,0.158,0.377,117.086,4,0
6WFhyQ6n43T6bWQgjtW3aX,Long Haul,Ian Munsick,0,231265,0,0.505,0.627,6,-7.851,1,0.0273,0.423,7.4e-05,0.0755,0.296,141.881,4,0
4IcB2mInTQ5jFCbcsREc8q,"Saul, HWV 53: Dead March",George Frideric Handel;London Early Opera;Bridget Cunningham,0,186213,0,0.183,0.00699,11,-30.087,1,0.039,0.952,0.965,0.124,0.0728,134.455,3,0
45kO3hZk9ncs964gpUsARQ,God Is Dead (Meet The Kids),British India,26,209360,0,0.445,0.834,8,-4.792,1,0.0306,0.000645,3.66e-06,0.0695,0.272,125.482,4,0
6ucDjMpL1RzH8bJ1mwoNpI,Reuben's Train,Foghorn Stringband,25,214727,0,0.617,0.711,9,-4.941,1,0.0334,0.537,0.0004,0.146,0.721,142.79,4,0
1l1ra0gsPlpnDOc4HdkKZU,O Come All Ye Faithful,Weezer,0,124653,0,0.516,0.818,11,-6.076,1,0.0393,0.00701,0.0,0.337,0.769,121.907,4,0
3ROMQLV9N3HjrcqvV88dSP,Shang-Chi Main Theme,Samuel Kim,43,221807,0,0.324,0.766,9,-8.478,0,0.0776,0.0261,0.844,0.102,0.0399,174.017,4,0
4EW5B2AfEQNV9muXbSmKse,Fuck the Olympics,The Kill,13,64533,0,0.272,0.972,3,-4.334,0,0.131,2.66e-06,0.181,0.125,0.0348,114.013,4,0
2k220fBOc7e12Xz1FlApY3,The Guy Who Shot His Kid Up With Aids Is Awesom,Anal Cunt,13,59266,0,0.355,0.959,10,-6.204,0,0.205,0.00047,0.000543,0.119,0.189,126.648,4,0
457p7UH7hoHrbA2iI4PSCA,Live for the Night,Krewella,50,206480,1,0.499,0.843,6,-2.224,1,0.113,0.0138,0.0,0.124,0.533,127.932,4,0
7jRiYlv4KQU2vT6lG7I1to,Breath,The Blaze,57,229426,0,0.379,0.502,11,-10.84,0,0.0528,0.158,0.533,0.0934,0.0373,124.995,4,0
6rv5QNHsRsLQtbbn6nlUsW,Another Chance,Wavey,56,178909,0,0.764,0.337,6,-14.35,0,0.0472,0.351,0.0172,0.0991,0.178,110.043,4,0
0tA3r8h5RZp9xSPrZe8fcK,"Night Is Young - From ""Descendants: Wicked World""",China Anne McClain;Disney,43,182106,0,0.781,0.608,5,-4.303,1,0.0763,0.0634,0.0,0.221,0.351,119.121,4,0
3kQhWtoluFHPbcBC6gyYrZ,Arrullo De Estrellas,Zoé,1,252986,0,0.462,0.765,5,-7.011,1,0.036,0.324,0.231,0.0757,0.399,81.513,4,0
6jiEHXIHZa65gPnkKHPGGE,Espiral de Ilusão,Criolo,24,220800,0,0.772,0.33,2,-9.51,1,0.0342,0.886,0.001,0.136,0.472,124.041,4,0
3WO8ZBnOtad3xMz46Z54pY,Blue Velvet,Bobby Vinton,50,168000,0,0.418,0.153,10,-14.484,1,0.0293,0.879,4.23e-06,0.156,0.267,80.748,4,0
1fFURkneD1D7WgBrVG062x,Heavy Disco,The Bennies,32,138280,1,0.338,0.887,7,-4.772,1,0.227,0.0482,0.0,0.336,0.233,177.85,4,0
26Dme5GkC1yX4P2QU9V6Sk,"Trio élégiaque No. 2 in D Minor, Op. 9: I. Moderato - Allegro vivace",Sergei Rachmaninoff;Talistrio,0,1371693,0,0.175,0.0869,2,-20.248,0,0.0427,0.955,0.251,0.0783,0.0345,78.113,4,0
1a8tAQAzHIPQ00OPBXGWPz,No Eyes - Radio Edit,Claptone;JAW,62,204992,0,0.93,0.483,3,-9.925,1,0.0411,0.0289,0.00244,0.103,0.57,120.022,4,0
0eei3Q3RLKtA9HkvYCQC7t,Khone Do,Prateek Kuhad,44,239360,0,0.514,0.123,10,-11.512,1,0.0379,0.851,0.0394,0.127,0.169,122.782,4,0
0JeuKT9WZT0oQINRP0BAE1,Dancing Queen,ABBA,1,231093,0,0.512,0.93,9,-4.343,1,0.0508,0.17,0.00119,0.561,0.677,100.542,4,0
6LuXPPEckUXRL0ut8SN6w8,Sweet Tooth,Tucka,35,323240,0,0.865,0.603,8,-6.356,1,0.0366,0.161,8.54e-05,0.0735,0.976,105.004,4,0
4IaNKhJpfMwzPnMMH8UK0l,Ať seš punk,Tři Sestry,38,213600,0,0.513,0.95,4,-3.979,1,0.0944,0.00367,1.47e-06,0.317,0.493,75.004,4,0
0rmGAIH9LNJewFw7nKzZnc,You Give Love A Bad Name,Bon Jovi,82,222706,0,0.541,0.96,0,-2.947,0,0.0505,0.0663,2.25e-06,0.344,0.812,122.803,4,1
3VoiRl0qG64KYMlIHz9XCv,The End of Man Will Bring Peace to This Earth,Portrayal of Guilt,23,189709,0,0.154,0.879,4,-5.583,0,0.103,0.000453,0.622,0.3,0.189,143.858,4,0
4m8QRApdIvxMERrlgigXj4,All Through the Night,Sleeping At Last,52,197804,0,0.309,0.204,3,-10.867,1,0.0397,0.949,0.0,0.127,0.289,185.309,4,0
7oo2wT4ibeCm8NIFGBDLXM,Move Around - Red Bull Symphonic,Camo & Krooked;Ian Shaw,24,219432,0,0.395,0.841,0,-4.819,0,0.0418,0.039,0.0948,0.672,0.0421,87.62,4,0
0MnPdlWm7MSSUnEamZp5lX,星が泳ぐ,Macaroni Empitsu,56,239078,0,0.566,0.743,0,-5.377,1,0.0361,0.0265,0.0,0.329,0.649,94.973,4,0
5Ms7TnzfvUT4FVFc2vR3CL,Problemón,Alvaro Diaz;Rauw Alejandro,0,193013,0,0.729,0.737,2,-3.727,0,0.064,0.275,7.58e-06,0.137,0.369,91.99,4,0
4HaMXBKZa59l6MnyhLK6Bw,Crash & Burn,Tweekacore;Darren Styles;Giin,51,228800,0,0.502,0.891,4,-4.732,0,0.0455,0.032,0.00568,0.118,0.225,160.014,4,0
1Mut1YA6ZxKZ7F6MKsMSQu,Lose Control,JJ Lin,55,254800,0,0.56,0.75,0,-5.885,1,0.0816,0.223,0.427,0.204,0.279,100.077,4,0
3y4AS6cTOQBTnEsTbOUtIg,Enganchate Conmigo,Andrés Calamaro;Juanes;Niño Josele,0,225616,0,0.682,0.646,4,-9.274,0,0.0667,0.576,2.13e-05,0.0978,0.785,87.891,4,0
0pxcexhD8iTA7nR66qGdUy,夜裡無星,告五人,45,328812,0,0.441,0.213,5,-16.42,1,0.0338,0.885,0.0274,0.0874,0.138,177.554,4,0
2Qz1rfYZtRq6hLUqs2Afgj,Favorite Time Of Year - Amazon Original,Carrie Underwood,0,197223,0,0.497,0.897,5,-4.21,1,0.0513,0.00635,0.0,0.305,0.539,142.007,4,0
6xcJyGpfZbuuiequtnlKt4,BUTTERFLY EFFECT,Travis Scott,56,190557,0,0.764,0.628,11,-5.851,1,0.0503,0.053,0.0,0.114,0.196,140.963,4,0
7xlrdBdz8TGSo0COvLHymc,Wahran,RANDALL,63,231114,0,0.517,0.753,0,-7.928,0,0.0515,0.0228,0.278,0.105,0.269,93.917,4,0
6HpkYZYWphUPzcFT0bUmvO,Just A Moment,Topsy Crettz,38,196731,0,0.897,0.458,2,-10.331,1,0.0621,0.245,0.212,0.0449,0.151,122.008,4,0
5bdXzykQmyiUB91lqrNvOC,Painkiller,Freestylers;Pendulum;SirReal,43,332200,0,0.532,0.934,7,-4.663,1,0.0758,0.000627,0.000836,0.185,0.448,174.953,4,0
5FGtIsIxZ7eQxvwprE0ckY,Flauta de Pan,Sonia Rivas,29,203866,0,0.253,0.355,4,-10.13,1,0.034,0.749,4.82e-05,0.346,0.191,173.732,3,0
6keFQcq0rbK9Lm5bLcSkUC,"Mama, wo bist du?",Jubiläumscast Wien 2012,27,194773,0,0.345,0.245,2,-17.01,1,0.0702,0.891,2.75e-06,0.922,0.342,70.102,4,0
1AM8QdDFZMq6SrrqUnuQ9P,Feeling Good,Michael Bublé,73,237333,0,0.535,0.548,1,-6.51,1,0.037,0.533,1.48e-06,0.123,0.477,115.144,3,1
5uyHnjSjznvJPQNEgkB9lx,Os Alquimistas Estão Chegando Os Alquimistas,Jorge Ben Jor,0,193120,0,0.546,0.85,9,-8.415,1,0.0498,0.449,0.000779,0.74,0.747,100.304,4,0
7caj6X6NMX3tlhWnu1du6V,We Belong Together,Ritchie Valens,69,116626,0,0.684,0.247,5,-13.71,1,0.0281,0.872,0.000166,0.113,0.768,106.522,3,0
1gVKw1G0tDBCLvZqTpeSg5,SKR,Zoé,0,318000,0,0.521,0.679,11,-6.664,0,0.0291,0.482,0.921,0.0928,0.207,92.992,4,0
0T8xjOGIvfP1khCs0Qps20,Fanfarra (Ao Vivo),Ara Ketu,37,243560,0,0.443,0.84,1,-6.684,1,0.117,0.245,0.0,0.683,0.276,163.712,4,0
2GIXniwgfIlLuVTB4rWWWv,I Alone,Live,0,230826,0,0.424,0.843,6,-6.197,1,0.0394,0.00101,0.00896,0.366,0.115,90.247,4,0
5d9RSSwDvlTyuwfmeafUah,Living Hope,Phil Wickham,55,327000,0,0.292,0.535,3,-6.892,1,0.0393,0.0355,0.0,0.0977,0.316,143.949,4,0
26B4QsbHj3PADDopBxqRhs,Утомлённое солнце,Павел Михайлов;джаз-оркестр Александра Цфасмана,14,182773,0,0.544,0.303,5,-12.708,0,0.0365,0.953,0.00215,0.0486,0.726,121.578,4,0
34LcvhvuO7RIX0JzSw8FNe,All I Need For Christmas,TobyMac;Terrian,0,181764,0,0.638,0.762,10,-4.053,1,0.0976,0.0583,0.0,0.0523,0.736,170.108,4,0
2xRdvPX2IrKELYj9WvshTp,"No ja znaju, ty ljubish' drugogo",Vadim Kozin,0,164000,0,0.488,0.156,0,-11.457,0,0.0922,0.981,0.00855,0.116,0.402,130.864,5,0
35U4PXL3W3XIkAjEUdhr36,Harvest Moon,Poolside,64,368783,0,0.782,0.622,2,-5.832,1,0.0411,0.288,0.53,0.58,0.921,106.022,4,0
6wb6eqZVfvmj2FVg9jCV1K,Before Tomorrow Comes,Alter Bridge,45,246786,0,0.35,0.975,3,-3.242,1,0.129,8.65e-05,1.36e-05,0.216,0.267,160.069,4,0
4PRGxHpCpF2yoOHYKQIEwD,Rock and Roll - Remaster,Led Zeppelin,71,220560,0,0.317,0.887,9,-7.292,1,0.0375,0.000582,0.00258,0.0891,0.871,169.613,4,1
1Jw2m5Qdqk0EG94UjSrmmG,Christmas Calling (Jolly Jones),Norah Jones,0,200461,0,0.43,0.543,8,-6.296,1,0.0367,0.463,0.000523,0.0928,0.354,143.912,4,0
2gOhhHSjm3iw4NFY43carm,Caleidoscópio - Ao Vivo,Os Paralamas Do Sucesso,50,256720,0,0.567,0.494,7,-11.309,1,0.046,0.245,0.00132,0.712,0.547,175.448,4,0
3TTAkX86WXiPmIW5uXig0c,Drifting Through Time and Space,Sayama,27,266733,0,0.323,0.183,2,-16.404,1,0.0445,0.929,0.777,0.115,0.0367,139.342,4,0
5OSWVxhBiidE6KVf3lvMno,Reggae Good Vibe,Good Vibe,33,263906,0,0.768,0.621,9,-8.564,0,0.04,0.101,0.00594,0.105,0.698,128.028,4,0
2bIllkzKKCotWs0AuCsIoh,B. D’OR,Burna Boy;Wizkid,2,189800,0,0.873,0.658,4,-8.031,0,0.108,0.00858,0.0061,0.0999,0.483,104.033,4,0
1Mee0L5gBAEby8KVsVxJpO,Yule Shoot Your Eye Out,Fall Out Boy,0,221013,0,0.668,0.522,4,-7.42,1,0.0311,0.696,0.0,0.609,0.718,107.979,4,0
2zTXd81kS4LdLU97AnBnMo,New Disease,Spineshank,0,194733,1,0.566,0.909,7,-4.184,1,0.0637,5.81e-05,0.000254,0.0981,0.275,121.979,4,0
3LQ4n0ekj9PmIsC9r5IloB,Ressuscita-me,Bruna Karla;Aline Barros,42,306549,0,0.374,0.667,2,-3.978,1,0.0352,0.222,0.0,0.124,0.279,139.037,4,0
2aPFj4Ixo8jacTpKRUZ6vu,Alone And Forsaken - Single Version,Hank Williams;Drifting Cowboys,34,119266,0,0.471,0.184,9,-12.326,0,0.0651,0.971,0.00736,0.133,0.482,151.239,3,0
2yBMeNmdZ6r0ekKzs2pQNR,Dunia Baru,Bunkface,39,209524,0,0.595,0.748,11,-14.063,1,0.0492,0.126,0.0,0.0842,0.748,91.554,4,0
3AQozzNsKUnxw2GSn0IlRq,MEAN!,Madeline The Person,0,143957,0,0.56,0.436,7,-8.761,1,0.491,0.918,0.0,0.093,0.402,117.907,4,0
06ZKQ9zWVEOR9C532mkj7K,Filho Do Deus Vivo - Ao Vivo,Nívea Soares,46,334400,0,0.517,0.873,1,-6.874,0,0.0349,0.00218,4.8e-05,0.95,0.246,133.982,4,0
5wqqBpcLHL63lT87Jg1Nf8,Illusion of Us,Anton Ishutin,0,328005,0,0.819,0.473,1,-8.356,0,0.0567,0.016,0.433,0.0644,0.638,120.02,4,0
2cimYdaqIfLYbBXLb6v3kP,Can You Feel the Love Tonight - Japanese Version,Yuji Mitsuya;Yukiko Yamashita;Riko Hanamura;Mitsuru Miyamoto;Atom Kobayashi,33,174466,0,0.262,0.117,5,-20.88,1,0.0456,0.864,0.0,0.551,0.313,80.615,4,0
48L6QXYIwpL3JkrkpYFRTP,I Am Very Possessed,Barathrum,17,286320,1,0.393,0.975,11,-5.274,1,0.0423,3.13e-05,0.0174,0.614,0.392,152.543,4,0
2w1gsuyH8vJO2aH7JAaa4x,Só Mais uma Vez - Ao Vivo,Leonardo;Eduardo Costa,46,168600,0,0.633,0.634,2,-6.059,1,0.0306,0.226,0.0,0.781,0.371,95.074,3,0
3eMXjRo2in703wNBZVEliG,Spiral Void,Saeed Dehghan,0,347280,0,0.634,0.664,10,-7.82,0,0.0623,0.00203,0.11,0.171,0.171,120.014,4,0
6a4tzCwGfCJFPMOVN8s2o0,I Love My Penis,Mitch Fatel,22,164840,1,0.538,0.797,8,-12.169,1,0.95,0.918,1.76e-05,0.586,0.448,75.923,1,0
74kWrMnfu1RIkXzjHpIjKJ,Dva druga,Vadim Kozin,0,178161,0,0.554,0.195,4,-10.144,1,0.298,0.994,0.0174,0.0589,0.566,95.537,3,0
5momcZeBnYAHWzxTxVO0pq,Fazendo a Cabeça,Planet Hemp,42,200106,0,0.698,0.73,4,-8.146,0,0.094,0.00786,8.57e-05,0.214,0.537,116.189,4,0
5jXwDTzWWPK4AzJwHEHdkQ,SÚBELE EL VOLUMEN,Daddy Yankee;Myke Towers;Jhayco,2,223366,1,0.83,0.623,6,-4.056,1,0.0801,0.0219,0.0,0.0812,0.614,101.036,4,0
6yvANotr5Vy1D1vxLsjZzC,Crazy,Horace Andy,27,298840,0,0.693,0.547,7,-11.135,1,0.235,0.137,2.83e-06,0.088,0.603,170.694,4,0
6GM93QLita5nZknl6G2s4M,Concussion - Mefjus Remix,Noisia;Mefjus,44,226046,0,0.607,0.98,1,-0.488,1,0.25,0.000282,0.841,0.566,0.396,172.039,4,0
0Fc9QSMX6fgEBgDjUax7t7,Ruin My Life - Steve James Remix,Zara Larsson;Steve James,55,177096,1,0.723,0.837,11,-6.487,1,0.0389,0.0103,0.000477,0.0834,0.643,123.952,4,0
0XlsXcBfpJq4cFXJM5BOXK,Soul Xchange - Original Mix,Random Noise Generation;Octave One,5,412984,0,0.541,0.587,2,-9.766,1,0.0392,4.01e-06,0.691,0.0548,0.444,126.016,4,0
0lOk1COnPBSFGzg1Gt5IBa,Rudolph The Red-Nosed Reindeer,Ella Fitzgerald,0,171773,0,0.596,0.315,8,-9.175,1,0.0428,0.961,0.0,0.258,0.64,119.935,4,0
6yd2M373yAtIg6g7wqLSlT,Hardcore Vibes - South Bound Mix Cut,Dune,30,291213,0,0.588,0.69,4,-8.72,0,0.0396,0.014,0.2,0.0729,0.436,163.778,4,0
0ii5SK9VQVFB8CU3WI5Syr,Enredado en Tu Pelo - Timbalive Version,TIMBALIVE,28,319360,0,0.782,0.88,9,-6.34,1,0.0472,0.592,0.0,0.205,0.899,98.003,4,0
6DkWvMJZjYQdeat4itVt97,Moons,White Noise for Babies,0,187464,0,0.179,0.145,2,-16.26,1,0.0433,0.00239,0.85,0.1,0.0381,76.705,5,0
144Yxmjq9xQZjJx1QegH1N,Felicita,Lasse Stefanz,37,210093,0,0.636,0.871,7,-6.47,1,0.0312,0.169,0.0,0.202,0.939,107.798,4,0
3DWNcWoQ2LLqgPYEDaCwkG,Someone Else Is Steppin' In,Z.Z. Hill,34,219693,0,0.786,0.721,10,-6.94,1,0.0625,0.235,0.00087,0.12,0.891,130.802,3,0
0hlh787aY52rcNvJHnE0Ml,Lost In Dreams - Weapon X Remix,Mike NRG;Weapon X,23,296360,0,0.547,0.867,6,-5.04,1,0.0326,0.0546,0.489,0.0735,0.253,163.002,4,0
1QsILO369FaBdl6V9YNFGl,D.A.M.,Fetty Wap,51,225866,1,0.697,0.676,7,-3.51,0,0.0395,0.00752,0.0,0.0898,0.372,136.01,4,0
1qZMPmpD1jDcOA7gZ6TCde,One (Your Name) - Radio Edit,Swedish House Mafia;Pharrell Williams,65,163246,0,0.733,0.673,9,-6.572,0,0.0333,0.0132,0.0049,0.16,0.636,125.061,4,0
5L7EcEdJAZ3TEpWEfsOMLD,Love & War,Yellow Claw;Yade Lauren,49,180150,0,0.577,0.911,1,-4.449,1,0.0512,0.0186,0.0587,0.159,0.543,160.036,4,0
1grvqYbhgqJxwdzeY1vgSb,No One Like You (2015 - Remaster),Scorpions,31,238866,0,0.441,0.796,9,-2.851,0,0.0431,0.0167,2.52e-06,0.166,0.696,118.146,4,0
2SVJX8h6SlkMwfCplSMWyk,Natural Hot,Grim YG,21,181133,1,0.877,0.596,7,-4.882,0,0.323,0.348,0.0,0.0585,0.717,96.887,4,0
1hH6gstgij0Noc7UnOynAf,Asas,OQuadro;Jorge Du Peixe,21,192000,0,0.723,0.636,10,-10.265,0,0.25,0.3,2.37e-05,0.144,0.813,79.958,4,0
2nBrIzKacrNdIxs90FlsT1,Wake Me Up,Roses & Frey,58,196819,0,0.494,0.214,7,-11.041,1,0.0363,0.92,1.07e-05,0.107,0.35,125.981,3,0
3vq7aH5bBDHGg2szzHUdUw,I Don't Wanna Be Me,Type O Negative,0,308826,0,0.473,0.977,8,-8.651,0,0.15,0.0243,0.604,0.0931,0.0449,100.552,4,0
4iW4MrGO9UEqshklHLwZRh,Sou o Cara pra Você / 4G / Escondidinho / Nudes Não - Ao Vivo,Kamisa 10,44,424287,0,0.522,0.782,1,-6.383,1,0.0647,0.716,0.0,0.867,0.702,159.877,4,0
1bKQ48M9onID2kbSpRy8kK,Send Me An Angel,Scorpions,70,273333,0,0.153,0.417,1,-11.587,1,0.0318,0.434,0.000622,0.211,0.166,80.87,3,0
58eukN93h5b7rBlbcR6owz,Trading Bikes,Ewert,31,177622,0,0.822,0.459,5,-5.009,1,0.073,0.287,0.822,0.287,0.521,90.028,4,0
5Zq9n3NJ6QOsvcFwvS5SuC,Forró No Interior,Zé Vaqueiro,49,169049,0,0.712,0.918,2,-1.957,1,0.0722,0.35,0.0,0.109,0.83,149.897,4,0
4jyjh3jL2utCwaKTqKwI9l,Rather Be - The Magician Remix,Clean Bandit;Jess Glynne;The Magician,0,274800,0,0.809,0.757,1,-6.246,0,0.0424,0.0157,0.0943,0.0997,0.587,121.013,4,0
522Kz7dt6L6UVoHZzXpgkn,Mellow,Rohit Shakya;Sajjan Raj Vaidya,48,216000,0,0.695,0.78,10,-4.912,1,0.0514,0.11,0.000143,0.0744,0.604,74.978,4,0
6Mq4q5OIMO25vBsKpFdlnH,朝が来る,Aimer,57,294933,0,0.335,0.92,1,-4.086,1,0.0986,0.00118,0.0,0.354,0.246,83.117,4,0
2Bo5v0ItxAdMwx1nyLOjJX,Wonky,Orbital;Lady Leshurr,17,373733,0,0.62,0.929,7,-6.813,1,0.045,0.0037,0.0566,0.0942,0.417,128.019,4,0
3nxRHGSdTr6lwc2QCrRAEv,Eterno Amor,Sampa Crew,43,260533,0,0.696,0.581,5,-10.402,1,0.0628,0.435,6.59e-06,0.667,0.268,142.0,4,0
17IidG1HMhzJ7hee4uOikv,触电,S.H.E,43,261506,0,0.611,0.583,7,-5.471,1,0.0306,0.182,0.0,0.143,0.663,179.34,4,0
5Pl7IrRjL0O3mmclPQlpWh,Thunder,Imagine Dragons,4,187146,0,0.601,0.824,0,-4.757,1,0.0474,0.00866,0.173,0.155,0.246,167.965,4,0
4ZtYo7EHWYsTvqsLL153r4,Come Alive,Pendulum,53,233092,0,0.524,0.962,2,-2.796,1,0.0292,2.39e-05,0.496,0.332,0.234,103.022,4,0
7oS2EnBWSHxzR2m6CxNJYA,Crazy What Love Can Do,David Guetta;Becky Hill;Ella Henderson,0,169756,0,0.601,0.713,4,-3.758,0,0.0449,0.0282,0.0,0.158,0.464,122.872,4,0
143yDZNsliy9RcosuXZIYQ,"Les petits riens, K.app.10 (ballet): 6. Gavotte gracieuse",Wolfgang Amadeus Mozart;Academy of St. Martin in the Fields;Sir Neville Marriner,11,74000,0,0.296,0.0242,9,-27.154,1,0.0546,0.99,0.907,0.199,0.248,175.619,3,0
3LOqsmtYm5N717CDCUMtN7,Antes Muerta Que Sencilla,María Isabel,28,154493,0,0.76,0.917,0,-5.197,1,0.186,0.0269,0.0,0.107,0.966,160.014,4,0
1PnYlRz7y97T26egDekfgx,Det verkar kärlek (Sounds Like Love),Mats Rådberg;Rankarna,35,168306,0,0.757,0.453,7,-10.801,1,0.041,0.411,6.38e-05,0.125,0.868,131.093,4,0
5PSaVasleQvJZ2mDN83Ixr,Biomes,James Heather,59,162946,0,0.246,0.111,3,-24.418,1,0.0443,0.913,0.871,0.11,0.137,126.738,4,0
43wl08dxGA8h51kuahHLYJ,Moça,Erick Roza,42,144372,0,0.657,0.522,0,-11.893,1,0.0301,0.601,0.000865,0.108,0.229,140.028,4,0
0yQJdXUI1sAGgMapnpqrGi,Kannamma,Praveen;Rohan Prakash;Khadhijah Shareef;Nishitha Menon;Arya Prakash,9,269760,0,0.704,0.622,2,-10.363,1,0.0314,0.574,0.0454,0.0529,0.379,132.995,4,0
7fgA5gjOjGlsIPLbUFvHDb,旅人の唄,大原ゆい子,43,264087,0,0.404,0.668,10,-5.746,0,0.0303,0.0137,0.000326,0.123,0.495,136.98,3,0
3bTjVR73jjv8ifAYbpohUe,Rage,Lucas & Steve,50,175714,0,0.56,0.978,1,-4.538,0,0.0824,0.0173,0.674,0.286,0.553,126.029,4,0
4T6HLdP6OcAtqC6tGnQelG,Everything,Michael Bublé,71,212373,0,0.686,0.688,6,-4.981,0,0.0254,0.39,1.03e-06,0.0924,0.493,123.125,4,1
21bFBk0oi19JQzHJoifZSn,Allah Maaf Kre,Amrit Maan;Tehjeeb Hafi,57,210000,0,0.544,0.501,8,-7.152,0,0.0625,0.455,0.0,0.108,0.517,97.922,4,0
4WLeyA2WjHmrKLLdr6YZ4M,Mardaani Anthem,Salim–Sulaiman;Sunidhi Chauhan;Vijay Prakash;Kausar Munir,42,228702,0,0.51,0.844,9,-2.321,0,0.335,0.43,0.0,0.0454,0.575,91.2,4,0
4X2nqt4Pu1lcmYYeuGBjkG,Por Nacer,Almafuerte,33,178373,0,0.252,0.961,4,-3.42,0,0.0706,0.000452,0.000474,0.0674,0.421,85.313,4,0
6w8ZPYdnGajyfPddTWdthN,Can I Get It,Adele,74,210384,0,0.703,0.68,9,-6.118,0,0.0431,0.0171,0.0,0.178,0.536,97.985,4,1
4TFYvTpA7QLnCcMlugJj6W,Ladies and Germs,Wyatt Cenac,20,488605,1,0.524,0.532,10,-13.171,0,0.948,0.884,0.0,0.765,0.51,55.704,3,0
3QI2FbgxMG42vJjqNEHOP3,Em busca do porrão - Versão 2,O Rappa,47,312280,1,0.652,0.57,5,-9.013,0,0.0259,0.638,0.00815,0.154,0.78,92.978,4,0
4krYRz1TcFweFvmREcygeU,擁抱,Mayday,47,286826,0,0.415,0.448,0,-7.659,1,0.0303,0.417,0.0,0.106,0.249,119.889,4,0
2oNbJh6ohXY88ispYK9AWK,Manifest,Da Poet;Kayra,43,215083,0,0.759,0.862,7,-4.604,1,0.293,0.209,0.0,0.0557,0.623,89.976,4,0
7adZFwp4PnLDL2QrQhv8fD,Moth To A Flame (with The Weeknd) - Extended Mix,Swedish House Mafia;The Weeknd,52,298750,0,0.705,0.643,0,-8.766,0,0.0548,0.000831,0.000605,0.136,0.223,119.987,4,0
5z0QLEpkbUh00SevSuYxOh,Divine Moments of Truth,Shpongle,42,620333,0,0.449,0.704,6,-8.83,1,0.0712,0.0194,0.614,0.319,0.273,90.822,3,0
7GFAkrFWWDd2T0PyP0KPiW,Bivouac,Recue,9,244000,0,0.539,0.773,5,-8.504,1,0.0374,0.00309,0.725,0.149,0.0779,94.986,4,0
2iqA5Na5vlo0bnZUf8KT1N,new body rhumba (from the film White Noise),LCD Soundsystem,61,443853,0,0.707,0.931,2,-5.463,1,0.0545,0.0933,0.00267,0.153,0.702,136.822,4,0
08cBDGzPfgexMmwV1fvi7K,God is A DJ - Extended,Faithless;David Guetta,35,256368,0,0.683,0.838,6,-5.741,1,0.0416,0.0272,0.747,0.114,0.0399,125.986,4,0
7dfftDUxQcnjjmjFjbm6T4,Goiânia Me Espera - Ao Vivo Em Goiânia / 2007,Jorge & Mateus,45,166613,0,0.706,0.951,7,-4.189,1,0.0658,0.447,0.0,0.899,0.95,118.008,4,0
46N0cSUeoKfdGOGG852Jk1,Planet X,Space 92;The YellowHeads,52,227871,0,0.792,0.836,7,-6.252,1,0.0648,0.006,0.878,0.108,0.183,130.003,4,0
2tOesqy3dQL8N4tqSaO79z,What Does it Feel Like - Royksopp Return To The Sun Remix,Felix Da Housecat;Röyksopp,32,432177,0,0.798,0.506,9,-9.331,0,0.0824,0.00225,0.578,0.101,0.356,123.001,4,0
0xN2e2Odk9nPLOLpacow2e,We Are One - WWE Mix,12 Stones,41,223160,0,0.394,0.934,10,-5.494,1,0.103,0.000205,0.000258,0.204,0.262,127.041,4,0
7wId87yNWH9OLB9sBBlnkN,Climbing The Walls,Fred V;Paul Dowling,45,211992,0,0.484,0.803,4,-4.539,0,0.0462,0.00909,1.42e-06,0.161,0.19,173.974,4,0
5dkXVqSVgoThf6YwgiORMz,What Are You so Afraid Of,Videoclub,45,147573,0,0.559,0.561,0,-8.924,1,0.0244,0.213,0.0304,0.135,0.103,105.048,4,0
0hVoGcQfWl7KnAhi7cpXC3,New Hope,dreissk,11,206869,0,0.0717,0.459,6,-16.526,1,0.0622,0.738,0.931,0.0925,0.0356,185.643,4,0
4Eh0EzmssbxXKjPBKXd0EB,Ecstasy (Instrumental Edit),Crooked Still,43,221016,0,0.624,0.402,9,-14.837,0,0.0327,0.571,0.873,0.105,0.326,132.084,4,0
10ZVSS0MiaKl9hQXAmBjYS,Not Your Concern,The Hush Sound,30,174893,0,0.575,0.758,9,-5.512,0,0.031,0.157,0.0,0.0853,0.703,135.992,4,0
32il27dOrLpIru8Evp4Pu7,American Psycho (with Mae Muller feat. Trippie Redd),Marshmello;Mae Muller;Trippie Redd,67,153195,0,0.617,0.514,9,-7.099,1,0.0722,0.0154,0.0,0.118,0.365,81.067,4,0
2S8xyNRJX1XQdo3qnTuovI,Maxwell's Silver Hammer - Remastered 2009,The Beatles,58,207920,0,0.764,0.426,2,-11.045,1,0.0405,0.629,0.000119,0.132,0.726,131.12,4,0
6DoL1yYIwEW7VZMRaJhoJI,La Llevo Al Cielo (Ft. Ñengo Flow),Chris Jedi;Anuel AA;Chencho Corleone;Ñengo Flow,88,254920,1,0.795,0.845,9,-3.809,0,0.135,0.105,1.14e-05,0.172,0.769,170.023,4,1
3At9iZJpHFkIsVFO4IKe4u,Elite,Abelation;Saka,40,233141,0,0.631,0.675,1,-5.778,1,0.329,0.172,0.46,0.29,0.453,139.962,4,0
3a3xhycCEf2HN4fm4nIe1O,Фотограф,Electroforez;superkomfort,53,143661,0,0.805,0.879,4,-4.799,0,0.0415,0.0503,0.000758,0.338,0.912,142.0,4,0
55z0yEsG9giLqLI31XmGSW,Cuando Te Vayas,Los Prisioneros,39,291160,0,0.508,0.747,9,-10.249,0,0.0469,0.0112,0.000339,0.0954,0.439,144.575,4,0
6Y0EIzZmLz9zWQineeK6Kz,Quedemonos Aqui - En Vivo,Ariel Ardit;Andrés Linetzky,18,236708,0,0.417,0.313,2,-9.524,0,0.0533,0.882,5.9e-05,0.648,0.335,63.269,4,0
1MDEvpaFk2Ins7N8hGfFlA,One Day,Martin Jensen;FAST BOY,68,152990,0,0.605,0.834,8,-5.879,0,0.286,0.204,0.0,0.214,0.503,126.277,4,0
3zSE9jTN4IclVG3MOllnhT,Astral Dreams - Speakers Mix,Laurent Garnier,18,372560,0,0.823,0.938,9,-10.606,1,0.097,0.0271,0.0848,0.112,0.404,133.838,4,0
0tbrsff15gnYATaHF9Y1V4,Sommer in Berlin 2021 - Radio Mix,Sven & Olav;Sven Kuhlmann,17,196000,0,0.854,0.639,7,-6.915,1,0.11,0.00533,0.41,0.63,0.652,124.001,4,0
0J1SNj1evDHEYHZzHT7Zps,Caught in the System,Aversions Crown,21,240381,0,0.41,0.946,5,-3.776,1,0.066,0.00692,0.0,0.35,0.0781,135.036,4,0
5mjfIZabc3GGbIYtBa6VEw,To Speak Of Solitude,Brambles,55,261480,0,0.163,0.047,3,-24.975,0,0.0344,0.938,0.955,0.14,0.0389,85.607,4,0
53UKOu8knQIiceqiPiudV3,Lies In The Dark,Tove Lo,52,221440,0,0.299,0.448,1,-7.819,1,0.0452,0.0275,0.0,0.0892,0.172,177.59,4,0
4FiyvQ1oi89AOzemfZpp2q,Invisible War,Extreme Noise Terror,13,156693,0,0.371,0.969,6,-7.777,1,0.0889,1.03e-05,0.0305,0.228,0.294,100.963,4,0
0llzwIl1LZHvOW2GIKJ3jQ,Fallout,Lorne Balfe,44,90080,0,0.434,0.404,0,-13.207,1,0.0458,0.341,0.899,0.0734,0.136,168.919,5,0
2Pe2uda2pqu1CyK3RqtOAW,Bittersweet,Lianne La Havas,0,236640,0,0.57,0.409,5,-7.555,0,0.0331,0.345,0.000188,0.219,0.304,137.8,4,0
6Ozx2ngGtXrqznTKhKBlrT,Deva Shree Ganesha,Ajay-Atul;Ajay Gogavale,63,356826,0,0.34,0.96,1,-5.427,1,0.0802,0.238,4.32e-06,0.0378,0.475,150.04,4,0
6MCy7TQ6qOvEdayIkbC8kc,No Rain,Blind Melon,0,217200,0,0.359,0.573,9,-6.054,1,0.0326,0.665,0.000178,0.136,0.562,73.368,4,0
59I4zeY0veIyBye6V8Qhsw,Roupa De Lua-De-Mel - Ao Vivo,Gian & Giovani,43,214813,0,0.557,0.585,7,-6.753,1,0.0396,0.572,0.0,0.972,0.599,82.617,1,0
2gFrejz48wRgBnBQVixUNO,Girdim Yarın Bağçasına,Rashid Beibutov,5,201200,0,0.361,0.169,11,-13.005,0,0.0344,0.989,0.000171,0.0933,0.198,109.309,3,0
4vAXV6Byr8E6CmuZuO6OSH,If You're Happy and You Know it Clap Your Hands - Original Mix,Cameron's Bedtime Classics,18,44786,0,0.649,0.338,0,-13.893,1,0.0766,0.713,0.862,0.101,0.58,101.446,4,0
5cjZzR5YxP3ZhPjft1u9YY,Sexual Commentary - Radio Edit,Jah Vinci;Nae.Nae,22,174310,0,0.608,0.788,8,-4.413,1,0.375,0.0995,0.0,0.207,0.676,130.878,5,0
6iqQX4KlFL28KMqiEFMWCQ,A Coming Race,Hypocrisy,19,308533,0,0.173,0.89,4,-7.81,0,0.0672,1.52e-06,0.822,0.237,0.091,120.008,4,0
5J5VBW8G9ViJfzX5FEYvni,Christmas All Over Again,Tom Petty and the Heartbreakers,0,253626,0,0.44,0.838,9,-6.196,1,0.0423,0.0956,0.0,0.473,0.619,138.908,4,0
6f1oG9hTx3NETgV6q4rkw5,Take You Down,ILLENIUM,54,221398,0,0.275,0.657,11,-3.9,1,0.0431,0.396,0.000148,0.305,0.219,169.638,4,0
7M8T9iv6w49bOxpchiSVCR,Grandpa Pig's Train to the Rescue,Peppa Pig Stories,43,290736,0,0.709,0.479,6,-13.243,1,0.943,0.776,0.0,0.436,0.682,126.792,3,0
0gaQZpcyDE0AK1m0tYNUt7,Rampljus,Håkan Hellström,26,58727,0,0.453,0.171,11,-13.325,0,0.0426,0.815,0.0,0.687,0.526,103.149,3,0
4g3o3KScQl3MVW8THLDBVQ,UMBRA,Ace Aura;Voicians,43,217600,0,0.438,0.953,6,-2.085,0,0.152,0.0126,0.00394,0.104,0.124,149.871,4,0
1yt4wO7dKCwsfjch8SN9aU,花の塔,Sayuri,67,275614,0,0.486,0.948,9,-1.59,1,0.122,0.0242,0.0286,0.137,0.507,170.015,4,0
2lALqW28yjkmb6LCBBUc7j,Dhokha Dhadi,Arijit Singh;Palak Muchhal,58,249730,0,0.595,0.688,2,-6.391,1,0.0386,0.516,0.0,0.0842,0.866,91.979,4,0
7Huhnnm74bfVtOXsvvmxzu,Saco De Ouro,Chitãozinho & Xororó,50,175573,0,0.731,0.418,5,-8.51,1,0.0382,0.381,0.0,0.111,0.843,120.161,4,0
32SckiFOYb8bwYewY51WA7,"Mighty Wings - From ""Top Gun"" Original Soundtrack",Cheap Trick,56,231040,0,0.467,0.937,5,-8.285,1,0.0483,0.0269,0.0,0.235,0.848,158.071,4,0
2kFAFkE3sTgTM7DwSrSEj3,Dos Fracasos,Miguel Calo;Alberto Podestá,18,156813,0,0.646,0.194,11,-8.878,0,0.0515,0.984,0.165,0.171,0.627,129.179,4,0
18rI489dTiiDiBSWMW0TSu,PURE GOLD - Remastered 2022,Eikichi Yazawa,37,239960,0,0.677,0.717,7,-8.342,1,0.0633,0.188,0.000585,0.0935,0.6,122.938,4,0
50sWFRRbPHNz7n7Nt1N93E,Make It Sweet (Instrumental Version),Steve Petrunak,25,184111,0,0.447,0.332,7,-11.319,1,0.0334,0.864,0.798,0.0815,0.67,89.9,4,0
4S9oFNsKx4ZzW4eFws0iYO,Safar,Bhuvan Bam,48,211379,0,0.642,0.728,7,-6.692,1,0.0315,0.245,0.00238,0.101,0.411,124.983,4,0
5QHRON3xuXFOWlXeZU4oVF,Stay,Zedd;Alessia Cara,0,210400,0,0.689,0.623,5,-5.025,0,0.0621,0.254,0.0,0.113,0.546,101.998,4,0
1ILwI5d4fRL2XvVVuTL9Wq,愛的飛行日記,Jay Chou,47,252586,0,0.639,0.791,8,-5.968,1,0.0335,0.231,0.0,0.111,0.305,113.021,4,0
16AFbRYIdpesOleGTKClHs,Mark the Graves,Linkin Park,43,305013,0,0.442,0.925,9,-3.781,1,0.0648,0.00195,0.496,0.0851,0.196,134.94,4,0
1tY8PhIOqDTx1GHDEhSuxh,Lipstick On Your Collar,Connie Francis,45,136573,0,0.526,0.931,7,-6.723,1,0.0526,0.342,9.91e-05,0.271,0.929,165.365,4,0
6hiPJSPAKqGTjPx1gUlKZS,Be Alright,Lucy Rose,37,235560,0,0.578,0.162,5,-10.48,1,0.0374,0.74,0.0,0.178,0.195,135.495,4,0
4ID45W7QoisqbyFPst3wih,World Burns,Lokel,60,141049,0,0.781,0.373,11,-10.866,1,0.0791,0.202,0.0346,0.142,0.301,125.978,4,0
1c03f9YZmO792D7hRjZMYi,Hands On You,Austin George,62,155567,0,0.616,0.557,11,-5.871,0,0.0413,0.354,1.53e-06,0.345,0.626,159.91,4,0
36foZ6OSZvUPgR3uNbuHiI,Quién Fuera,Los Bunkers,0,218120,0,0.446,0.814,9,-3.421,1,0.0306,0.000682,0.000814,0.101,0.554,138.112,4,0
3DF1ix5ynSLWQesZNZvUEV,Snowman,Isak Danielson,0,168000,0,0.51,0.306,4,-11.214,0,0.0305,0.687,0.0,0.0811,0.23,99.896,3,0
3Xl7gON72joBquu8YJG8z9,Sentimental Mood,Crate Diggers,38,109500,0,0.738,0.558,10,-12.088,0,0.0423,0.000663,0.163,0.17,0.601,80.03,4,0
5el5IEyb9ki6rxmGckY0Hk,One More Coffee,Celestial Alignment,3,118492,0,0.627,0.117,8,-21.584,1,0.0376,0.979,0.926,0.264,0.382,68.845,4,0
1Iz07jlK4Eg8VQD0eBZTTO,Por Toda Vida / Recaídas - Ao Vivo,Lauana Prado,48,251498,0,0.653,0.848,9,-3.978,1,0.0325,0.2,0.0,0.608,0.434,105.988,4,0
2wp7OUgPvFipU9fHGjNEcr,El Diablo,Jerry Di,0,184853,0,0.863,0.768,7,-2.227,0,0.184,0.0851,0.000119,0.105,0.673,107.971,4,0
7pe5uLgTTJwaCkbMyJT6Qq,Elegantly Wasted,INXS,1,272506,0,0.736,0.781,5,-3.98,1,0.0443,0.00124,0.0138,0.0796,0.787,110.014,4,0
6eWeTcpAu5F68IQf2xWTU3,You're Still The One,Shania Twain,3,212560,0,0.558,0.54,3,-7.2,1,0.0305,0.501,0.0,0.252,0.654,133.774,4,0
51VXh14DlqZuloQGCocvKA,Abrázame,Asdrubar,38,233615,0,0.65,0.889,0,-5.194,1,0.0503,0.287,0.000583,0.0441,0.869,195.907,4,0
2QKALbvieihPo40okeVa1v,The Business,Tiësto,4,164000,0,0.798,0.62,8,-7.079,0,0.232,0.414,0.0192,0.112,0.235,120.031,4,0
6PbhI4RX7jsbe8a8tHOwgi,VIP Sound - Benny Page Remix,Deekline;Ed Solo;General Levy;Benny Page,11,250971,0,0.627,0.854,7,-4.58,1,0.0716,0.000943,0.000756,0.21,0.387,174.979,4,0
2hyP9WkqwrydvQZ7IrCe0N,Austin,Blake Shelton,0,230333,0,0.603,0.609,7,-7.063,1,0.0278,0.188,0.0,0.0982,0.275,119.911,4,0
1XsN9Flu0VvZpXmrkBtZGt,Let’s Go,Stuck in the Sound,60,211453,0,0.486,0.623,11,-5.07,0,0.0309,0.0097,3.4e-05,0.178,0.275,89.454,4,0
3IUpuyEMIgt4GvEZ2TqERF,Run Rudolph Run,Chuck Berry,0,162897,0,0.647,0.876,10,-5.662,1,0.185,0.881,3.59e-05,0.26,0.949,151.925,4,0
1l1ra0gsPlpnDOc4HdkKZU,O Come All Ye Faithful,Weezer,0,124653,0,0.516,0.818,11,-6.076,1,0.0393,0.00701,0.0,0.337,0.769,121.907,4,0
5Y3zAn140bNDc1IZZBDc4l,Adicto a la Tristeza (feat. Pancho Uresti),Edwin Luna y La Trakalosa de Monterrey;Pancho Uresti,45,198133,0,0.635,0.565,7,-5.223,1,0.0569,0.667,0.0,0.0569,0.923,146.095,3,0
1RFTlrpmEUyBpkaW6mfrxQ,"RATS - FROM ""GIGS"" CASE OF BOOWY",BOØWY,34,159600,0,0.258,0.985,0,-3.376,1,0.157,0.0202,0.000308,0.432,0.382,176.952,4,0
7oS2EnBWSHxzR2m6CxNJYA,Crazy What Love Can Do,David Guetta;Becky Hill;Ella Henderson,0,169756,0,0.601,0.713,4,-3.758,0,0.0449,0.0282,0.0,0.158,0.464,122.872,4,0
3nKEiJUeaWn8q2O9I1xwlB,Shukran Allah,Salim–Sulaiman;Sonu Nigam;Shreya Ghoshal;Salim Merchant,64,290053,0,0.432,0.695,1,-8.022,1,0.111,0.732,0.0014,0.274,0.513,116.153,3,0
46bFZCQ2U2DMSNUKGzQUyP,Truth Hurts,Lizzo,0,173325,1,0.715,0.622,4,-3.046,0,0.111,0.11,0.0,0.123,0.407,158.088,4,0
15w7sDPrdDhWI0L0jSQqMW,Move On,Virgoun,40,249162,0,0.651,0.36,9,-9.286,1,0.03,0.756,0.0,0.255,0.468,97.919,4,0
2NDDTipKDL1L09WV2GSN52,Run Rudolph Run,Chuck Berry,0,162897,0,0.647,0.876,10,-5.662,1,0.185,0.881,3.59e-05,0.26,0.949,151.925,4,0
1QFh8OH1e78dGd3VyJZCAC,Boys Don't Cry,The Cure,77,155973,0,0.462,0.836,11,-5.766,0,0.0621,0.00517,0.0,0.18,0.671,168.766,4,1
6ealTEwEubl3VIyykylTCo,Open Wounds,Within The Ruins,27,238625,0,0.451,0.996,6,-3.203,1,0.167,4.67e-05,0.0411,0.58,0.176,117.504,4,0
4zpOLmgrWhOPuXfTi5K6Kc,Never Have I Ever - Studio,Hillsong Young & Free,43,185217,0,0.655,0.8,0,-6.416,1,0.0332,0.0101,0.0,0.232,0.561,144.019,4,0
1kB6Dtnlt0NOLoi8C4kyVq,Volume of Neglect,Napalm Death,14,200493,0,0.212,0.998,2,-4.392,1,0.13,9.46e-06,0.00993,0.262,0.0392,112.537,4,0
3bFCmv5uojftAq9ZeZFDUZ,"Shohage Adore (From ""Belashuru"")",Anupam Roy,40,333157,0,0.659,0.321,7,-11.66,1,0.0287,0.629,0.00108,0.153,0.242,113.952,4,0
2WyKvnMEF9H8CKHvmAXSm3,The Fusion - Blastoyz Remix,Omnia;Ira;Blastoyz,51,173142,0,0.488,0.99,8,-2.718,1,0.0574,0.000144,0.0453,0.389,0.221,139.994,4,0
1r48f7NjRH3svaVNDWfHu7,Just a Feeling.,DYEN,22,473261,0,0.551,0.991,7,-4.164,1,0.164,5.54e-05,0.811,0.388,0.103,142.019,4,0
3PRxmJf4F3CDA0vyathTYz,Dinosaurs,Emily Roberts,40,176000,1,0.559,0.334,0,-8.837,1,0.0585,0.8,0.0,0.147,0.546,100.068,3,0
44BsTP3MwFY22X1YijTcHM,O Processo,Suellen Brum,47,290816,0,0.642,0.642,2,-6.174,1,0.0339,0.362,0.0,0.379,0.502,125.999,4,0
047rc63FPRYjXWq7iLhrzg,Make Room,Helmet,21,206773,0,0.277,0.938,0,-7.986,1,0.0704,0.0855,0.00565,0.129,0.193,97.975,4,0
3NIsZEsnGH8fquyngVuomV,Sonando Flaite - Remix,El BAI;Marcianeke;King Savagge;Drakomafia;Victor La Voz,43,410500,0,0.824,0.828,11,-5.04,0,0.267,0.193,0.0,0.119,0.707,90.031,4,0
0fea68AdmYNygeTGI4RC18,LA CANCIÓN,J Balvin;Bad Bunny,88,242573,0,0.754,0.646,7,-5.795,1,0.317,0.152,1.85e-05,0.108,0.429,176.089,4,1
7iP5BtFcofsOFnkJVelKtH,Jeff Bezos,Joe Zimmerman,22,81200,0,0.608,0.338,6,-17.962,0,0.926,0.916,2.24e-06,0.698,0.873,151.985,4,0
38pLq8WPZAOYBHnvAgPp9u,Progenies of the Great Apocalypse,Dimmu Borgir,47,317800,0,0.11,0.939,3,-3.975,0,0.104,0.000391,0.35,0.145,0.097,88.58,5,0
2uethdj3Nf5yVNvmbMnZcy,Udd Ja Kale Kanwan,Amandeep Singh,45,219347,0,0.51,0.162,0,-13.51,1,0.0424,0.907,0.0,0.111,0.242,71.736,4,0
3UHsjDehR19ONOLZF0eScQ,Dance Macabre,Ghost,0,219720,0,0.619,0.696,7,-6.263,0,0.0315,1.93e-05,0.00555,0.38,0.727,125.984,4,0
7d9E4qERgZgYVtyY4789HJ,Flush the Toilet,Blake Rules;Netherfriends,8,145822,0,0.599,0.619,4,-8.495,0,0.257,0.291,0.0,0.631,0.603,79.0,4,0
6L7edR8ePoAiOEthSAfeBD,Reconstrução,Gerson Rufino,46,262143,0,0.769,0.718,0,-5.809,1,0.0241,0.234,0.0,0.168,0.725,105.015,4,0
4sPaCOzwT4qFhfvgl0Uaax,La chanson du petit voilier,Carmen Campagne,29,279893,0,0.519,0.212,11,-13.321,1,0.0277,0.85,0.0,0.133,0.31,99.014,4,0
5EDLYLzDy7O7WQdBYM5udQ,Snow,Fabrizio Paterlini,57,158036,0,0.276,0.259,2,-17.332,0,0.034,0.987,0.866,0.102,0.416,180.901,3,0
4fRXTcxDbKX3CqvTT49Qb7,Sowkkiyama,Kadri Gopalnath;Nithyasree,43,354190,0,0.662,0.681,11,-10.138,1,0.0477,0.284,0.00148,0.0769,0.414,99.986,4,0
3yrSvpt2l1xhsV9Em88Pul,Brown Eyed Girl,Van Morrison,80,183306,0,0.491,0.583,7,-10.964,1,0.0376,0.185,0.0,0.406,0.908,150.566,4,1
2mYzwAhfjxNkUu6pJvZyCJ,Grande é o Senhor - Ao Vivo,Nívea Soares,38,413311,0,0.348,0.511,2,-9.779,1,0.0363,0.0304,0.0,0.919,0.16,148.034,3,0
6nLgmEbLM3XD0HMrpmrNnr,Skitsamma,Allyawan,29,211385,0,0.653,0.574,6,-7.322,0,0.312,0.037,0.0,0.153,0.611,87.025,4,0
0zEVUnFsZBYnKk2goNUWQH,El Bulla,Machuca,35,146386,0,0.34,0.913,0,-4.682,1,0.0367,1.73e-06,1.04e-05,0.247,0.382,110.113,4,0
1tlrTC3x7viJ1U30oOFGdF,Better Off (Dying),Lil Peep,68,154814,0,0.521,0.763,3,-4.693,1,0.0408,0.00835,0.0,0.155,0.197,75.036,4,0
3wkzTnvK7AZX0oEB7LrvUJ,Por um Monte de Cerveja,Celso Blues Boy,41,232698,0,0.613,0.878,4,-5.731,1,0.0313,0.00777,9.2e-05,0.168,0.902,129.991,4,0
4JvzS5bLyxDizlP1OTS8EV,"Sonata for Piano and Violin in E Minor, K. 304: II. Tempo di minuetto",Wolfgang Amadeus Mozart;Hilary Hahn;Natalie Zhu,3,337586,0,0.347,0.118,4,-21.192,0,0.0416,0.967,0.0612,0.118,0.257,125.78,4,0
6liKLBAIOXGFuKONLG3PIs,Energia Surreal - Acústica,Thiaguinho,45,177481,0,0.57,0.368,6,-7.521,1,0.0802,0.356,0.0,0.0976,0.598,64.097,4,0
470RssVGyr23eLtDGXhSIy,Cold-Steel Kiss,Soilent Green,12,217600,0,0.23,0.947,1,-6.995,1,0.127,0.00136,0.924,0.282,0.332,93.948,4,0
5da9b5VNMVtlcODdACt6Tc,Love's Train,Bruno Mars;Anderson .Paak;Silk Sonic,1,307014,0,0.71,0.625,6,-9.008,0,0.0295,0.029,1.1e-05,0.108,0.784,140.994,4,0
2l04PBenOBbAfMLeIqNZDg,The Grabbing Hand,Iliza Shlesinger,22,399550,1,0.683,0.909,1,-6.075,1,0.924,0.772,0.0,0.764,0.385,102.977,4,0
1qbPD0H4k3JqTL6Q3OLBKL,Last One,Aril Brikha,7,484386,0,0.79,0.804,11,-13.473,1,0.0749,0.766,0.939,0.102,0.402,130.046,4,0
01gwr3jWt9RlN6hL8Y6Xij,"Movement, No. 2",Alireza Mashayekhi;National Symphony Orchestra of Ukraine;Farimah Ghavamsadri,0,367124,0,0.208,0.0956,0,-21.139,1,0.0411,0.931,0.858,0.107,0.0342,95.581,3,0
58eskjXndK4EbVBnCKcfHi,Fuego,DJ Snake;Sean Paul;Anitta;Tainy,1,195428,0,0.78,0.856,8,-6.264,0,0.267,0.0233,0.0,0.0916,0.605,104.904,4,0
6ktfvSd9cnC9ZQv7bnif1B,Buscando Razón,Hermetica,39,221200,0,0.465,0.708,2,-10.568,1,0.0286,0.000239,7.57e-06,0.0872,0.685,97.28,4,0
50TVKYY0LRQAqKI8EfBqzC,The Sun Can't Compare - Long Version,Larry Heard;Mr White,38,467333,0,0.803,0.654,0,-10.071,1,0.0468,0.00349,0.733,0.0859,0.435,128.007,4,0
3srgB1L9XfePDOIY4DrN2K,Moment In The Sun,Sunflower Bean,53,189634,0,0.687,0.63,2,-5.13,1,0.031,0.0576,0.0,0.257,0.548,115.986,4,0
7GXGxQfT7SSYu2eSduDlIt,Deus de Milagres - Ao Vivo,Diante do Trono,40,394040,0,0.31,0.386,9,-8.984,1,0.0283,0.714,0.0,0.962,0.137,128.91,4,0
2TVi8GP6IO1aabPL0Nv9zo,Joy To The World - Remastered 1999,Nat King Cole,0,84986,0,0.553,0.337,10,-10.334,1,0.0303,0.818,0.0,0.113,0.664,102.213,4,0
0JgXbgXenQ043VMYRjy4yn,Your Smile - The Viper Remix - Cd Version,Mental Theo;Charly Lownoise,20,242616,0,0.493,0.687,1,-8.011,1,0.0989,0.0302,3.97e-05,0.639,0.152,177.98,4,0
1RXoCep9hxApPfx8UFsGZk,Take It Out On Me,Thousand Foot Krutch,66,197373,0,0.465,0.813,7,-4.321,1,0.0841,0.00281,0.0,0.0464,0.614,148.029,4,0
5RsO3coOzmT52rCnOASidp,Embers,Ocoeur,8,305000,0,0.352,0.144,9,-28.327,1,0.037,0.824,0.889,0.0789,0.0367,96.165,4,0
4Ovn5T4LAEE8mfYtsmjLoA,Frosty The Snowman,Ella Fitzgerald,0,131733,0,0.579,0.502,8,-7.57,1,0.0513,0.733,0.0,0.281,0.836,76.783,4,0
5qHW3YD2L8vvtWtD7j5pmk,Gunny,Dale Howard,57,200648,0,0.74,0.922,10,-7.719,0,0.0436,0.00616,0.691,0.149,0.54,125.021,4,0
10VHztYhhjtQfvzNjlLFbx,What Christmas Means To Me,Stevie Wonder,0,147800,0,0.524,0.614,0,-8.05,1,0.0363,0.202,0.0,0.0802,0.751,82.229,4,0
4HzqWEdAbzcVFDv0pvxV4w,Sobrio,Maluma,81,201180,0,0.762,0.77,5,-2.758,1,0.223,0.138,0.0,0.15,0.631,177.998,4,1
6MtMtPt2Lwuc3KluFIkYhC,Down the Road,The Doc Watson Family,21,101933,0,0.574,0.654,7,-10.598,1,0.0292,0.914,0.244,0.306,0.76,125.24,4,0
06vNG6CiV4k8oNA0wUUAO7,Until I Found You - Piano Version,Stephen Sanchez,74,184895,0,0.603,0.148,7,-10.449,1,0.0279,0.927,0.0,0.101,0.228,95.451,3,1
3I4WD00WeGlGCjWoMWEsGy,Zeige Mir Den Weg,Belle,21,239263,0,0.328,0.246,7,-12.041,1,0.0434,0.369,0.00776,0.23,0.105,127.308,4,0
78iVPIyFgGjQ0g0TmDWYtQ,Tongue,Maribou State;Holly Walker,63,304825,0,0.569,0.521,10,-10.183,0,0.0839,0.514,0.00469,0.0962,0.143,115.055,4,0
6iT8cVghfrFncA3G94mmyU,Luna,Abandoned;GalaxyTones;DNAKM,39,200624,0,0.528,0.706,11,-7.784,0,0.0521,0.519,0.0967,0.139,0.245,127.934,4,0
7K6RK6aNVvcRZPBDoegoWO,Blow My Mind - Spanish Remix,Limoblaze;Ada Betsabe;Principal,20,187547,0,0.709,0.594,8,-5.642,0,0.271,0.367,0.0227,0.0796,0.879,189.916,4,0
3mvP667bhJfOlex53b2oFT,Delarna,Tommy Flanagan,40,283040,0,0.452,0.242,2,-16.941,1,0.0344,0.698,0.46,0.0942,0.347,101.194,4,0
7LYABkpCmMBE3pEOZlQDY8,行走的鱼,LaLa Hsu,43,245172,0,0.563,0.563,9,-6.451,1,0.0328,0.753,0.0,0.0598,0.454,116.016,4,0
6jZp2rNTYVlKwt20aMIcot,Save Yourself,ONE OK ROCK,59,197995,0,0.503,0.849,5,-2.709,1,0.0615,0.00428,0.0,0.0667,0.762,165.096,4,0
73tPvnW877UKxjgGl8geAk,Give me a Shake,MAX,35,326633,0,0.671,0.883,5,-3.269,0,0.0279,0.0882,0.0,0.299,0.644,105.023,4,0
0lc1ey4GfBMzmSVCyQUUHX,Despacito - Remix,Luis Fonsi;Daddy Yankee;Justin Bieber,0,230693,0,0.688,0.812,2,-4.355,1,0.135,0.243,0.0,0.0742,0.834,89.01,4,0
4u1QxVrs38oVTHzPRutm0g,On The Moon,Smartface,10,143004,0,0.774,0.657,6,-6.587,0,0.0817,0.469,0.586,0.584,0.815,96.978,4,0
4Ahphc0UzRSoMpJRHgnGQK,I Want to Live,Skillet,56,208826,0,0.452,0.962,11,-3.063,0,0.0831,0.00901,0.0,0.065,0.566,164.032,4,0
5Ls0NdYY4ejjBRvUD5X6yr,Heart of the Forest,Dan Gibson's Solitudes,29,413383,0,0.469,0.149,1,-23.247,1,0.0422,0.964,0.189,0.353,0.195,105.337,4,0
6vBMMa2erexusV4XrgXea9,Lil' Homies,2Pac,64,223973,1,0.897,0.815,10,-4.227,0,0.212,0.159,0.0,0.0637,0.804,97.6,4,0
3xop1eJ9d6MtXftk5WIZdy,但願人長久,Lowell Lo,21,201346,0,0.562,0.405,2,-11.091,0,0.0278,0.0545,1.29e-06,0.194,0.328,92.303,4,0
3hMbfwiO5z1PFhTv9C7L1I,Moments of Static,White Noise for Babies,0,194000,0,0.0816,0.76,2,-10.222,1,0.0698,0.427,0.655,0.399,0.0069,85.343,4,0
1G5TH4XNjghT6K9qiBiMyA,Permanent Changes in Consciousness,Wolves In The Throne Room,19,114773,0,0.103,0.364,5,-21.217,1,0.0479,0.844,0.923,0.13,0.117,79.371,4,0
5SzRRpwmPAoumbYIgX2awb,Maka Knacker,Nizi19,40,147500,1,0.876,0.323,11,-10.539,1,0.521,0.222,0.00111,0.108,0.15,132.003,4,0
6FUENB3J4rmYyfifFD0njq,Tristeza de un Doble A,Astor Piazzolla;Astor Piazzolla Y Su Conjunto 9,21,429640,0,0.371,0.377,6,-9.774,0,0.0417,0.707,0.021,0.115,0.16,94.774,4,0
3LE7DE70XpEDQI4lQluFth,Музыка нас связала,Mirage,45,258195,0,0.557,0.736,4,-4.75,0,0.031,0.19,1.06e-05,0.105,0.477,132.801,4,0
4faxL6KhHe3puLaKGaJjql,One Little Christmas Tree,Stevie Wonder,0,161693,0,0.406,0.377,10,-11.717,1,0.0597,0.764,0.0,0.272,0.717,92.23,4,0
15f16lrsDzFeNpHYBTzHLI,Sex,Rammstein,59,236529,0,0.608,0.93,8,-3.97,1,0.0604,0.000561,0.00175,0.156,0.432,123.018,4,0
67awxiNHNyjMXhVgsHuIrs,Turn Down for What,DJ Snake;Lil Jon,71,213733,0,0.818,0.799,1,-4.1,0,0.156,0.00107,0.128,0.057,0.0815,100.014,4,1
0EgF9Aer0o9Vyp7t9uIFhX,Yenggedi,Mugen Rao,41,219373,0,0.67,0.466,4,-6.868,0,0.0363,0.53,0.0,0.0799,0.392,128.023,4,0
5W1PZDN6zxmFYD638GN0HS,Remember The Nights,The Motels,29,184906,0,0.668,0.592,9,-13.028,1,0.0302,0.0542,8.03e-05,0.082,0.869,130.487,4,0
4ZFePCAt23ynDSPalJjUNo,That Bitch Ain't Me,Karen Wolfe,35,254040,1,0.724,0.234,9,-13.595,1,0.0586,0.62,0.0,0.0992,0.686,147.994,3,0
0ZiO07cHvb675UDaKB1iix,コイワズライ,Aimer,61,235160,0,0.675,0.5,10,-5.825,1,0.0258,0.3,0.0,0.312,0.773,93.917,4,0
22qFgb9wCyUHNKHt4d3Z6l,Pinnenthe Enthe Mulle,K. S. Harisankar,33,280832,0,0.577,0.513,0,-8.775,0,0.0414,0.664,2.27e-06,0.328,0.341,144.904,3,0
3OwZ8e7lb5Assv14ZRW1rU,Forrest Rain,Rain Sounds,32,102649,0,0.468,0.993,10,-24.274,0,0.0386,0.25,0.945,0.932,0.00964,49.296,4,0
0ok5QQWUBwRjVJFI7CyDA4,Chegamos ao Fim / Fim da Tristeza / Além do Meu Querer - Ao Vivo,Vou pro Sereno,49,265570,0,0.316,0.802,9,-7.545,1,0.0485,0.604,1.04e-05,0.893,0.684,87.638,4,0
4v16scAVhylOWvkkcmd4DX,"Саша, ты помнишь наши встречи?",Izabella Yurieva,1,188637,0,0.597,0.38,11,-9.514,0,0.0747,0.988,0.000231,0.194,0.732,103.193,4,0
7iW8xGGEHZFMcyBdWlAsIX,A Sinner’s Descent,Nosferatu,31,199782,0,0.245,0.974,1,-1.413,1,0.436,0.171,4.97e-05,0.35,0.162,184.986,4,0
4RzpaDRpNI2JZQ8LtAC05x,Baarish Mein,Vismay Patel,42,152000,0,0.693,0.296,0,-13.52,1,0.0704,0.741,0.0,0.0955,0.58,120.376,5,0
2XFrRuy9Gpu4GuYHTNeHiC,說散就散,JC 陳詠桐,59,230571,0,0.507,0.627,2,-6.804,1,0.125,0.556,0.0,0.229,0.371,139.68,4,0
2haLS23gcVIqweqBtW8AUj,Azerbyjan,Rashid Beibutov,9,195239,0,0.591,0.545,11,-8.416,1,0.0623,0.872,0.764,0.147,0.712,99.279,4,0
1PGMfTSkrMfJBdiFyAztv0,Subterranean Initiation,Wolves In The Throne Room,19,429733,0,0.159,0.931,3,-6.663,0,0.0836,4.16e-06,0.92,0.85,0.0458,150.077,4,0
7eLvCsLfaeSHeezjOwJ96E,Yummy,Justin Bieber,0,208520,0,0.677,0.506,9,-6.652,0,0.0964,0.345,0.0,0.118,0.497,145.843,4,0
50CMxnG6F6U4ffjn243Ubi,Vossa Excelência,Titãs,37,189266,0,0.247,0.94,0,-4.768,1,0.113,0.129,0.0,0.916,0.405,173.992,4,0
1a0tVsbP2faLOXt2XHvL8p,Tudo Que Eu Sou (feat. Eli Soares) - Ao Vivo,Preto no Branco;Eli Soares,34,310360,0,0.646,0.677,11,-7.288,1,0.0574,0.109,0.0,0.703,0.522,75.998,4,0
1FxwMVKEEZYMsOPUiHdC4X,Are You Lonely,Deep Chills;Tilsen,53,137208,0,0.795,0.588,0,-6.413,1,0.0808,0.663,1.34e-06,0.194,0.26,101.828,4,0
7xJEyMvEa3eeP1fN3E18PI,Young Man's Fancy,George Winston,28,231585,0,0.432,0.0498,7,-17.124,0,0.0513,0.994,0.949,0.0932,0.0589,76.215,4,0
22sTK2yvAQOwc5jzDmacHc,Celebration - Single Version,Kool & The Gang,0,296276,0,0.885,0.856,1,-5.396,1,0.0554,0.181,0.0367,0.092,0.9,121.65,4,0
0uBdQzKghx88d2Lp8SLFKJ,I'm In Love With You,The 1975,78,262623,1,0.668,0.902,2,-3.924,1,0.0386,0.169,8.74e-05,0.198,0.913,119.008,4,1
1GZj9r3vJ91roOZ0oYJrW5,The Christmas Waltz,Peggy Lee,0,173106,0,0.25,0.168,1,-16.789,0,0.0329,0.822,0.000135,0.136,0.141,107.269,3,0
4EwSqnjnXCG7NqY08RRSKq,Where The Wild Things Are,Zeds Dead;ILLENIUM,50,299240,0,0.344,0.672,6,-5.888,0,0.0586,0.00877,1.04e-06,0.196,0.133,164.197,4,0
26Sw3iKfNsX2i0OnKqKXNi,Safety (feat. DJ Snake),GASHI;DJ Snake,51,177780,0,0.754,0.828,1,-4.443,1,0.0355,0.0276,0.0266,0.0799,0.728,108.992,4,0
2YliwwbmiacOPrtZhTOr2O,How D'ya Do,Sonny Lim,21,211880,0,0.622,0.121,3,-22.338,1,0.0536,0.97,0.917,0.143,0.5,125.661,4,0
1H7gMYGykdtwZOV6s1N0by,Norwegian Wood (This Bird Has Flown) - Remastered 2009,The Beatles,70,124693,0,0.425,0.369,4,-11.876,1,0.0379,0.183,0.00126,0.112,0.65,176.625,3,0
6470Z4MVlwxWlxFOv27iio,Lova ingenting,Maxida Märak,40,157090,0,0.685,0.534,1,-6.644,1,0.28,0.308,0.0,0.206,0.236,92.241,4,0
6GolB7bUcSGzpHUDLDsdoh,Unnecessary,GusGus,17,273826,0,0.906,0.464,0,-6.764,1,0.0841,0.0063,0.0138,0.0872,0.754,117.977,4,0
6rcvPsOgiwRTM4dTLSV8Jd,La Secretaría,Mike Laure,39,165198,0,0.817,0.579,0,-8.123,0,0.0527,0.628,0.0,0.068,0.911,117.267,4,0
00cOxhAsTPnrbwuc6pBh0h,California Dreaming,Beat The System,24,191647,0,0.707,0.848,0,-5.092,1,0.0374,0.0128,0.0,0.168,0.497,100.009,4,0
0LdrgIn0po8wRxpv2USlys,Say My Name,David Guetta;Bebe Rexha;J Balvin,0,198946,0,0.703,0.66,10,-5.119,0,0.123,0.137,0.0,0.192,0.79,95.033,4,0
1tKE8I7fnY9IOcnVxj9LmT,Moment of Peace,Gregorian,42,319720,0,0.238,0.766,9,-6.927,0,0.0341,0.0469,0.00409,0.184,0.135,87.87,4,0
6f280Iw58re3P3ac9xrSNJ,"Sonata for Violin and Cello in C Major, M. 73: II. Très vif",Maurice Ravel;Duo Synopsis,0,207040,0,0.389,0.206,5,-16.943,1,0.0354,0.948,0.344,0.0967,0.275,81.968,4,0
70BWIfaEgeZB0MJkUQmDqU,Yeh Jo Halka Halka Suroor Hai,Nusrat Fateh Ali Khan,46,438517,0,0.333,0.681,1,-7.894,1,0.0694,0.376,7.91e-06,0.157,0.43,76.551,4,0
7kXYHAKJrOT6yaBlughcUa,Wer nicht springt der muss bezahlen,Ina Colada,0,213902,0,0.577,0.995,1,-1.934,1,0.0856,0.225,0.0,0.388,0.795,74.996,4,0
6GyFP1nfCDB8lbD2bG0Hq9,Midnight City,M83,76,243960,0,0.507,0.729,11,-5.399,0,0.0393,0.0182,1.4e-06,0.0658,0.272,105.013,4,1
6WEBIVqiEsevfgJefTyuQQ,Too Shy,Kajagoogoo,61,221520,0,0.702,0.871,10,-6.728,0,0.0926,0.127,4.18e-05,0.0819,0.664,107.982,4,0
4dPimg8olUWKxHZXPD3KOO,Hold On,Little Dragon,53,210922,0,0.744,0.615,0,-8.756,1,0.0394,0.0103,0.00113,0.134,0.444,118.965,4,0
6aPMWbbdhDhiJHlknZb9Yx,"Bekhayali (Arijit Singh Version) [From ""Kabir Singh""]",Arijit Singh;Sachet-Parampara,59,370444,0,0.265,0.58,9,-4.767,0,0.0491,0.491,0.0,0.243,0.345,172.121,3,0
317tS1vDEuDhaGqDEb1Jug,i'm a mess,Omah Lay,0,153946,1,0.682,0.633,4,-6.213,1,0.239,0.307,0.0328,0.112,0.601,123.259,5,0
6uzIVNJW0eHKkiDEee0uO0,Friday Night,DJ Zinc;Amber Jolene,23,190954,0,0.689,0.854,8,-4.788,0,0.0334,0.0168,0.00146,0.104,0.632,127.03,4,0
37aia1wG2Ncz8AWjM4tPlY,Om än bara för en stund,Maya Åström,62,158591,0,0.504,0.056,9,-24.25,1,0.0478,0.992,0.963,0.11,0.337,75.761,4,0
4Qa6z3YWYWZvtoI8aAmo7k,Inspiration,Galaxy 2 Galaxy,8,392586,0,0.661,0.517,5,-16.147,0,0.0415,0.105,0.755,0.235,0.296,138.543,4,0
2TJs37x1zLNpRpFSHiMeVr,Was I Not Good Enough?,omarr;Mia Smith,50,145669,0,0.642,0.251,1,-13.259,1,0.0633,0.943,0.0013,0.265,0.111,127.024,4,0
2JYGConFYcOl3Ryw7PI8XH,Renascence,Can Durmus,33,241951,0,0.786,0.723,7,-8.337,1,0.0437,0.000919,0.862,0.23,0.0342,123.012,4,0
4MhkQd0Y0qSCAMncsoQnua,Drama,Carajo,26,224040,0,0.221,0.954,1,-4.46,1,0.125,0.000329,8.97e-06,0.215,0.331,170.934,4,0
61gLyY13fBlwh9Kp2gvmlL,O Christmas Tree,George Strait,0,147720,0,0.499,0.295,5,-11.782,1,0.0287,0.794,0.0,0.0829,0.323,154.938,3,0
5s9jhOJe92zrdZVXoNz7hX,分分鐘需要你,George Lam,41,182493,0,0.532,0.413,4,-13.833,1,0.0418,0.744,0.0166,0.229,0.798,111.946,4,0
2XEtdVgbgltXfzVQppAkbi,Love Song,Khalil Fong,48,269293,0,0.627,0.408,5,-9.87,1,0.052,0.626,0.0,0.315,0.337,114.744,4,0
3AayefDdUFxivRs79bX7kV,We Won't Be Alone,Feint;Laura Brehm,58,234475,0,0.377,0.858,11,-4.9,0,0.148,0.134,0.00185,0.0985,0.117,174.751,4,0
7ipxrjXmSmnTl9LXGEYIuZ,Ritmo y Blues Con Armónica,La Mississippi,38,236000,0,0.626,0.801,0,-5.124,0,0.036,0.123,1.15e-05,0.526,0.754,112.095,4,0
0L3XCv9i9IHs8cJEVhsJ3J,More Than A Woman - SG's Paradise Edit,Bee Gees;SG Lewis,69,357936,0,0.679,0.762,10,-4.253,0,0.0316,0.00469,0.23,0.0446,0.511,105.407,4,0
3zRrpaY13nDHD97EHsRJD6,Underbite,Sex Prisoner,16,57659,0,0.315,0.955,1,-5.02,0,0.194,1.42e-05,0.0648,0.512,0.316,59.212,4,0
6Vn8lTVMjILXQCjZUXS8n4,The Woman I Love,Jason Mraz,48,190751,0,0.591,0.647,4,-8.34,1,0.0277,0.067,6.57e-05,0.231,0.678,79.68,4,0
2JaH53lfEHvrHRE8JWSjN3,Ring,White Reaper,26,137746,0,0.464,0.791,6,-4.34,1,0.0497,1.21e-05,0.244,0.102,0.7,131.056,4,0
5yrU9jSt6hGxodbRgXaaqa,Big Red Car,The Wiggles,31,107920,0,0.767,0.904,9,-3.443,1,0.0655,0.306,0.0096,0.0636,0.962,124.714,4,0
5voGwQrvBz8ZlhU05NZvw4,Daryaa,Ammy Virk;Shahid Mallya,63,261918,0,0.567,0.526,8,-5.029,1,0.0251,0.153,2.34e-06,0.103,0.231,91.999,4,0
2nSr45ZWZlyjjxWlljUgfr,Somebody - Original Mix,Svet,44,180000,0,0.798,0.657,4,-6.435,0,0.0537,0.0162,8.89e-05,0.196,0.209,122.058,4,0
2BIzYGq1Pyv5SLWEQbgNM4,Dit Is Mijn Leven,Neophyte;Drokz,0,169200,0,0.543,0.999,7,-0.918,1,0.18,0.0865,0.00042,0.368,0.0466,99.99,4,0
1Tye6LTBg8tGv67jygbg6n,It's All You,MitiS;Amidy,48,196000,0,0.442,0.6,2,-5.845,1,0.0306,0.535,0.0,0.127,0.157,150.184,4,0
3gkQ9XLIprKy7RwAllJLfd,What Christmas Means To Me,Stevie Wonder,0,147800,0,0.524,0.614,0,-8.05,1,0.0363,0.202,0.0,0.0802,0.751,82.229,4,0
16zbo4n31PEtvx6eDCWJqe,Røgslør,Ledetraad,58,132000,0,0.454,0.143,6,-26.672,0,0.0558,0.959,0.958,0.111,0.235,114.928,3,0
0izI75lnCS9WS8sDzBMC5Z,"Pallavicino: L'Antiope: ""Sdegni, furori barbari"" (Celinda)",Carlo Pallavicino;Lea Desandre;Jupiter;Thomas Dunford,21,73666,0,0.398,0.33,1,-14.102,1,0.0665,0.806,0.000768,0.0834,0.435,133.106,4,0
4admt90cSChznePxyzUVCP,Dancing People Are Never Wrong,Jan Blomqvist;The Bianca Story,55,199526,0,0.739,0.548,2,-11.073,0,0.0367,0.129,0.867,0.109,0.175,122.006,4,0
2DMFELtbHiWEwF0V906bKo,"24 Preludes, Op. 34: No. 14 in E-Flat Minor (Arr. L. Stokowski for Orchestra) [Live]",Dmitri Shostakovich;Byron Nelson High School Symphony Orchestra;Gary Keller,2,186400,0,0.168,0.0442,11,-18.784,1,0.0371,0.908,0.914,0.694,0.0384,74.591,4,0
53ALpqfDW4u0VgVNh6qcIP,Yo No Se Que Me Han Hecho Tus Ojos,Ada Falcón,19,208430,0,0.631,0.261,2,-8.626,0,0.173,0.992,9.29e-05,0.0976,0.623,86.945,3,0
7w9YfF8mfQftxhm3JKcLlv,"Brandenburg Concerto No. 3 in G, BWV 1048: 1. (Allegro)",Johann Sebastian Bach;Berliner Philharmoniker;Herbert von Karajan,0,391560,0,0.513,0.296,7,-15.81,1,0.0496,0.99,0.803,0.158,0.804,84.367,4,0
5BJSZocnCeSNeYMj3iVqM7,Love Runs Out,OneRepublic,65,224226,0,0.719,0.935,7,-3.752,1,0.0589,0.167,0.0,0.0973,0.738,120.022,4,0
70BWIfaEgeZB0MJkUQmDqU,Yeh Jo Halka Halka Suroor Hai,Nusrat Fateh Ali Khan,46,438517,0,0.333,0.681,1,-7.894,1,0.0694,0.376,7.91e-06,0.157,0.43,76.551,4,0
4Svpc4QRvDW0J34AE30S9c,In Case You Don't Live Forever,Ben Platt,58,228960,0,0.529,0.307,9,-8.24,1,0.0335,0.851,0.0,0.104,0.439,139.785,4,0
0AVu4pgsaLgHLrfARrtitT,Perverse Manifestation,Disgorge,13,267560,0,0.345,0.995,2,-6.741,1,0.127,0.000491,0.928,0.288,0.0696,126.84,4,0
2ujA6F1cpk3m8lsPE5aKua,The Eve,EXO,66,176026,0,0.636,0.702,0,-5.352,0,0.0334,0.0223,0.0,0.293,0.516,135.104,4,0
7pdODLWQQcPNKeNdD94bC4,Habits (Stay High) (Slowed + Reverb),fenekot,56,144000,0,0.703,0.284,8,-12.47,1,0.0787,0.885,0.000997,0.111,0.0979,91.824,4,0
7y0KCFFSd4s84LcqKWO5Q7,Yavrum,Batuflex,42,191538,1,0.843,0.435,4,-14.406,0,0.137,0.0599,3.94e-06,0.0645,0.147,113.233,5,0
3CrLoLfSwNqZGbSDupVUdu,プライド革命,CHiCO with HoneyWorks,55,235586,0,0.328,0.937,1,-2.249,0,0.36,0.00528,5.73e-05,0.365,0.514,184.696,4,0
3tTstc3Hxf38kS7UNHKRZk,Ozumba Mbadiwe (Remix) (Mixed),Reekado Banks;KiDi,0,113011,0,0.787,0.749,8,-10.028,1,0.0579,0.448,0.00147,0.146,0.737,112.949,4,0
0ufcuftmmSD0iWt75nn9Oy,Halloween,Siouxsie and the Banshees,0,221466,0,0.223,0.91,7,-7.097,1,0.08,0.0116,0.000518,0.212,0.364,171.75,4,0
0M955bMOoilikPXwKLYpoi,I Hate Everything About You,Three Days Grace,74,231480,0,0.498,0.83,6,-5.157,0,0.0421,0.00461,0.0,0.139,0.453,89.342,4,1
7HE4tA6dhVgZoNGJuiaVjc,響,Shiritsu Ebisu Chugaku,20,280466,0,0.53,0.94,4,-3.873,1,0.0445,0.0168,2.31e-05,0.128,0.582,135.001,4,0
0qJyBqYvqtVbPWtsDY3RYe,Dance with Me,Morgan Evans;Kelsea Ballerini,0,199501,0,0.611,0.519,1,-9.854,1,0.035,0.481,4.82e-06,0.107,0.462,147.979,4,0
6XCPQygbj33s7OUxlbo6bX,Who We Are,Tristan Prettyman,48,259877,0,0.521,0.507,7,-7.007,1,0.0319,0.0162,4.43e-05,0.148,0.153,108.168,4,0
1RyqyDFFz4pInsbaNvyIXr,I'm Drunk And Confused,sagun;Shiloh Dynasty,54,156000,0,0.706,0.21,1,-21.867,0,0.0604,0.737,0.817,0.0938,0.246,139.888,4,0
52ZWNeOEBXdrVb2Im3Anht,6 ft deep (feat. Galvanic & Silent Child),Kina;Galvanic;Silent Child,48,196000,0,0.515,0.53,10,-8.767,1,0.0444,0.197,0.00012,0.108,0.0764,120.474,4,0
7CHuc0KVjrKeKbEHWErN5F,"Am Tage aller Seelen, D. 343, ‘Litanei auf das Fest aller Seelen’",Franz Schubert;Harriet Krijgh;Magda Amara,0,228920,0,0.169,0.0413,3,-27.419,1,0.0474,0.994,0.958,0.12,0.0431,90.832,3,0
0x9etknOh8k5RA1NXAxjx4,Love Me Now,Beenie Man;Wyclef Jean,24,318531,0,0.678,0.884,1,-5.032,1,0.101,5.21e-05,1.14e-05,0.143,0.458,99.761,4,0
1964zxkJByManoIYrUkSHU,Tropa De Elite,Tihuana,39,194773,0,0.716,0.881,2,-5.879,1,0.0935,0.0434,0.0,0.0383,0.962,144.324,4,0
01K42inuuCqOB731ugiQAd,Magic Love - Radio Edit,Bent,50,202333,0,0.689,0.874,9,-5.275,0,0.0464,0.0816,0.129,0.272,0.961,121.019,4,0
7HjTSwnmkm6Q93H6MlTLB5,Koyal Si Teri Boli,Anuradha Paudwal;Udit Narayan,45,338840,0,0.687,0.45,0,-10.871,0,0.128,0.799,1.37e-05,0.411,0.934,76.17,4,0
3IPpVTudk50Hj4VThfdzBP,Snowman,Sia,3,165906,0,0.716,0.511,1,-6.257,1,0.0332,0.483,0.0,0.0928,0.324,104.964,3,0
60zrtIrmto8FwhRQycVPpj,Monster Boogie,The Laurie Berkner Band,0,81035,0,0.751,0.379,2,-3.406,1,0.123,0.698,0.0,0.0464,0.801,109.521,4,0
7k11Ii2cGblg42H4iUZFEv,Elevator (Going Up) - Album Mix,Louie Vega;Monique Bingham,27,305813,0,0.797,0.673,0,-7.691,1,0.0745,0.175,0.00617,0.132,0.429,122.991,4,0
22Kc7PGXrqmTZLVJoAJGeK,Metal Damnation,U.D.O.,20,241893,0,0.437,0.885,7,-6.89,1,0.0377,3.71e-05,0.00795,0.137,0.443,163.0,4,0
5hZBHcHpsxd4FOdL3mZQg4,Parallax Descends,Imperialist,21,377000,0,0.121,0.955,9,-6.765,1,0.0633,0.0,0.87,0.109,0.0518,129.974,4,0
2yELyv2CC3C3p7Vs13pxfl,Rajasthan Express - Desert Rose,Mame Khan,14,458666,0,0.538,0.79,11,-7.243,1,0.0718,0.178,0.0,0.29,0.803,89.94,4,0
0UA2BRk8pQaHUUnl45aFN0,god has a sense of humor,GAYLE,36,170771,0,0.494,0.45,2,-8.072,1,0.0687,0.622,0.0,0.242,0.368,65.252,4,0
1r3PWB1ZzxrPsIj2DNoa10,Welcome To The Circus,Five Finger Death Punch,63,256741,1,0.489,0.987,11,-4.57,0,0.0806,7.62e-05,0.0,0.788,0.297,139.982,4,0
3qcf5Us0CCKW4XPjIUx1Pr,Lost,benny blanco;6 Dogs,0,207331,1,0.497,0.353,7,-9.641,1,0.108,0.125,0.0,0.0785,0.169,143.916,4,0
6hmhG1b4LEyNuashVvuIAo,Never Forget You,Zara Larsson;MNEK,74,213427,0,0.583,0.732,11,-5.728,0,0.0457,0.00312,9.86e-06,0.269,0.276,145.992,4,1
4hTR9VCNCQ8rUnpd3yqXam,Three Caws - Original Mix,Cameron's Bedtime Classics,21,65866,0,0.377,0.0562,7,-16.777,1,0.0341,0.967,0.934,0.141,0.445,79.524,4,0
5TLRLxk9xCOnSeDQnhHKl2,Free Fall - Remastered,David Lanz,23,264573,0,0.721,0.363,5,-11.557,0,0.0341,0.699,0.905,0.107,0.647,130.565,4,0
27Ka4Xkh1qDS7NwHn9wT5s,Dead Man's Party,Oingo Boingo,1,378733,0,0.567,0.92,1,-5.669,1,0.0483,0.468,4.04e-05,0.28,0.9,161.004,4,0
2xeXLuW9d7i0QSdr7GDuQn,Glob - Ben Klock Remix 1,Kenny Larkin;Ben Klock,8,404720,0,0.854,0.667,10,-12.485,0,0.118,0.00798,0.937,0.0584,0.552,125.008,4,0
5ekNKqNTF8reaoGIzT2J5j,Dream Machine,Dominik Eulberg;Essáy,47,507417,0,0.747,0.668,7,-8.844,0,0.0505,0.314,0.934,0.0522,0.679,123.006,4,0
61p3ncr6aD14pvJjdmRBaG,Yo no lloro más,Mimi Maura,40,188320,0,0.769,0.743,0,-4.808,1,0.0445,0.128,0.0,0.17,0.961,133.931,4,0
6o0hAjoZw1t2tWYlNa6SFd,Gelehi,Nil Sagar;Archana Padhi,35,280295,0,0.401,0.989,11,-2.953,1,0.448,0.136,0.0,0.088,0.533,79.133,4,0
5UPS0CrcHpwgmKXQDANC8b,茫茫到深更,音樂磁場,23,256466,0,0.54,0.387,0,-10.584,1,0.0278,0.588,7.45e-05,0.105,0.189,135.966,4,0
5Op3wFn328uL17aJUIGJx3,Space Makes Me Sad,Fiji Blue,57,136419,0,0.557,0.429,6,-10.266,1,0.189,0.387,0.000478,0.192,0.596,90.574,4,0
7wMq5n8mYSKlQIGECKUgTX,Hall of Fame (feat. will.i.am),The Script;will.i.am,80,202533,0,0.421,0.873,10,-4.343,1,0.0564,0.0654,0.0,0.123,0.629,84.786,4,1
7oqZVbE2W4MCoMS34PPDr3,Stingray,DJ Icey,12,251520,0,0.778,0.932,6,-3.823,1,0.0431,0.000543,0.665,0.093,0.468,124.976,4,0
4jw37be7lRkmbZ9p6ENGD9,Jag var bara inte gjord för dessa dar,Håkan Hellström,33,263933,0,0.356,0.935,2,-5.864,0,0.101,0.00023,2.1e-05,0.214,0.512,88.711,4,0
4oxn7x9fGHMosnD8LLr7dg,Blue Sky Blue(version2016),Flower,25,248640,0,0.531,0.911,0,-3.093,1,0.0472,0.156,0.0,0.415,0.559,159.969,4,0
39uLYYZytVUwcjgeYLI409,Merry-Go-Round of Life - from 'Howl's Moving Castle',Joe Hisaishi,68,311106,0,0.239,0.287,7,-12.565,0,0.0388,0.876,0.644,0.122,0.185,71.608,3,0
5DH1vidFEjKOWjpwEoI8CS,Crevice,Juhani Ahonen,59,159913,0,0.165,0.0386,4,-30.602,0,0.04,0.904,0.869,0.107,0.0451,81.498,4,0
1QnL8wCk7xyZH3x6KCG2pG,Citizens,Alice Russell,21,167400,0,0.883,0.277,7,-9.518,0,0.0606,0.811,0.00015,0.0808,0.628,94.998,4,0
5Z6zD6DZbzb9XcQMO99hwg,Rengoku (Condensed),Yasume,8,379746,0,0.623,0.696,4,-8.837,0,0.0561,0.00157,0.628,0.341,0.138,101.98,4,0
0crd93NUzNm59mYTXPZSGU,Scum Infestation and Last Song,Wormrot,11,136466,0,0.165,0.997,9,-1.8,0,0.236,0.00222,0.857,0.222,0.0383,95.92,4,0
78v8ad1iLTlfLbam4qvzNu,Waiting,Vicetone;Daisy Guttridge,63,205714,0,0.651,0.7,1,-4.264,0,0.0318,0.352,0.0,0.061,0.214,104.964,4,0
5S5L53t8PhVaGDy6ds9D9K,Cariñito Azucarado,Virginia Lopez,34,154960,0,0.571,0.831,0,-7.647,1,0.0605,0.759,0.0,0.415,0.884,133.016,4,0
5KAPpvtyJGNSmCffDHDrWV,Siege Of Power,Napalm Death,14,213066,0,0.326,0.879,3,-14.048,1,0.0671,6.19e-06,0.732,0.223,0.304,136.633,4,0
3MrfPG6AI0KagNOvRSFvfQ,Lucid,ONYVAA,30,364272,0,0.664,0.906,9,-8.509,0,0.0737,0.000366,0.902,0.126,0.0765,138.017,4,0
6FRwDxXsvSasw0y2eDArsz,Sunshine Of Your Love,Cream,60,250000,0,0.684,0.481,2,-12.59,1,0.0384,0.475,6.57e-05,0.118,0.784,115.078,4,0
1kc3sMH4EMcVSmVKWpAVfk,We Can Make It,George Jones,12,124693,0,0.659,0.305,2,-14.039,1,0.0269,0.584,0.000824,0.106,0.586,88.479,4,0
4l9rJRwlaMnPYD5DJtIIFo,Hound Dog,Elvis Presley,63,133293,0,0.343,0.884,5,-4.123,0,0.128,0.623,0.000623,0.497,0.94,177.751,4,0
55nMnifaQWKe3f9cbwOXwx,Summer Days (feat. Macklemore & Patrick Stump of Fall Out Boy) - Tiësto Remix,Martin Garrix;Macklemore;Fall Out Boy;Tiësto,53,255238,0,0.69,0.78,5,-4.446,0,0.0594,0.00733,0.00183,0.0729,0.238,126.07,4,0
3HHNr1SGtwGG6XKHkvHVJb,Everything but You,Clean Bandit;A7S,0,198014,0,0.679,0.764,6,-5.301,1,0.0391,0.031,9.05e-06,0.0951,0.471,124.977,4,0
2oEXzg6PzHXQ3Mt6Ar4fYt,Unholy Water,Sister Sadie,27,204826,0,0.461,0.575,0,-7.044,1,0.0302,0.754,0.0434,0.315,0.614,175.763,4,0
21UOaXTxPAFsJoASQiKmLL,Eu Me Chamo Antônio,Versos Que Compomos Na Estrada;Eu Me Chamo Antônio;Gero Camilo,39,176120,0,0.42,0.174,2,-15.309,0,0.137,0.9,0.0,0.376,0.135,172.358,3,0
7f3j7yWJzWlgrIHX6H4RPB,Kriegspiel,Adam Johnson,8,235293,0,0.624,0.759,2,-8.262,1,0.0398,0.000746,0.477,0.109,0.293,112.047,4,0
6IbWvyiCCC9uEHiW1vnpfR,"Nosotros, Contigo, Sin Tí - Medley",Plácido Domingo,20,345813,0,0.307,0.401,1,-10.693,1,0.0317,0.822,2.08e-05,0.16,0.197,91.131,3,0
1ZitTmSr7Qj4M6LPHnxI5c,Little Drummer Boy,Four Tops,0,465573,0,0.715,0.782,1,-7.787,1,0.0391,0.0418,0.0228,0.233,0.623,120.068,4,0
5C1Afe1ABbNGuaIR7ImmF6,Only Once,Nikolay Kopylov,0,186693,0,0.509,0.261,4,-8.962,0,0.0513,0.977,0.00285,0.109,0.173,133.327,4,0
5yGnN8BXOtV5t5lTiq9EAK,Tiempos Viejos,Julio Sosa,22,139920,0,0.627,0.374,0,-13.446,0,0.0738,0.99,0.906,0.135,0.688,129.503,4,0
5fTJGZ6k0zokfh5KLfe0sm,Missing Peace,JJ Heller,52,238733,0,0.572,0.317,0,-9.108,1,0.0241,0.705,0.00385,0.528,0.38,78.009,4,0
4JLcAU2xY90qTkTSNM1lUa,Bang Bang (My Baby Shot Me Down),Nancy Sinatra,66,162446,0,0.433,0.174,5,-18.791,0,0.0537,0.982,0.101,0.111,0.366,95.802,4,0
1ntxpzIUbSsizvuAy6lTYY,Crosstown Traffic,Jimi Hendrix,63,146573,0,0.486,0.963,0,-5.586,0,0.129,0.248,2.39e-06,0.158,0.533,113.133,4,0
4XYeqPS3f221BsY4rdrS9R,I'm Not The Only One,Sam Smith,0,239426,0,0.684,0.487,5,-5.887,1,0.0367,0.495,4.57e-06,0.0821,0.456,81.997,4,0
68liqwYAr7W5EtDaHgCi9N,Solo Vete Por Favor,La Adictiva,44,229240,0,0.687,0.327,10,-7.459,1,0.039,0.516,0.0,0.0908,0.793,80.019,4,0
7cs7MLtAWvsdf3w5kBvfK2,Nothing's Gonna Hurt You Baby,Cigarettes After Sex,72,286293,0,0.508,0.33,4,-14.071,1,0.0265,0.259,0.154,0.114,0.101,96.818,4,1
25ugoarRZ6IaZegrjNxGOx,"Get Up, Stand Up",The Wailers,61,197666,0,0.765,0.555,10,-7.579,0,0.374,0.409,2.04e-06,0.073,0.828,77.848,4,0
2SoGd5sYeLswARIBv3eb9t,Yötuulen viesti,Jaska Mäkynen,25,231466,0,0.509,0.511,0,-10.719,0,0.0293,0.626,8.46e-06,0.365,0.799,109.959,4,0
00yByCY0mau0KEuRcMg3UQ,A Man Without Love,Patrizio Buanne,50,204640,0,0.554,0.648,1,-5.35,1,0.0297,0.666,0.0,0.105,0.413,110.172,4,0
5fUPkBZLc8toCgcrKp5b4Q,Warsaw - Original Mix,Alexander Alar;Beat Inside,29,299992,0,0.699,0.964,5,-4.223,1,0.035,0.001,0.771,0.187,0.404,122.007,4,0
1r27kdNMQjfbTuoS61BSYX,Auffe aufn Berg,Jägermeister DJ Alex;Matty Valentino,26,231424,0,0.637,0.974,8,-3.238,1,0.244,0.135,0.0,0.0929,0.588,140.113,4,0
4aYMKMpoKrFBgo3TTIYT2Z,Diam,Payung Teduh;Orkes Panawijen,44,247000,0,0.73,0.396,0,-7.382,1,0.0277,0.657,0.000447,0.297,0.681,89.98,4,0
44AyOl4qVkzS48vBsbNXaC,Can't Help Falling in Love,Elvis Presley,80,182360,0,0.396,0.293,2,-14.062,1,0.0275,0.941,0.000196,0.105,0.343,100.307,3,1
3ZUSaB3FsuMjL2tKd2FAY0,Mi Error,Adolescent's Orquesta,35,244506,0,0.542,0.632,0,-6.544,1,0.056,0.485,0.0,0.0705,0.804,142.795,4,0
5lEF7iaGgwJ6Fpcq0XDq7B,Let's Dance ( Pump It up ) - Original Mix,Crazibiza;House of Prayers,0,345365,0,0.826,0.932,7,-4.057,1,0.0692,0.00328,0.66,0.0306,0.443,122.989,4,0
7iraBslVEX9wlVVwmsg4m7,God of Revival,Phil Wickham,36,320146,0,0.432,0.701,1,-6.181,1,0.0474,0.0202,0.0,0.151,0.169,144.074,4,0
52dSmFbsNc0viVgfXaoRLk,Otherside,Boehm,38,149759,0,0.771,0.674,9,-5.821,0,0.0468,0.0995,1.47e-06,0.113,0.138,124.902,4,0
53GLKp1wq2wu2nZe8BSeVq,Serenata,Amado Batista,49,164000,0,0.755,0.784,7,-5.899,1,0.0319,0.26,0.0,0.284,0.491,121.393,4,0
2tofXDrli8EbbsM7bZflXq,PSYCHOPATH,BOØWY,26,285093,0,0.792,0.818,5,-5.783,1,0.0406,0.00787,0.014,0.0716,0.742,128.543,4,0
5JEyr135t1qMJioNg7fy5s,"Fem digte, Op. 26: No. 5, Herbststimmung",Edvard Grieg;Dietrich Fischer-Dieskau;Hartmut Höll,0,93000,0,0.357,0.0147,5,-22.524,0,0.0479,0.985,0.000447,0.0584,0.11,107.869,1,0
5eq83Qv4nFwht3tL3UCKdK,New York to LA,Andy Hendrickson,22,166416,0,0.443,0.521,10,-16.134,1,0.935,0.664,0.0,0.903,0.344,80.363,1,0
3wtXp02KWZCqsZGWRZxNM6,PPP,Kevin Roldan,1,129332,0,0.798,0.625,4,-6.83,1,0.13,0.383,3.33e-05,0.125,0.774,92.994,4,0
6eE0f2XF699L6EtRnRMBJD,Drown,Dabin;Mokita,40,258678,0,0.368,0.754,1,-5.185,1,0.0502,0.00928,0.0,0.256,0.281,169.881,4,0
7ahLXEQsn8588vLthwT4ud,Vibra Alta,CA7RIEL,42,194666,0,0.739,0.726,11,-6.384,0,0.192,0.285,0.0,0.108,0.58,89.997,4,0
1phGE4kjvUS3lOnIqGP2C4,Comentário a respeito de John,Belchior,41,306021,0,0.462,0.638,7,-5.653,1,0.0271,0.248,1.26e-06,0.0697,0.482,145.271,4,0
1NhLJcFWLjrBax77kFft28,Capitán América,Las Pelotas,46,188000,0,0.617,0.789,11,-7.891,0,0.029,0.000185,0.000174,0.0909,0.934,125.006,4,0
3ohxPqZyB74W6ZWFHJdTWk,Stay With You - 英文版,JJ Lin;Stefanie Sun,49,207760,0,0.308,0.302,7,-7.874,1,0.0343,0.86,0.0,0.121,0.425,170.841,5,0
0ttfJZcKq7E7NcIldlogbn,The Beautiful People,Marilyn Manson,0,222773,1,0.609,0.948,9,-4.938,1,0.113,0.00404,0.0978,0.042,0.786,144.037,4,0
2tld2PLZXQvA7Toq38txGT,Party Don't Stop,Darren Styles;Dougal;Gammer,53,197647,0,0.555,0.954,5,-1.064,1,0.0849,0.000597,0.276,0.0292,0.4,169.956,4,0
5XyXczD7YpXm88M94lthms,Primeiro Beijo,Walkyria Santos;Taty Girl,40,178588,0,0.485,0.939,0,-3.964,0,0.0887,0.483,0.0,0.867,0.666,97.531,4,0
3zxUdf7XmWpH6oddULwbwJ,Selfish Love (with Selena Gomez),DJ Snake;Selena Gomez,55,168648,0,0.723,0.647,5,-7.975,0,0.103,0.02,0.331,0.1,0.456,110.963,4,0
3m2FNr5FlOyf94Slpae7vy,O último romântico,Lulu Santos,45,252306,0,0.716,0.494,4,-14.118,1,0.0288,0.62,1.28e-05,0.303,0.805,129.864,4,0
75TwXjTXXVOYVh0IeHYLVV,Azhagellam Murugane,Soolamangalam Sisters,39,189120,0,0.524,0.636,0,-7.238,0,0.034,0.782,0.0535,0.0662,0.827,153.114,4,0
4Hvf9xIeJWp5p9FkJerQhN,Malare,Vijay Yesudas,58,316551,0,0.468,0.501,11,-10.841,1,0.03,0.752,1.21e-05,0.108,0.544,82.525,3,0
0PtcAocxleRXX4HCK9dblL,Behemoth,Gost,43,267090,0,0.551,0.982,8,-1.265,1,0.139,9.38e-06,0.877,0.19,0.175,128.966,4,0
1FU5fnmyjmf2zEPmnMqWaI,Unbuttoned,Timothy Infinite,9,143750,0,0.751,0.606,4,-5.188,1,0.0537,0.534,0.0319,0.347,0.131,140.078,4,0
2dowoN9yWHcP9yuOSbVSBm,Sol Walk,Whitefield Brothers,18,211226,0,0.7,0.933,5,-4.084,1,0.0605,0.166,0.195,0.0501,0.863,115.711,4,0
02JV4HqCdytDkfFwADgLeS,Stranger Smiled at Me,Vector Lovers,16,193761,0,0.702,0.744,4,-8.701,1,0.0335,0.258,0.898,0.117,0.115,109.012,4,0
6sCGgj59qkhjaH8FXeT0R9,Verdadeiro Amor - Ao Vivo,Banda Magníficos,51,181306,0,0.507,0.832,5,-7.707,1,0.0467,0.0149,7e-06,0.429,0.553,105.923,4,0
0HnbfIzOu6eLF8Kb1mT9Wl,Laaree Chootee,WORMONO;Tejas R.H,66,130718,0,0.303,0.349,11,-15.52,1,0.208,0.758,0.000169,0.363,0.337,180.246,4,0
2kTz9GshE7oyjYsDaCWVEb,Dura Na Queda,Ivete Sangalo,39,181993,0,0.619,0.802,11,-5.319,1,0.0974,0.438,0.0,0.32,0.93,196.104,4,0
6y5XDm2NuZCRhy4Bg0VBly,The Old Oak,Mercyful Fate,25,534933,0,0.275,0.949,9,-7.404,1,0.0953,0.00139,0.013,0.304,0.421,75.841,4,0
5jWI1xNxABzDRFTnD2yp8L,I Love to Love,Tina Charles,61,183693,0,0.677,0.703,9,-9.344,1,0.0344,0.143,6.96e-05,0.514,0.962,99.419,4,0
3Nku6gLNqnwUuq8GLkqyhW,Great Spirit,Armin van Buuren;Vini Vici;Hilight Tribe,66,215773,0,0.592,0.911,9,-7.975,1,0.0659,0.00608,0.0123,0.223,0.211,103.517,3,0
0zcEFOW4UllwSKslaU1Xq5,Lion and Sheep,Andreas Vollenweider;Walter Keiser;Pedro Haldemann;Jon Otis,26,174556,0,0.731,0.726,1,-6.629,1,0.033,0.824,0.69,0.23,0.63,138.619,1,0
7zWMiyhsWULaasOszA2Ha7,Não Acaba Não,Manim Vaqueiro;NATTAN,42,152256,0,0.711,0.873,0,-2.896,0,0.0458,0.419,0.0,0.347,0.886,156.073,4,0
6WcZ0Osxiz3ep4Zsdrrv0j,Deck The Halls,Nat King Cole,0,69000,0,0.635,0.393,9,-10.889,1,0.0394,0.652,0.0,0.0845,0.97,107.172,4,0
6kYGUoIczys9WNpuQGBdoG,Selvmordssalme,Urgehal,16,360000,0,0.0679,0.917,9,-6.398,1,0.0686,1.51e-06,0.000689,0.211,0.194,184.386,4,0
5imShWWzwqfAJ9gXFpGAQh,Waiting On the World to Change,John Mayer,73,201173,0,0.578,0.756,2,-5.82,1,0.115,0.157,0.000232,0.249,0.663,176.739,4,1
5JRcDiHOMtl30Bhm8glskp,Stay,SirensCeol,34,172965,0,0.607,0.799,9,-3.511,1,0.0418,0.0328,0.044,0.355,0.247,145.062,4,0
7bKWcP3ExUaYeRivBx5KR5,Crazy - (Acoustic Mix),Vendredi;Son&Dad,28,169404,0,0.651,0.425,3,-6.002,1,0.0309,0.879,4.54e-06,0.156,0.302,104.819,4,0
0nlxkDzyZPBFxaFQqoNdYy,2 steg från paradise,Håkan Hellström,39,347720,0,0.672,0.757,10,-6.471,1,0.162,0.147,0.0,0.339,0.712,141.96,4,0
1XDlBd1YCUkQOsoNhA3C5z,Reinará el Caos,Serpentor,25,374026,0,0.224,0.995,0,-2.532,0,0.22,4.23e-05,0.00231,0.34,0.115,179.966,4,0
2Rw0QiMu5Hx6UQn9tKRTiM,Se Que Has Cambiado,Cyclo;GARABATTO,28,199500,0,0.764,0.651,10,-8.043,0,0.0813,0.407,0.0,0.199,0.475,139.987,4,0
0aDTaI6pxKLiy0vcmHebZR,Tu Alma Mía / Adelita,Todos Tus Muertos,36,233266,0,0.546,0.464,9,-18.492,0,0.0638,0.00383,8.78e-06,0.224,0.731,116.327,4,0
1X4JzOvZWa5IwK8C0y6mJU,Wormhole - Original Mix,DJ Quest;Odissi,14,434912,0,0.638,0.892,4,-4.631,0,0.0616,0.00115,0.807,0.328,0.118,138.002,4,0
2yI8GVtducONY2HERTqRFL,12 Com Dezoito,Planet Hemp,35,183800,0,0.424,0.875,11,-6.162,0,0.261,0.0028,0.0,0.603,0.641,112.727,4,0
7cflqPPi3zWfLFRRBTWeh6,talk is overrated,Jeremy Zucker;blackbear,65,189800,1,0.776,0.353,4,-8.317,0,0.0687,0.435,0.0,0.302,0.658,138.035,4,0
5lbHseygO9s4EqzBbH9Ytq,Seu Caminho,Tianastacia,37,268933,0,0.448,0.736,9,-5.016,1,0.0523,0.0881,0.0,0.0621,0.75,85.073,4,0
5m3GmwLuZSP00IzHdxsDIV,Cuarteles De Invierno,Andrés Calamaro,0,212440,0,0.488,0.627,9,-7.266,0,0.0295,0.429,0.000133,0.114,0.482,78.979,4,0
3BdMyHoBSt1jzGGK6Rofph,Beautiful Girl,Vybz Kartel,21,218329,0,0.792,0.854,7,-6.17,1,0.105,0.116,4.02e-06,0.108,0.829,110.01,4,0
35FdyUxBYDgm1cXCNf23kc,Thinking Out Loud,The Baseballs,23,253945,0,0.737,0.836,5,-8.039,0,0.0442,0.379,4.57e-06,0.305,0.853,105.994,4,0
7CpbhqKUedOIrcvc94p60Y,Bodies,Drowning Pool,75,201960,0,0.656,0.932,4,-3.405,0,0.0708,0.00347,0.00147,0.144,0.544,130.936,4,1
1eWWdO6oIBdJT8SCXaYCYV,Tu Foto Del DNI,Marmi;Aitana,61,179653,0,0.488,0.922,10,-2.542,0,0.0978,0.0306,0.0,0.374,0.52,172.804,4,0
3DS0g1tED3VSCayCFOwLE5,Bite. Chew. Swallow.,Fox Lake,26,213846,1,0.417,0.929,6,-3.675,1,0.225,0.00711,0.0,0.658,0.402,86.059,4,0
6BDLcvvtyJD2vnXRDi1IjQ,Rush Over Me,Seven Lions;ILLENIUM;Said The Sky;HALIENE,55,259555,0,0.441,0.753,0,-4.074,1,0.044,0.0701,0.0,0.027,0.254,135.015,4,0
0qHnnTrylCi1qnzdd4gM1S,Joy To The World - Remastered 1999,Nat King Cole,0,84986,0,0.553,0.337,10,-10.334,1,0.0303,0.818,0.0,0.113,0.664,102.213,4,0
4maYtkkk0yegIvU6LrQM6e,History,Chris Tomlin,39,199066,0,0.415,0.693,9,-4.664,1,0.0318,0.027,0.0,0.183,0.572,167.826,4,0
6zKF4293k44ItKWJJgrhXv,My Curse,Killswitch Engage,68,244773,0,0.197,0.956,10,-2.908,0,0.0663,7.61e-05,0.00992,0.261,0.209,177.018,3,0
1pdFdv8R6ezIAUUNkn785b,CHEERS,SEVENTEEN,76,181466,0,0.74,0.848,2,-4.697,1,0.097,0.306,0.0,0.193,0.881,159.991,4,1
2ibTzucqBTofzEOp2sALeG,Bonita - Ao Vivo | Acústico,Raimundos,36,167658,0,0.493,0.945,8,-2.837,1,0.0501,0.311,0.0,0.528,0.947,185.979,4,0
7x56g3SKfKeE4XRg9MsTyi,"Verdi: La traviata, Act 1: ""Un dì felice"" (Alfredo, Violetta, Gastone)",Giuseppe Verdi;Carlo Rizzi;Edita Gruberova;London Symphony Orchestra;Neil Shicoff,25,189239,0,0.324,0.149,5,-18.318,1,0.051,0.976,1.33e-05,0.136,0.154,95.073,3,0
5xMotDt8HMBgudGOP2QLj6,Embryo Burning,DEAD END,20,272718,0,0.409,0.984,0,-3.749,1,0.0914,0.00266,0.000375,0.188,0.355,148.905,4,0
71BJVUm9wse1WBFEGHIFsI,2 Die 4,Tove Lo,64,185875,0,0.816,0.8,10,-5.705,0,0.0738,0.028,7.38e-05,0.129,0.533,118.01,4,0
5pNH860FWVxhNfzciJKN7w,Incubus in the Night,Leila Bela,0,79173,0,0.365,0.134,7,-38.409,1,0.59,0.871,0.126,0.118,0.175,142.34,5,0
0TkquWzzuxcrwbCWlTrKYF,Yaad Piya Ki Aane Lagi,Neha Kakkar;Tanishk Bagchi;Lalit Sen,65,256678,0,0.858,0.833,5,-3.747,0,0.0471,0.375,0.0,0.112,0.693,107.977,4,0
3VwgtTh9D0CubY32jdhI5U,Cracking,Crumb,59,111986,0,0.635,0.385,6,-11.621,1,0.0341,0.39,0.783,0.0993,0.117,121.951,4,0
2AllsVsmrJkEwXPXwDBCQu,單車,Eason Chan,57,211251,0,0.635,0.35,7,-10.591,1,0.0284,0.754,0.0,0.0743,0.307,130.067,4,0
01YvuEGemQFHwwyonFxIma,Não Demora,Coral Voice Soul;Raphael Dias,26,339440,0,0.392,0.78,7,-4.328,1,0.0526,0.15,0.0,0.262,0.466,81.952,3,0
2havWZsaPb3X4FkZkBNzVc,Kandu Kandu,Sujatha,32,270333,0,0.656,0.642,9,-10.186,0,0.0722,0.483,1.36e-05,0.317,0.62,100.085,4,0
2BBzDicR8hMzSNwUqtdPV5,Bate Bate Chocolate,Dora The Explorer,14,72666,0,0.816,0.429,7,-6.386,1,0.206,0.128,0.0,0.0479,0.971,80.285,4,0
2ggLxejiY4aIzf7FmZDTTj,Cielo Rojo / Cruz De Olvido,Los Poetas De La Guitarra,22,170225,0,0.511,0.33,2,-7.122,1,0.0585,0.609,0.846,0.0982,0.259,196.045,4,0
6qrb4ganbSTzcDDOo1pzMT,Sweetheart,Dev Negi,66,212195,0,0.768,0.806,8,-6.277,1,0.0517,0.376,1.65e-06,0.0787,0.925,123.039,4,0
5ynCNwoLOOHoJU4N40m97V,Nahs,Padra,2,260000,0,0.486,0.978,8,-2.591,1,0.0934,0.0005,0.0,0.203,0.397,100.012,4,0
0n30h31bEKiIHXXzPbkdqy,Take You Down,ILLENIUM,46,221294,0,0.285,0.694,11,-3.358,1,0.0482,0.511,0.000128,0.374,0.163,170.124,4,0
5qxxGClUqyGC7hRwqYUjKP,Jingle Bell Rock,Blake Shelton,0,123400,0,0.65,0.736,0,-5.222,1,0.0378,0.122,0.0,0.0998,0.595,129.941,4,0
3drvdWPoajpH7BmXdMj5nl,Wir machen mit bei der Rettung der Erde,Almklausi,0,190106,0,0.711,0.958,1,-1.95,1,0.0609,0.0799,0.0,0.361,0.816,139.984,4,0
69K4Q0IBI85kwCbJYUQ7Qi,Santa Claus Is Coming To Town,James Taylor,0,183253,0,0.696,0.343,7,-11.596,0,0.0376,0.707,0.000119,0.107,0.38,131.043,4,0
6ST2sndt6ieETDBzOSR063,El Rápido Speedy Gonzalez,Manolo Muñoz,40,156177,0,0.512,0.598,0,-5.868,1,0.0628,0.569,0.0,0.297,0.747,146.995,4,0
04pQck9yFXwkAQu2U5Sc9X,No Sleep,Crypton;Unproven,31,197853,0,0.604,0.966,1,-3.054,1,0.0557,0.0669,0.00137,0.437,0.145,102.471,4,0
1W5mifA8dmXAkeich4GPFK,Great Is Thy Faithfulness (Beginning to End) [feat. Mike Weaver] (feat. Mike Weaver),one sonic society;Mike Weaver,45,250426,0,0.478,0.347,0,-7.43,1,0.0261,0.0672,0.0,0.0838,0.28,99.947,3,0
072Hl1zCG3UMxc7JBeQk7r,Happier - Slowed + Reverb,Marshmello;Bastille,54,240531,0,0.57,0.778,0,-4.723,0,0.0384,0.179,1.36e-06,0.227,0.493,89.116,4,0
1eqGYJJr2z2GXK1i0hD3BC,Love Letters In The Sand - Single Version,Pat Boone,55,134560,0,0.571,0.196,3,-13.216,1,0.0278,0.811,0.0,0.142,0.555,88.728,4,0
4xhWOVLsr9VsMiaUH4aCrx,Sutil dolor,Benny,29,203066,0,0.596,0.529,7,-8.958,1,0.0327,0.0276,0.00187,0.0811,0.535,144.954,4,0
5xwYLXOvJZsLqkKa8d2job,Catch Up,Natalie Holt,37,97911,0,0.308,0.478,7,-10.344,0,0.0323,0.445,0.307,0.257,0.0637,100.452,4,0
4WBuYFw26LcnSuScYQiVNH,Amor de Fim de Noite / Morena da Cor do Pecado - Ao Vivo,Caju Pra Baixo,45,281598,0,0.623,0.798,1,-5.027,1,0.126,0.673,0.0,0.0461,0.9,156.009,4,0
6stk4hvLIFGUP1YANwjb7O,Swing - Solomun Remix,José González;Solomun,18,246129,0,0.72,0.7,11,-9.867,0,0.0361,0.724,0.81,0.0979,0.861,120.998,4,0
21ZsVWzQ4egTyrGMcoOOGZ,Lazy,Timothy Infinite,24,138102,0,0.712,0.301,2,-9.028,0,0.0307,0.931,0.444,0.0802,0.167,84.937,4,0
3rVBHSHxRTYTvSplO6CmZ0,RAIN,Teflon Sega,55,228125,0,0.487,0.718,7,-4.066,0,0.0341,0.175,1.14e-06,0.097,0.187,96.024,3,0
3f9dNrQR4stx9CCfpqZVSf,Rasiya Reprise,Pritam;Arijit Singh;Amitabh Bhattacharya,60,285000,0,0.34,0.606,4,-8.517,1,0.0379,0.798,0.00205,0.0963,0.268,151.383,4,0
3yqoJ4rc45ep4M0iLa32rC,Ganja - Deekline & Kleu Remix,Dub Pistols;Deekline;Kleu,19,270171,0,0.79,0.973,1,0.082,1,0.147,0.03,1.92e-05,0.262,0.759,87.474,4,0
0usNFsDDoVMYVE732zM3QI,KR L$DA SIGN,Emiway Bantai,59,492160,1,0.709,0.716,2,-4.644,1,0.246,0.129,0.0,0.243,0.608,139.961,4,0
5thguwgodQ1vEgOxESaksd,Pra Sempre - Ao Vivo na Avenida Paulista,Gabriel Guedes de Almeida,41,536571,0,0.323,0.294,0,-13.657,1,0.035,0.786,0.0,0.118,0.193,122.005,4,0
015ENhxZgNXSvzml1FJueG,Zaroia,O Surto,37,237733,0,0.639,0.868,4,-2.974,0,0.0714,0.0648,0.0,0.169,0.708,137.037,4,0
64GsnetcIc9alVvgdBZss8,Season 6 Theme Song,Lil' Ron Ron,11,90409,0,0.919,0.512,5,-9.73,0,0.237,0.388,0.00289,0.0472,0.903,127.46,4,0
7HoWiIdwg7A2vomrmGmW6N,Saturday Nights,Weston Estate,54,150805,0,0.573,0.747,0,-7.095,0,0.0761,0.695,1.05e-05,0.103,0.632,172.159,4,0
5CI4uc5U66KH9g4nklN2JO,Domino - Rework Edit,Oxia,50,222416,0,0.725,0.855,1,-9.101,0,0.0435,0.0017,0.921,0.076,0.123,126.034,4,0
78mxCo830QRTFaLDRSYcea,The Boatswain's Song - Demo Recording,Oliver Wallace,23,186773,0,0.688,0.325,0,-14.68,1,0.0462,0.981,0.65,0.725,0.812,102.145,4,0
49mrUgNUqZvCyDpcjO3XWb,Blue Moon - Remastered,The Marcels,35,133178,0,0.575,0.465,7,-8.745,1,0.0361,0.275,0.0,0.12,0.872,127.672,4,0
0zxgHGktc814fwz84UpFLJ,I Love You More than You’ll Ever Know,Donny Hathaway,0,320280,0,0.358,0.243,0,-14.29,0,0.0369,0.755,0.000157,0.113,0.22,138.983,5,0
65yTIStAjXN1YmUAleXv57,Flutech (feat. Ivan Ooze),Joel Fletcher;Ivan Ooze,40,164769,0,0.856,0.854,5,-5.351,1,0.0815,0.13,0.0178,0.105,0.842,129.995,4,0
0sY09XYUgItQQbHAb6hLKV,"Lonely - 劇集 ""特技人"" 插曲",Kayee Tam,19,192678,0,0.521,0.363,8,-6.655,1,0.032,0.26,0.0,0.132,0.172,132.214,4,0
3yDaoyXrL0R5J7PCSHlxdR,Live Without Existing - CD Version,A-Lusion;Scope DJ;Second Identity,19,275920,0,0.607,0.947,1,-6.687,1,0.0629,0.00093,0.31,0.267,0.196,151.358,4,0
0tL0JB08d5De5zBko245Y8,Sommarvals,Christian Peterson-Bergling,66,176557,0,0.352,0.0464,1,-27.631,1,0.0307,0.973,0.879,0.107,0.339,98.943,4,0
5pztwVl6brVgqYjYQ93us6,Stand by Me,Seal,60,242813,0,0.736,0.439,9,-6.436,1,0.0272,0.256,0.0,0.143,0.812,107.455,4,0
33xvLHLR4T6FdGZ2Nvonww,Más Feliz Que la Mierda,Flema,44,116106,0,0.4,0.742,0,-5.335,1,0.0453,0.000545,5.39e-05,0.101,0.366,99.299,4,0
4y1aOK2HGfM4e746hGd6Y5,The Best Pizza I Ever Had,Blake Rules;Netherfriends,14,101818,0,0.933,0.361,9,-14.342,1,0.174,0.0163,2.23e-05,0.108,0.208,132.024,4,0
2IphqivUctqKvw8Ss59sA0,Conteo Regresivo,Gilberto Santa Rosa,38,267684,0,0.787,0.684,8,-9.148,1,0.07,0.761,0.0,0.0709,0.962,163.948,4,0
1nt1K4P3BWy3TJBGxU36eH,Este es el Rey,Tango Bardo,16,159194,0,0.528,0.493,6,-7.262,0,0.0501,0.708,0.121,0.148,0.669,146.301,4,0
1vXNHt7Vj7U75R0qV2YrOu,Hot in It,Tiësto;Charli XCX,1,129817,0,0.748,0.841,7,-5.08,1,0.177,0.00445,1.33e-06,0.0413,0.717,123.045,4,0
785YakNCrw6pE9KgZyPwWy,Little Kandi Raver - Original Mix,S3RL,23,384000,0,0.515,0.956,0,-5.878,0,0.0802,0.0141,0.116,0.0558,0.468,174.962,4,0
0ZvfZo2cocQih6tamxniQF,Loving You,Frankie Knuckles;Director's Cut;Kenny Summit;Eric Kupper;Yasmeen,16,408518,0,0.639,0.843,9,-5.857,0,0.0522,3.92e-05,0.0258,0.0519,0.584,124.001,4,0
50umxdDbJnWo2ESmUk9w12,She,Joris Delacroix,18,487559,0,0.804,0.621,0,-8.287,1,0.0444,0.00923,0.862,0.129,0.677,127.004,4,0
2Qcn7dFDzdRtmZ4KsF8e38,Na Onda do Skank (Ela É Mais Avançada),MC CH da Z.O;Bala da Tropa;Milly Explosão;DN do Recife,0,169064,1,0.879,0.757,9,-1.184,1,0.314,0.0926,0.0,0.0819,0.876,140.056,4,0
2LCvypYL9a21Hln4A4EdWU,Haaray,Abdul Hannan,57,184000,0,0.716,0.29,9,-12.098,1,0.0332,0.634,7.3e-05,0.0987,0.281,90.019,4,0
2SdCOY17R8ba5lbpyBhRN4,Meu Cenario,Circulando De Fulo,39,231133,0,0.645,0.698,10,-6.177,1,0.0433,0.238,0.0,0.0545,0.967,168.05,4,0
61k7xAKMsuvTf2j2YnieSi,Sky High,Elektronomia,61,236254,0,0.592,0.956,0,-2.068,0,0.044,0.105,0.00289,0.344,0.193,128.084,4,0
05tQHifEgbVLavnO3GcuxN,Niña Bonita - Remastered 2020,Chino & Nacho,0,215960,0,0.666,0.921,9,-5.462,1,0.138,0.226,0.0,0.15,0.723,120.03,4,0
77l75UICfUZK5k0G7WRGqg,Traductor,Tiago PZK;Myke Towers,80,222857,0,0.845,0.776,11,-3.098,0,0.0488,0.111,0.0321,0.0684,0.528,105.018,4,1
089n75HUWVpAYar5t2GwPn,Raja Raja Cholan - Rettai Vaal Kuruvi - Tamil,Roshan Sebastian;Robin Sebastian,68,106501,0,0.625,0.165,4,-14.581,1,0.0354,0.835,1.11e-06,0.105,0.419,94.744,4,0
7fZCViZ831HCOpI0DrtaEi,Sólverv,Vreid,20,361680,1,0.138,0.969,11,-3.603,0,0.134,3.48e-05,0.691,0.318,0.0465,175.725,4,0
6PprnktjmpGa84jSvxxr2o,Nothing But A Whippoorwill,Blue Highway,23,171906,0,0.617,0.605,5,-7.916,1,0.0299,0.494,0.02,0.0597,0.463,125.868,4,0
2FGnMGgQ34MFVY23Ck2atR,Hammerhead,Overseer,38,444739,0,0.513,0.935,10,-8.141,0,0.0611,4.49e-05,0.834,0.0562,0.6,141.999,4,0
5y2cZBC8Mq4TQp2I6Vo0ne,=LOVE,=LOVE,32,247826,0,0.429,0.959,10,-3.214,1,0.0905,0.037,0.000193,0.0474,0.651,158.031,4,0
6flEDs8jmQ47ZSFZru59Fz,ニワカ雨ニモ負ケズ,NICO Touches the Walls,58,261653,0,0.38,0.951,1,-2.92,1,0.147,0.00282,0.0,0.0536,0.664,186.127,4,0
3kSBSSsXtebECjCggW87yq,Sultan,Vishal-Shekhar;Sukhwinder Singh;Shadab Faridi;Irshad Kamil,57,280137,0,0.669,0.866,2,-6.628,1,0.0499,0.0589,0.0,0.0463,0.288,119.992,4,0
27FOde2nUw0pFuj7hlPbaS,愛人錯過,告五人,62,292074,0,0.549,0.923,1,-3.857,1,0.0393,0.0295,8.76e-05,0.14,0.498,140.045,4,0
0VgkVdmE4gld66l8iyGjgx,Mask Off,Future,83,204600,1,0.833,0.434,2,-8.795,1,0.431,0.0102,0.0219,0.165,0.281,150.062,4,1
3UFZkGoRoqZD2gp0ayZlM7,Dependente,Canção & Louvor,43,270791,0,0.647,0.459,2,-6.737,0,0.0331,0.586,0.0,0.19,0.201,135.824,4,0
6LcDgsJUPj70eb0NONh5q6,Bala na Agulha,BaianaSystem,36,247000,0,0.688,0.864,10,-4.957,0,0.151,0.269,0.000172,0.0357,0.667,180.052,4,0
4bXoVtbp6fN8FaSQvGQB41,Tortured Soul,Chord Overstreet,53,246613,0,0.55,0.499,4,-9.502,1,0.0338,0.472,2.26e-06,0.0798,0.144,86.966,1,0
3ZGT5qugV3L6AgB9DswiQp,Trucks Don't Lie,Tyler Rich,2,209046,0,0.424,0.774,1,-4.35,1,0.0359,0.0573,8.54e-06,0.0854,0.346,76.888,4,0
6sVs2XaexRTV07ZQaRIuud,Quiero Vivir a Tu Lado,Miranda!,40,195120,0,0.651,0.848,2,-4.843,1,0.0289,0.00963,2.15e-05,0.224,0.662,133.036,4,0
54CNbsriybd0OWKBT0cnmN,Maverick,Teenage Bottlerocket,23,138346,0,0.403,0.962,9,-3.726,1,0.0868,0.00158,0.0,0.301,0.664,186.911,4,0
1SOVqO9yC3UkHwFUpaPUyA,When You Were Mine,Allo Darlin',7,185866,0,0.516,0.833,9,-7.09,1,0.0331,0.0707,8.77e-06,0.258,0.802,92.863,4,0
7aILdJdOoAHJtvlQftL6S1,Paixão de peão,Rick & Renner,45,230720,0,0.767,0.78,2,-5.347,1,0.0314,0.426,0.0,0.3,0.917,109.814,4,0
453EQz0bEuyxisK9CYJp0O,Shadows,Evil Activities;Korsakoff,16,218666,0,0.333,0.985,6,-1.844,0,0.471,0.00447,0.0,0.241,0.0583,180.092,4,0
0UQMCQBLGn3pE3k7Ibo1J4,Frozen Peaks,Hans Zimmer;Adam Lukas;James Everingham;AURORA,26,104923,0,0.156,0.22,9,-15.341,0,0.0353,0.739,0.951,0.253,0.039,107.111,4,0
1nwoHSKbhOF9hPX9JbGo1X,レイニー・ウェイ - Remastered 2022,Eikichi Yazawa,23,204653,0,0.571,0.456,9,-10.286,0,0.0363,0.139,2.66e-06,0.0566,0.421,119.229,4,0
7ss73yV5efYHgm9bAQ98JM,Scream With Me,Mudvayne,61,172586,0,0.262,0.867,8,-4.472,1,0.0481,0.00216,0.00173,0.0858,0.485,179.985,4,0
1283dXnSZw4kGYGG7ozGij,Fiance,Jim Florentine;Don Jamieson,23,1081982,0,0.698,0.814,5,-12.645,1,0.9,0.988,3.25e-06,0.736,0.157,131.549,4,0
0bVekIoRM4Z133jFzeykR2,Por Perro,Sebastian Yatra;Luis Figueroa;Lary Over,0,245360,0,0.684,0.762,0,-5.147,1,0.0564,0.419,0.0,0.0759,0.905,172.015,4,0
1ZEOIhSn6BKErV59bIgn76,California Dreamin',The Mamas & The Papas,69,160373,0,0.548,0.728,1,-6.631,0,0.0367,0.424,0.0,0.0525,0.649,112.332,4,0
2uHMTG5xr9Xk7MrXIWrVUH,玫瑰少年,Jolin Tsai,54,191718,0,0.648,0.716,10,-6.657,0,0.0401,0.0577,2.16e-05,0.09,0.287,98.014,4,0
0abxz0H1AfOWtxD3OSstcX,Blitzkrieg Bop,Twinkle Twinkle Little Rock Star,29,212000,0,0.615,0.0679,9,-19.098,1,0.0608,0.987,0.887,0.0951,0.313,75.004,4,0
1fhkYbKPdQSd3Tb0MLTQ5Y,Jingle Bells,Kidsongs,45,100840,0,0.805,0.721,4,-4.766,1,0.0295,0.555,0.0,0.28,0.954,116.346,4,0
41aKdU4Eqr2aYFbSPT6GeS,Hot Stuff - Single Version,Donna Summer,0,314760,0,0.823,0.744,0,-13.98,1,0.0316,0.0055,0.033,0.0707,0.966,120.471,4,0
7vyNpyHgzn7GzeGQfGx6sa,Atrasadinha / Notificação Preferida - Ao Vivo,Turma do Pagode;Thiago Brava,45,346758,0,0.56,0.67,7,-8.81,1,0.0746,0.597,0.0,0.36,0.589,87.139,4,0
2kDuAIr3uJKloU1cnNO6KT,Ain't It Fun - Smash Mode Remix,Paramore;Smash Mode,0,325312,0,0.68,0.884,1,-5.146,0,0.0501,0.000408,0.00304,0.0738,0.827,124.04,4,0
1ljlahg779GzFNN1yLUG6D,Les microsillons,Alain Chamfort,22,235226,0,0.442,0.0909,9,-17.368,1,0.0327,0.888,0.00264,0.0983,0.23,136.74,4,0
0CawrCDxkBgaR2ImcpQYMm,So Good,OAFF;Kayan,46,179085,0,0.767,0.431,8,-12.553,0,0.0754,0.436,0.0247,0.0812,0.473,149.936,4,0
1ey4hhMVl1Tv9MK1y44tS0,Ariana,Tony Anderson,47,557634,0,0.513,0.185,6,-24.03,1,0.0348,0.967,0.897,0.101,0.0341,92.992,4,0
6KIEfLIfSHGZBwlco6YCAK,The Kite,Anthony Rapp,29,127400,0,0.562,0.366,8,-12.8,1,0.118,0.712,0.0,0.0899,0.366,74.573,4,0
53c9YHuifgAWJoqgPOgPUn,Long Before Winter's Call,Unleashed,0,227616,0,0.37,0.993,7,-4.465,1,0.131,7.84e-05,0.00622,0.127,0.0398,103.052,4,0
4ve3FEyrdB3oNyT4Zwl7c7,"6 Variations in F, K.54: 2. Variation I",Wolfgang Amadeus Mozart;Danielle Laval,24,51223,0,0.234,0.112,5,-28.132,1,0.0449,0.994,0.903,0.14,0.769,157.187,4,0
5b7vx5lmwVcoeeYXYYtYz9,Crazy Eyes,Old Crow Medicine Show,25,257613,0,0.628,0.447,2,-9.824,1,0.0266,0.485,5.65e-05,0.12,0.488,109.506,4,0
4ijjMyIiRkedVXNF3cnyzZ,漁火閃閃,Albert Au,20,211853,0,0.46,0.324,1,-15.704,1,0.0309,0.421,0.132,0.93,0.277,79.327,4,0
0noUgseAwk5ocHM4RyWcKg,Airplane pt. 2,Smyang Piano,38,174576,0,0.347,0.114,0,-24.026,1,0.0437,0.992,0.955,0.171,0.103,139.646,4,0
6uQRw745OItLYC9eniUUeb,Do It With Your Boots On (Zydeco Remix),Cupid,28,405195,0,0.598,0.902,6,-3.537,0,0.0841,0.257,0.0,0.35,0.952,76.978,4,0
6udFBv3qe6LOh2LfgVmbcY,Piel,Arca,39,247553,0,0.169,0.167,7,-18.586,1,0.036,0.589,0.74,0.0902,0.0377,67.864,3,0
2cEmWBBlCfR9wWrY9JmTyt,Let Me,ZAYN,68,185373,0,0.46,0.566,9,-5.637,1,0.0502,0.239,5.96e-06,0.0967,0.189,168.408,4,0
5rNZsITjXf23iFkRA924FV,Intro: Singularity,BTS,68,196998,0,0.775,0.272,1,-9.126,0,0.091,0.56,0.00278,0.112,0.198,103.991,3,0
4CWlfW5P21CFB2X0dzvSTC,Partyanimal,Micha von der Rampe,27,139159,0,0.814,0.74,0,-5.738,1,0.145,0.165,0.0,0.111,0.7,138.069,4,0
4gagfSo6yKtWXDicu2oIcr,Do You Want Me,Popof,48,273293,0,0.781,0.528,7,-13.271,1,0.0425,0.169,0.84,0.113,0.267,129.978,4,0
7BjNYJIMFWUm775XArgtEb,Recuerdos de Julcán,Riber Oré,24,174213,0,0.58,0.357,9,-7.715,0,0.0957,0.856,0.834,0.121,0.337,133.474,4,0
3xZ9lsSzF2Js5aByi2GmgD,Viver Sem Deus Não Da,Gerson Rufino,40,224533,0,0.652,0.73,9,-4.669,1,0.0375,0.375,3.89e-06,0.463,0.468,188.327,4,0
5BcyxCXrXuw4vsAqAiObWM,Yes! No! I Mean Yes! No I Don't!,Leila Bela,0,38333,0,0.0,0.572,8,-16.286,1,0.0,0.872,0.000175,0.119,0.0,0.0,0,0
0JwtmsNI76noYakct1EhhN,1x1,Galantis,0,139435,0,0.887,0.863,2,-4.2,1,0.0697,0.0176,0.0594,0.288,0.517,120.028,4,0
4v3Iyw1DP578eRpoQPpcv9,Wake up Dead (feat. Dave Mustaine),Lamb of God;Megadeth;Dave Mustaine,50,223413,0,0.225,0.937,0,-4.596,1,0.124,9.51e-05,0.163,0.119,0.351,161.195,4,0
0FoBLDicgJ05xqJX6Zn4JB,Bytes,Aril Brikha,7,448773,0,0.793,0.58,10,-12.653,0,0.0559,0.0111,0.911,0.107,0.325,133.022,4,0
3p4UTiSIIpP4LFn0KEyEOj,十面埋伏,Eason Chan,39,232119,0,0.559,0.474,0,-6.359,1,0.0287,0.231,0.0,0.105,0.399,138.031,4,0
1jYbC28GVYRNOrBltndpjl,Atomic,Blondie,23,230160,0,0.527,0.82,4,-5.49,0,0.0338,0.00157,0.197,0.347,0.748,136.578,4,0
6qS2nl4bcj927dQGwMHKVh,Подмосковные вечера,Vladimir Troshin,26,275693,0,0.284,0.147,0,-17.561,0,0.0359,0.92,0.0215,0.105,0.259,121.137,4,0
63GJDO5mxiFP1ZQEpdUWRd,The Remedy,Polaris,57,243913,0,0.356,0.995,4,-3.366,0,0.172,3.26e-06,0.000196,0.403,0.167,183.985,4,0
70tpfY2mt3i1aqTzhvljAN,"Еду я - Из к/ф ""Лушка""",Maya Kristalinskaya,5,140773,0,0.522,0.321,5,-11.632,0,0.138,0.936,0.0,0.0937,0.718,167.36,4,0
0uar1yIbMWNHmmAouH064O,Deja La Mala Noche,Adalberto Álvarez y su Son,29,314773,0,0.486,0.898,2,-6.411,0,0.0418,0.52,8.35e-05,0.292,0.96,96.103,4,0
6NZYF81lXOvuSp52ArfGnU,Lost In Phaedra,Mikis Theodorakis;Francesco Diaz,0,402000,0,0.344,0.2,10,-15.859,1,0.034,0.785,0.162,0.374,0.049,119.887,4,0
1b876Botb2h1Mf5L37anDJ,HISTORY,Becky Hill;Joel Corry,0,176609,1,0.674,0.86,8,-3.318,1,0.0369,0.155,3.21e-06,0.359,0.771,122.975,4,0
5Xc74Dn1ZKH6H8XaVGOHXG,On My Mind,Disciples,58,185845,0,0.741,0.893,0,-2.549,0,0.0384,0.0435,3.19e-05,0.0371,0.733,122.056,4,0
4W3kCjcFMvFEW0p4BJfKOx,The Times They Are A-Changin',Flogging Molly,1,180653,0,0.343,0.954,7,-4.799,1,0.13,0.0604,1.24e-05,0.222,0.341,152.115,4,0
4tYFy8ALRjIZvnvSLw5lxN,Party,Bad Bunny;Rauw Alejandro,90,227628,0,0.829,0.799,9,-5.389,1,0.0897,0.0151,0.000543,0.242,0.471,97.013,4,1
5yevO7pjjyF8EtIW5GJ67f,Montclair,That Girl Lay Lay;Tha Slay Gang,11,122813,0,0.835,0.698,1,-5.339,0,0.1,0.0556,3.33e-05,0.215,0.435,143.822,4,0
0wJoRiX5K5BxlqZTolB2LD,Purple Haze,Jimi Hendrix,71,170813,0,0.533,0.905,2,-5.27,1,0.0754,0.00876,0.578,0.0698,0.486,108.9,4,1
4HXqDOIIMUarJ2HYPSjJzs,Nuff Respect,Lady G,30,216186,0,0.867,0.636,7,-7.509,1,0.294,0.000778,0.0,0.244,0.697,82.189,4,0
3khEEPRyBeOUabbmOPJzAG,KICK BACK,Kenshi Yonezu,83,193495,0,0.577,0.941,1,-5.17,1,0.105,0.00207,3.36e-06,0.0891,0.292,101.921,4,1
0xWBhH0LfhRiz6P0LJBpk0,Waiting to Die,iamjakehill,52,144757,1,0.577,0.733,1,-8.048,1,0.0688,0.0879,0.0,0.108,0.585,160.103,4,0
56sk7jBpZV0CD31G9hEU3b,Animal I Have Become,Three Days Grace,74,231400,0,0.553,0.853,8,-3.668,1,0.0339,0.000684,0.0,0.126,0.506,122.023,4,1
27vY7dt2eQPL6Nhsy7CmjA,Roam / Absent Civilians,Trap Them,11,67920,0,0.229,0.995,1,-4.231,1,0.198,1.31e-06,4.55e-05,0.478,0.0821,114.635,4,0
1PeeZjiGNzzUUc8epzLtvv,Glassworks: Opening,Philip Glass;Víkingur Ólafsson,0,464453,0,0.0713,0.00696,3,-39.507,1,0.0405,0.994,0.915,0.071,0.0977,213.848,3,0
14Gl9VGGqSCxQVTHDt1S4p,Thank You,The Vacant Lots,41,174813,0,0.424,0.959,11,-4.699,0,0.0473,0.000119,0.909,0.277,0.612,130.004,4,0
7pwevow9OxZGfvoIwnFoFS,Bagulho No Bumba,Os Virgulóides,43,199600,0,0.725,0.766,7,-9.51,1,0.0908,0.0196,0.0,0.0335,0.931,87.984,4,0
3bE5slaVEfaDreqARl6k4M,Yellow Ledbetter,Pearl Jam,70,303586,0,0.504,0.354,4,-11.3,1,0.0339,0.29,4.71e-06,0.157,0.292,140.87,4,0
1SHB1hp6267UK9bJQUxYvO,Судно (Борис Рижий),Molchat Doma,75,141394,0,0.484,0.75,1,-4.176,1,0.0685,0.697,0.862,0.105,0.467,159.992,4,1
6sZxfH5IdFCklZ26LcylzS,Thumper,DJ Baby Anne,11,174993,0,0.79,0.756,7,-7.042,1,0.0894,0.000185,0.81,0.0882,0.116,131.98,4,0
0pNeVovbiZHkulpGeOx1Gj,Something - Remastered 2009,The Beatles,72,182293,0,0.396,0.338,0,-10.872,1,0.0304,0.198,2.62e-06,0.138,0.377,133.522,4,1
360gCLBRm4Caa50Vlbluhy,Venho a Ti,Luma Elpidio,53,346044,0,0.374,0.414,2,-7.161,1,0.0344,0.0549,0.0,0.112,0.196,124.211,4,0
2Rz3S19mFrLS9uZDvubntG,Tengo Miedo,Los Brios,28,148140,0,0.44,0.634,2,-8.592,1,0.0289,0.246,0.0,0.689,0.493,94.501,4,0
69UZ7jq0OEfymnk2mmXScI,Thunder Kiss '65,White Zombie,0,234466,0,0.636,0.937,9,-3.94,1,0.044,0.00117,0.000223,0.54,0.395,112.641,4,0
5ZSIKIjJtKnqT9lJcP6BvM,Call Me Now,Michael Calfan;INNA,50,146866,0,0.77,0.673,1,-5.466,1,0.0535,0.0273,0.0,0.425,0.569,122.016,4,0
71ehTADpxs85ULrZgSEKCy,Almost Lover,A Fine Frenzy,57,268800,0,0.549,0.24,0,-7.778,1,0.0338,0.947,0.0,0.106,0.167,119.58,4,0
4W3e2IhmFSNLVOVfDZTAef,Panta Rei,Agoria,0,402528,0,0.558,0.633,9,-9.875,0,0.0551,0.0462,0.862,0.0964,0.425,123.963,4,0
4u9jtJXU6fAbBBmWL6VB0E,Shaky Shaky,Daddy Yankee,0,234320,0,0.899,0.626,6,-4.228,0,0.292,0.076,0.0,0.0631,0.873,88.007,4,0
4gVwRSCyE40hU3cq8qdkwD,Hung Up,Hot Chelle Rae,49,193733,0,0.668,0.875,4,-3.963,1,0.0447,0.0428,0.0,0.379,0.934,92.992,4,0
4wJDllCkGy6QIKIu7ZHFny,Lawine Song (mmv DJ Jerome),Lawineboys,32,207000,0,0.628,0.996,1,-2.53,1,0.106,0.0939,0.0123,0.0906,0.362,145.021,4,0
5B61zzjiE95eO7JycmLbJX,El Chocolate,José-Luis Orozco,33,37293,0,0.868,0.195,9,-17.757,0,0.459,0.87,1.59e-05,0.0987,0.839,128.514,4,0
3xC0qqn1KWCgNi4NobRkTE,Holigan,Hidra,39,247636,1,0.813,0.782,9,-5.982,0,0.247,0.274,0.0,0.339,0.423,128.036,4,0
1Ly7xppUgLEZ4iwxRAR9Sf,Getting Along,Royal Republic,62,137306,0,0.528,0.973,11,-3.798,0,0.106,0.000661,0.0,0.363,0.473,94.009,4,0
4bvoh5rKs3UFZdtUo7AZ5Y,Got That Booty - Original Mix,DJ Fixx;Keith Mackenzie,14,198746,0,0.768,0.92,1,-6.656,0,0.0442,0.00611,0.592,0.0498,0.834,127.97,4,0
43IzDkciBPgqULDdAh3MUl,Victoria’s Secret - Stripped Strings,Jax,15,168833,0,0.54,0.173,6,-9.303,1,0.0336,0.829,0.0,0.137,0.48,144.765,4,0
6Di2mEmryP7AAak4VZMLVJ,Within the Light,Mia Pandosa,61,149765,0,0.0881,0.00356,5,-33.389,1,0.0435,0.985,0.964,0.149,0.0514,78.987,1,0
7MuPOXU2vjEe3Kh9LfbM5v,Only Pain,Gojira,51,239960,0,0.393,0.951,3,-5.345,1,0.054,3.09e-05,0.00986,0.37,0.324,99.213,3,0
70DoteWv6bCOzJCrgE1OZB,Rain Drops Dancing on a Tin Roof,Rain Sounds;Rain Sounds & White Noise;Relaxing Rain Sounds;Meditation Rain Sounds;Sleep Sound Library;Sleep Sounds of Nature,34,71107,0,0.304,0.999,6,-22.221,0,0.0969,0.432,0.913,0.979,1e-05,115.315,1,0
6WISfiNXEcOMBFEQ5Gla1H,Fool To Cry - Remastered 2009,The Rolling Stones,0,305920,0,0.384,0.448,5,-7.397,1,0.043,0.9,0.0561,0.114,0.27,135.128,4,0
6My1PfmDeYo8jr5c1Bzhjm,Slipping Away,Dave Edmunds,29,260826,0,0.583,0.924,2,-8.277,1,0.0314,0.042,0.00531,0.355,0.817,130.335,4,0
2Ekzdvq7VEmWMDkxrYwKX7,Quieres Volver,Jairo Vera;Bayriton;Ignacio Green Clown;Paolo Ronaldo,50,242764,0,0.825,0.625,7,-7.235,1,0.0672,0.0202,0.0,0.217,0.86,105.053,4,0
4wpuSPubVKDExCYBnfOQgE,O Tannenbaum - Remastered 1999,Nat King Cole,0,180200,0,0.25,0.228,3,-14.186,1,0.0364,0.811,0.000166,0.199,0.198,90.001,4,0
4JE6agBLHGA5TaF6FlqfBD,As the World Caves In,Matt Maltese,73,218754,0,0.331,0.45,10,-5.362,1,0.034,0.365,0.00464,0.22,0.18,123.829,4,1
1S7hEPenrIVKVTuEjtXKz9,Letting Go,Hogland;KIDDO,59,192088,0,0.667,0.635,6,-5.924,1,0.0365,0.0534,0.0,0.0963,0.217,119.948,4,0
5VIZnHRkpfZB9f4KoKomBx,Hey (I Miss You),Armin van Buuren;Simon Ward,60,199522,0,0.615,0.88,5,-3.717,1,0.0355,0.000376,0.000966,0.046,0.43,120.044,4,0
3upIaTAwzeD5ijPJe44ceD,Khnoro Aamar Fossil,Fossils,45,332403,0,0.403,0.77,8,-6.787,0,0.0434,0.195,0.0,0.151,0.428,140.616,4,0
3l68O6MdjNjEarDHko5bTv,Por Una Cabeza,Hugo Díaz,19,196440,0,0.609,0.426,9,-8.544,1,0.0574,0.763,0.302,0.117,0.606,107.878,4,0
7Hm5FQw1NQtfnTI7JUExaP,Love Mashup,Shekhar Ravjiani;Shilpa Rao;Aakanksha Sharma;Ajay Gogavale;Amit Trivedi;Arijit Singh;Arko;Arnab Dutta;Ash King;Dev Negi;Farhan Saeed;Harshdeep Kaur;Neha Kakkar;Palak Muchhal;Shreya Ghoshal;Sunidhi Chauhan;Tony Kakkar;Yasser Desai;Ajay-Atul;Amjad Nadeem;Chirantan Bhat;Harish Sagane;JAM8;Pritam;Rochak Kohli;Shivam;Vishal-Shekhar;Dj Raahul Pai;Atif Aslam;Jyotica Tangri,60,240017,0,0.711,0.673,5,-5.89,0,0.0336,0.25,0.0,0.214,0.393,109.992,4,0
7BCiBYWbnclXSMRHRFrLYK,Tangerine Sour,Emancipator;9 Theory,52,253044,0,0.646,0.57,0,-8.964,0,0.0265,0.559,0.868,0.0968,0.473,93.989,4,0
31uR0BQMcEe5gOxdr4D2Mo,Surge propera amica mea,Emma Kirkby;David Thomas;Anthony Rooley;Trevor Jones,0,209666,0,0.341,0.0617,8,-21.877,1,0.05,0.986,0.0,0.093,0.191,94.464,4,0
5lge0iAI5OxNiQyqN5mDye,I Got Werk,Moodymann,14,288400,0,0.821,0.468,10,-11.335,0,0.131,0.502,0.0443,0.105,0.853,121.023,4,0
12oqYmpvCg6coNLriOBaDG,Hostil,Manger Cadavre?,14,117120,0,0.304,0.86,7,-7.995,1,0.0743,0.0013,0.928,0.261,0.557,87.094,4,0
3FZJvSZFHmCk4gASYCHixf,Tantra,Berg,40,327428,0,0.652,0.894,1,-6.71,1,0.0603,0.00436,0.21,0.337,0.197,140.023,4,0
715slv9zyByop7EttlmTjQ,Estamos de Pé - Ao Vivo,Marcus Salles,46,396911,0,0.511,0.766,2,-7.403,1,0.0359,0.109,2.54e-05,0.72,0.331,104.046,4,0
4bpyDBROAFaXmL2roHP3Mp,你叫我譯一首德國歌詞,my little airport,38,201100,0,0.491,0.355,9,-14.066,1,0.0331,0.404,0.0426,0.388,0.43,134.0,4,0
0YV96C9ZbYI7spGh6TGfSq,Follow the Angels,End of the Dream,21,377929,0,0.464,0.839,0,-4.889,0,0.0429,0.00117,0.208,0.445,0.226,108.03,4,0
6YQ1It8DtLP5tpfXNUTHlP,Batalla Persa,Rata Blanca,21,288391,0,0.404,0.961,10,-6.053,0,0.0652,6.73e-05,0.707,0.0677,0.296,144.968,4,0
6moTiVH1eYdM7WsGUJYa2K,Cyber Ravage - Vector Seven Remix,Absolute Valentine;Powernerd;Vector Seven,15,252285,0,0.539,0.831,2,-6.177,1,0.0585,0.0471,0.772,0.157,0.15,105.009,4,0
0q6ty9Ga2ebtTKa2C74jrC,Let Me Take You,CID;Westend,64,154761,0,0.874,0.908,6,-3.573,0,0.0593,0.00839,0.0891,0.343,0.905,125.981,4,0
72ujfr1bM2nzr7YfiiJIhI,Zombie Zoo,Tom Petty,1,178506,0,0.685,0.886,9,-10.653,1,0.0323,0.0328,0.0,0.0362,0.819,116.222,4,0
5tHp131qFB3T7e01x1xsO2,ODD FUTURE,UVERworld,59,226493,0,0.699,0.8,5,-4.717,0,0.0901,0.016,1.19e-06,0.0906,0.561,128.021,4,0
63vJe2Uq3REo67Vu09E1U4,Chciałabym więcej,Szpilki,31,208285,0,0.746,0.96,10,-3.229,0,0.0631,0.0121,0.0,0.293,0.744,140.069,4,0
5Vv9gXd6HmKtjMgeQbYWq5,Have Yourself A Merry Little Christmas,Ella Fitzgerald,1,175840,0,0.609,0.247,7,-9.038,1,0.0425,0.961,2.41e-06,0.219,0.485,112.3,4,0
1UNiiCIdlFKw41IFQOalbm,(I Just) Died In Your Arms,Cutting Crew,0,269040,0,0.535,0.831,11,-5.961,0,0.0524,0.00347,4.5e-05,0.0835,0.289,124.909,4,0
6lBQ0SMCrJ7zy1LSCuXqwV,Lions in the Wild,Martin Garrix;Third Party,54,211889,0,0.504,0.847,7,-6.81,0,0.0442,0.00434,0.0,0.816,0.28,127.854,4,0
1LxEZNAot1Rh7BbJ1boLlC,Never Too Late,Yanni,35,301333,0,0.54,0.777,4,-8.405,0,0.0294,0.217,0.0146,0.083,0.712,94.999,4,0
5NvnwpxWNjmlzIwXbFYeAk,Schwarze Augen,Takt32,48,195555,1,0.767,0.577,3,-6.233,0,0.0835,0.132,0.0,0.108,0.435,134.872,4,0
33tYADyL2aZctrvR59K1bQ,Lauren (I Can't Stay Forever),Oden & Fatzo,68,200550,0,0.702,0.912,9,-8.687,0,0.0652,0.0773,0.309,0.0926,0.957,128.018,4,0
4FcknXDJ8yW2QYUl0cm6uJ,Bewafa,Imran Khan,71,224853,0,0.704,0.563,4,-4.739,0,0.0297,0.594,0.0,0.133,0.0739,94.037,4,1
1hB4340DP1nnBmfWn37uTN,Saudades Mil,509-E;Dexter;Afro-X,48,526026,1,0.624,0.589,2,-6.669,1,0.281,0.302,0.0,0.124,0.78,76.847,4,0
4HQlmwaEiwjE7cQb6PMSJw,今天我非常寂寞,Wynners,21,182466,0,0.299,0.268,4,-14.716,0,0.0319,0.806,0.000475,0.151,0.299,74.405,4,0
4NhdeAhleoj6ATVmboNtVm,Have Yourself A Merry Little Christmas,Sam Smith,0,170964,0,0.438,0.178,5,-9.402,1,0.0414,0.957,1.1e-06,0.316,0.344,75.25,1,0
5xNMQfKiF6QXVO01YLcZDP,Aprilhimlen,Håkan Hellström,25,282213,0,0.231,0.865,4,-5.56,1,0.0563,0.000971,4.99e-05,0.0836,0.482,109.163,4,0
2NB6s1JstW2riTZxoBPuOo,"Kamado Tanjirou no Uta - Orchestral Version (from ""Demon Slayer"")",Samuel Kim,47,217681,0,0.322,0.378,2,-8.655,0,0.0304,0.512,0.22,0.169,0.107,75.853,4,0
4u9jtJXU6fAbBBmWL6VB0E,Shaky Shaky,Daddy Yankee,0,234320,0,0.899,0.626,6,-4.228,0,0.292,0.076,0.0,0.0631,0.873,88.007,4,0
37beEt2KaKB21Kv76dDk48,Bring It Come,Elephant Man,26,182427,0,0.617,0.692,1,-6.136,0,0.316,0.13,0.0,0.0982,0.846,128.059,5,0
6hHKmuoTP4S9Gqf6T8qUFb,Family,David Guetta;Bebe Rexha;Ty Dolla $ign;A Boogie Wit da Hoodie,3,158994,0,0.687,0.717,11,-6.61,1,0.0755,0.0744,0.0,0.134,0.685,88.063,4,0
3BK7JmX1P4GSGx5mdG3aiL,Prohibidox,Feid,1,166253,0,0.647,0.801,1,-2.946,0,0.249,0.0451,0.0,0.0628,0.517,180.108,4,0
3NLm801woJocONz1NmPJZR,Curls,Bibio,58,197933,0,0.497,0.348,9,-10.593,1,0.0285,0.879,0.796,0.722,0.227,82.176,4,0
519Ng29TJ1QWHp3DaWxSYb,Grandes Olas Rompiendo,Ruido Blanco Hart;Musica para Bebes;Canciones De Cuna Para Dormir Bebes,24,118000,0,0.165,0.112,1,-39.693,1,0.101,0.96,0.972,0.107,0.173,85.856,4,0
1LQ1LV5epSkGV7XU9qOKjD,És o Maior - Ao Vivo,Jéssica Augusto,37,302863,0,0.306,0.621,5,-7.402,0,0.0387,0.0163,1.16e-05,0.139,0.157,107.508,4,0
1pnXMEGyw85jtg9fFZf4GP,Fleeting Lullaby,Ado,64,173373,0,0.524,0.914,6,-2.104,1,0.12,0.179,0.0,0.17,0.63,89.015,4,0
1RTtAXu9D8uFV5Ky0HURAz,Aku Persepsi,Superman Is Dead,37,147072,0,0.473,0.958,0,-2.121,1,0.0517,0.000206,0.0,0.379,0.709,97.028,4,0
3XxBSvDZKH5YvZZjTpn6eR,Red House,Jimi Hendrix,58,230360,0,0.277,0.479,5,-8.483,0,0.0495,0.585,0.0224,0.16,0.483,53.905,4,0
4If7JKEkzeY0WusIrOdQlC,Waves,Fiji Blue,66,133747,0,0.84,0.338,6,-8.16,1,0.0436,0.135,0.0225,0.0635,0.927,108.024,4,0
1XmdB9Kha5e5H4PfTSmewn,Atlas: Touch,Sleeping At Last,50,253892,0,0.398,0.0933,0,-11.879,1,0.0442,0.958,4.63e-06,0.0893,0.185,81.76,3,0
2L2rzhnx1Xr6LiGuaYMepY,Reason For Fighting (feat. ERV ELLO),Seven Lions;Blastoyz;ERV ELLO,48,238285,0,0.467,0.931,4,-3.318,0,0.14,0.00705,0.000365,0.348,0.253,140.008,4,0
5N37thhxSu00xqUKO1tTvn,Pogo,Patricio Rey y sus Redonditos de Ricota,35,286573,0,0.584,0.796,0,-8.14,1,0.0291,0.00862,0.00802,0.127,0.678,159.924,4,0
4TALO9TqvAPnJ4fhfjslGa,プライオリティー/木下百花,NMB48,22,264240,0,0.581,0.979,1,-3.543,1,0.126,0.0303,8.42e-06,0.322,0.398,127.022,4,0
5e4uOUdrpFCKC2kwnXWWtY,Shehron Ke Raaz,Prateek Kuhad,46,152320,0,0.777,0.215,0,-13.706,1,0.0535,0.89,0.00773,0.109,0.221,111.017,4,0
5t3Vk8bRKylx4fjj7qlbib,bitches broken hearts,Billie Eilish,76,176471,1,0.778,0.422,0,-10.114,1,0.0482,0.921,0.00924,0.0958,0.187,120.033,4,1
72mulbQzBi7mlk1JdIytaG,Divan,The Lemonheads,23,117266,0,0.7,0.228,0,-12.038,1,0.0533,0.292,0.0,0.116,0.628,123.235,4,0
6u2DMKOq3A57msjbMPjZhF,Little Things,ABBA,0,188320,0,0.647,0.165,10,-16.328,1,0.0315,0.894,0.00187,0.116,0.59,75.978,4,0
3Y9LIYX0Wl4cwUJ8VGJTvP,Winter Wonderland,Tony Bennett;Lady Gaga,0,149306,0,0.605,0.497,1,-6.676,1,0.0319,0.727,3.95e-05,0.102,0.72,126.014,4,0
7sCEGVDNPistGb4I1DbGGe,Dappled Light,Luke Howard;Jess Gillam;Jess Gillam Ensemble,0,251573,0,0.222,0.0456,10,-20.891,0,0.0385,0.993,0.964,0.231,0.0882,128.691,4,0
25WjhzidELBiE8WBROJIRs,Tô pra Onda,Afrocidade,29,235567,0,0.71,0.846,4,-3.981,0,0.0479,0.0798,0.00352,0.395,0.505,118.025,4,0
5IJb3GtAnACyhkrMIdy9mW,I Wish,Joel Corry;Mabel,0,181728,0,0.686,0.856,9,-2.717,0,0.0426,0.0896,0.0,0.0648,0.733,123.997,4,0
78RpJHtLl1B7fInF740oYP,Judgement Day,Tommy Lee Sparta;Chronic Law,25,172173,0,0.479,0.59,2,-7.014,1,0.0923,0.306,0.0,0.335,0.156,123.993,5,0
0b3y0JuA98NQ2Z0WlC3hPW,Happy Holiday,Peggy Lee,0,115506,0,0.369,0.499,6,-9.301,1,0.0448,0.829,1.75e-06,0.154,0.69,192.76,3,0
3N7GbP3BJJIv2QRXZRJBJM,Good Night,Vybz Kartel,23,216270,0,0.821,0.796,1,-7.675,0,0.272,0.303,0.0,0.154,0.905,90.989,4,0
2TWFcqzZ6KEUAYie7wEF1f,Um Degrau na Escada (Ao Vivo),Calcinha Preta,46,215520,0,0.494,0.955,4,-1.912,1,0.0823,0.152,0.0,0.906,0.489,170.128,4,0
1DDjP27UEP7avthMjxfOtU,Keeper Of The Castle,Four Tops,0,180493,0,0.583,0.671,8,-7.764,1,0.08,0.443,0.0,0.0597,0.95,78.323,4,0
6LDBahRe0wD9gTkmYFdsd1,Amanhã,menores atos,31,284415,0,0.566,0.848,8,-6.264,0,0.0364,0.0231,0.000326,0.131,0.65,137.999,4,0
3iWZROaDCRJzaaYYNdy7ca,Tänka Positivt,Avslappning Sound,32,214390,0,0.0855,0.104,7,-22.845,0,0.0362,0.987,0.941,0.0915,0.054,78.043,4,0
29UDfVhu1Myy5GzRuPNEWH,Inch Of You,Andri Hart,23,165312,0,0.576,0.0313,2,-17.935,0,0.127,0.935,0.63,0.111,0.0391,109.827,4,0
5ZJwjTma5MQDjPIxP5HiTn,Black Dragon,Dissection,41,288182,1,0.358,0.898,5,-4.308,0,0.0378,1.31e-05,0.0647,0.312,0.545,51.436,4,0
2UzNyk6tBmMaXf1dphGUo0,The Devil's Bleeding Crown,Volbeat,0,238653,0,0.321,0.909,11,-4.612,1,0.041,1.62e-05,0.139,0.0442,0.209,109.653,3,0
4nVUk0Ff9fKbeNQHaYlnyw,Kitta Nerungi Vaadi,Vijay Antony;Sukhwinder Singh;Gayathri,54,257066,0,0.798,0.813,9,-6.198,0,0.205,0.502,0.0,0.0846,0.802,89.807,3,0
0g4fzRkbLeCDUCoe5iUOcf,sex money feelings die,Lykke Li,74,139840,1,0.789,0.534,8,-6.347,0,0.0709,0.323,3.42e-06,0.0645,0.631,134.055,4,1
20ye9FRSuAsVLcRD22eBW5,Hip-Hop Freeze Dance,The Kiboomers,7,129235,0,0.67,0.794,11,-7.075,0,0.138,0.473,4.07e-06,0.383,0.517,84.922,4,0
1OCUTpyFA18ilAy6fJSvBW,665 - El vecino del diablo,Bürdel King,26,204466,0,0.463,0.961,2,-3.709,1,0.256,0.00344,6.5e-05,0.0754,0.641,204.051,4,0
4lJX2CpRZKPWAIOzOdvENF,Frosty The Snowman,Ella Fitzgerald,0,131733,0,0.579,0.502,8,-7.57,1,0.0513,0.733,0.0,0.281,0.836,76.783,4,0
5ECXNOI8OA9Or0JRogCqTK,Good Feeling,Flo Rida,0,248133,0,0.706,0.89,1,-4.447,0,0.0687,0.0588,0.00288,0.305,0.685,128.012,4,0
3PY691uPzp970VQl9NII7I,Galeira,Pondora;Gonzi,34,408214,0,0.563,0.874,2,-4.334,1,0.0555,0.006,0.151,0.187,0.351,140.004,4,0
3HPPcZ9oK7yGmy5vn7OMLC,Hammer,Dirtyphonics;Sullivan King,51,197333,0,0.486,0.878,0,-3.068,1,0.151,1.52e-05,0.533,0.124,0.205,180.008,4,0
3EPd9riN2R8Zjl6GkrxxGl,El roce de tu cuerpo,Platero Y Tu,57,250093,0,0.457,0.904,7,-4.67,1,0.0659,0.015,5.01e-05,0.2,0.237,171.633,4,0
7pluJ15vmT0NZdX2lmIbBI,Deep Inside of You,Third Eye Blind,0,250293,0,0.508,0.558,7,-6.605,1,0.0238,0.00351,4.18e-05,0.0822,0.16,81.599,4,0
2IsqKsbBPpPzzP9FhGoBPo,Mit dir,Andreas Gabalier,31,200200,0,0.442,0.882,2,-3.534,1,0.0392,0.183,0.0,0.623,0.582,156.043,4,0
5jqBYCKbXjoo4rgjOfFQzE,What They'll Say About Us,FINNEAS,0,181210,0,0.538,0.318,7,-13.036,0,0.0417,0.88,7.28e-05,0.116,0.0897,144.988,4,0
6qCNaRRr5xJALfNJvh0NAw,Bom Diggy Diggy,Zack Knight;Jasmin Walia,69,238530,0,0.782,0.827,11,-4.219,0,0.0627,0.159,0.0,0.226,0.498,104.032,4,0
4n0iKnuP1mliydPSvC7pec,Jelly-Bean,Gaze,15,126000,0,0.408,0.922,7,-6.786,1,0.0465,0.00205,0.126,0.332,0.828,113.86,4,0
6gpcs5eMhJwax4mIfKDYQk,Slide (feat. Frank Ocean & Migos),Calvin Harris;Frank Ocean;Migos,72,230813,1,0.736,0.795,1,-3.299,0,0.0545,0.498,1.21e-06,0.254,0.511,104.066,4,1
4xhWfr0tyA7BGL7eXo8KnV,ALL GIRLS ARE THE SAME,RØNIN,73,121949,1,0.785,0.343,9,-10.923,0,0.0862,0.593,0.0,0.103,0.468,118.065,4,1
456xBIOmLRoLzCvCzZrWge,Safari,J Balvin;Pharrell Williams;BIA;Sky Rompiendo,68,205600,0,0.689,0.675,0,-4.281,1,0.32,0.531,3.17e-06,0.115,0.604,180.065,4,0
6Eclvq2hFXEJ83meyFDze0,Sakalakashanga,Harry Nach;Ñejo;DIGITAL KINGZ,39,182758,1,0.831,0.859,2,-4.423,1,0.253,0.294,0.00142,0.384,0.824,173.922,4,0
52iiHWnWlRaYwUobhKGXW3,存在,Wang Feng,54,284466,0,0.207,0.631,4,-4.851,1,0.045,0.00771,0.0,0.398,0.325,57.024,4,0
5egq8VqY0Owa48ytUM4bXB,Цыганские напевы,Nikolai Erdenko,0,396040,0,0.31,0.269,7,-14.806,0,0.0453,0.903,0.368,0.0621,0.25,179.042,4,0
3Ddny34bFoYBb8dIGq5lwp,Zoo York (feat. Fivio Foreign & Pop Smoke),Lil Tjay;Fivio Foreign;Pop Smoke,67,214825,1,0.565,0.569,6,-6.084,0,0.379,0.0352,8.81e-06,0.106,0.303,92.466,5,0
18EB8Sw7cebaQiP80GEdcj,Codinome beija-flor - Ao vivo,Luiz Melodia,37,297800,0,0.468,0.454,2,-7.618,1,0.0403,0.891,0.0,0.779,0.424,119.849,4,0
0dY1cTuq44STBXfrXbKlA7,Salon in der Hofburg,Jubiläumscast Wien 2012,22,31933,0,0.583,0.35,7,-14.93,1,0.442,0.798,0.0,0.392,0.685,129.895,4,0
0CrCW8u5hXD6Ztd7V8ay1i,Speed Law,Mos Def,3,256453,1,0.794,0.667,11,-7.636,0,0.373,0.0565,0.0,0.407,0.695,98.02,4,0
2POnf7vLdXObV2vLDMk50f,The Little Drummer Boy,Stevie Wonder,0,185453,0,0.523,0.448,2,-13.53,1,0.0593,0.442,0.0,0.111,0.351,134.511,4,0
4xg4sEf7yuL3WUSnB3xYXz,"You Can't Fire Me, I Quit",Tacocat,23,133255,0,0.346,0.906,0,-4.311,1,0.0622,0.0708,7.05e-06,0.12,0.553,116.529,4,0
4CnwktWyYuXEtxbMIbJtXP,far away from here,yaeow,57,132800,0,0.663,0.236,10,-15.844,0,0.0507,0.892,0.302,0.0788,0.236,74.97,4,0
6qtDW5A9dgCyjhQZSGRlcu,Nueve,Enjambre,49,211240,0,0.466,0.832,4,-5.235,1,0.047,0.0277,0.627,0.156,0.509,132.054,4,0
78MI7mu1LV1k4IA2HzKmHe,Dream A Little Dream Of Me - Single Version,Ella Fitzgerald;Louis Armstrong,66,185160,0,0.443,0.104,0,-17.042,1,0.101,0.913,0.0,0.191,0.394,76.497,4,0
1gjCAwgzfLer27fudfDAmn,"Farewell, My Camp",Nikolay Kopylov,0,158827,0,0.367,0.371,0,-8.654,1,0.0444,0.899,0.000842,0.0765,0.392,90.518,4,0
3VaVkNlfxNtgXK8AH9DLnN,永恆的愛,Danny Chan;Joe Wong;Tom Brown,19,297333,0,0.435,0.323,2,-9.711,1,0.0318,0.779,0.000274,0.241,0.106,77.386,4,0
2OCoH12t6olzx9bT1PEC8F,Let It Rock - Single Version,Chuck Berry,56,102800,0,0.632,0.716,10,-12.387,0,0.0646,0.581,2.48e-05,0.181,0.935,164.851,4,0
6emdbcRTZnIRizDP5gOnNy,Mother Superior,Good Riddance,31,186000,0,0.474,0.829,9,-11.658,1,0.0387,0.00136,1.16e-05,0.345,0.687,100.786,4,0
2jXvdJ0tDtbksFOK85Vie0,No Me Conoce - Remix,Jhayco;J Balvin;Bad Bunny,2,309120,0,0.804,0.786,10,-3.837,0,0.0735,0.144,0.0,0.0928,0.575,91.992,4,0
7BinuqowXzqQO2fEsYK5yN,Fee Ra Huri,OMNIA,50,227560,0,0.684,0.869,2,-6.994,1,0.0462,0.349,0.319,0.274,0.661,129.936,4,0
5GgnOxGEvEwJrqoy7a6tRL,Rasteira - Ao Vivo,Henrique & Juliano,54,189007,0,0.593,0.692,7,-5.364,0,0.042,0.528,0.0,0.863,0.598,106.046,4,0
4tjLYTXFqZhkUDga4bQ0yl,"Dilbar (From ""Satyameva Jayate"")",Neha Kakkar;Dhvani Bhanushali;Ikka;Tanishk Bagchi,66,184432,0,0.725,0.912,9,-3.665,0,0.0851,0.155,7.68e-05,0.107,0.674,104.054,4,0
5fTaC6VSUxQz0sCbbHwJkY,Affliction,ZABO,42,199275,0,0.705,0.909,6,-2.77,0,0.0348,0.0147,0.839,0.155,0.21,99.98,4,0
2X4ZjXJZISfPIcpaUAfoll,secret base ~君がくれたもの~ feat.えみい (テーマパークガール),kobasolo;えみい,49,348000,0,0.622,0.536,6,-3.236,1,0.0319,0.416,0.0,0.11,0.348,133.895,4,0
5q9f9s7oJXJsa1vF1wAkK2,Move to the Music,Busy Signal;Oryane,49,158608,0,0.771,0.849,6,-5.256,1,0.0408,0.062,0.00188,0.0765,0.616,115.024,4,0
6imAiQde4tZKnFCr7oDajb,Gettin' Air,Chixdiggit!,22,93000,0,0.515,0.951,0,-5.333,1,0.0485,0.0254,0.0,0.0991,0.702,150.822,4,0
75vBeICzLafF3LOs1rC3DH,I Wanna Be Your Dog,The Stooges,0,190440,0,0.541,0.913,4,-8.03,1,0.0359,0.0681,0.0521,0.414,0.113,120.634,4,0
0MAVs0XWmcO0RIqjtaMyAq,Gözlerin Doğuyor Gecelerime,Zeki Müren,37,319066,0,0.423,0.501,0,-13.298,0,0.0586,0.606,3.23e-05,0.14,0.543,88.253,4,0
6ilTR3RpLCAHDt3Z6YuQGx,シンデレラ,Cidergirl,62,212310,0,0.572,0.955,7,-2.617,1,0.0626,0.0141,0.0,0.315,0.717,129.981,4,0
1sqxhKZSdY77KM2XM5oCwG,斷點,Hins Cheung,49,268186,0,0.656,0.384,10,-8.877,1,0.0313,0.775,0.0,0.187,0.197,99.945,4,0
4L3Ij8QP0LVGK7PyI14QVo,Chicka Chicka Boom Boom Sung by Children,John Archambault and David Plummer,31,152973,0,0.654,0.125,0,-13.505,1,0.0646,0.97,0.0,0.138,0.532,132.303,4,0
3ozRwP3dqFMC0e2mshZKxG,Entre A Cruz E A Espada,Soweto,36,235626,0,0.499,0.777,9,-6.798,1,0.0645,0.609,0.0,0.34,0.69,145.493,4,0
1sjX5v8J9QlffnJZlYGF9M,I'll Go To My Grave Lovin' You,Dailey & Vincent,20,161866,0,0.534,0.638,11,-5.097,1,0.0321,0.723,0.0,0.0814,0.644,104.193,4,0
1vQ6BQkWKHVZJd6nJhBy2z,唯獨你是不可取替,Eman Lam,34,250733,0,0.505,0.201,2,-16.477,1,0.0697,0.921,0.0,0.714,0.487,83.084,4,0
61X5YcDmN21uunfiKirdxO,La Camisa Vieja,Cepeda,44,174760,0,0.322,0.686,4,-6.287,0,0.0383,0.0282,0.0,0.118,0.486,79.228,3,0
7pPVeFFO5nh2sk4dqh3fAY,Finale,Patina Miller;Matthew James Thomas;Andrew Cekala;Ashton Woerz;The Players,29,450773,0,0.348,0.418,10,-8.86,1,0.0348,0.536,0.0,0.148,0.295,145.891,4,0
71tQk3O7TH6PAyRMIqD8TU,Me Tienes Enamorado,José Rodríguez;Landa La Sensación,31,236499,0,0.802,0.694,5,-6.854,1,0.0426,0.378,0.000286,0.0728,0.881,160.0,4,0
4qpsfCiA3fiyyeH30FW1Gs,Timeless,Ocoeur,12,298946,0,0.343,0.345,4,-16.941,1,0.137,0.902,0.8,0.304,0.0381,180.033,4,0
2qQpFbqqkLOGySgNK8wBXt,FANCY,TWICE,76,213880,0,0.697,0.874,5,-2.15,0,0.0449,0.0122,0.0,0.627,0.775,132.018,4,1
4Tat1HfwxpkO5MlfLYNNcU,Why Should I Care,Toini & The Tomcats,27,209880,0,0.558,0.898,7,-5.725,1,0.06,0.0687,5.76e-05,0.365,0.873,152.5,4,0
3qrMRcYP6xmmZBrL7yZLfD,A Bitch Is A Bitch,N.W.A.,36,186360,1,0.895,0.636,6,-5.893,0,0.339,0.0212,0.0,0.341,0.784,97.113,4,0
43pulC9QdGwabXUtVHYnjY,Not Another Rockstar,Maisie Peters,73,149053,1,0.658,0.815,3,-2.141,0,0.14,0.214,1.24e-06,0.126,0.818,91.041,4,1
2z9YkcLojiOE7Eu2p9lPZR,Normal,Feid,85,171986,1,0.712,0.557,4,-4.861,0,0.115,0.0397,0.0,0.27,0.594,170.079,4,1
12VpUDWl8YJmLiOurn081M,Sexo En La Playa,Ñejo & Dalmata,0,218440,0,0.796,0.712,5,-7.097,1,0.0491,0.359,1.17e-05,0.374,0.622,94.013,4,0
67lruROcgkaIkopDBohfTe,Vai Babar / Poder de Sedução - Ao Vivo,Péricles,44,252499,0,0.651,0.813,7,-5.895,1,0.0866,0.717,0.0,0.838,0.759,126.025,4,0
7kbz67UjkZCviIYbn4DRvH,Guitar Concerto in D Major,Henrik Janson,29,212457,0,0.671,0.144,1,-17.729,1,0.0456,0.946,0.638,0.128,0.167,113.376,4,0
1I2OwO2Z6tMdahxDcH3p1H,Break Ya King - Dub Edit,Shade k;Terrie Kynd,12,179922,0,0.809,0.927,1,-7.488,1,0.188,0.00565,0.00694,0.0622,0.4,131.996,4,0
60ifqqPhbselSwXyGrGyMK,Soldier Of Fortune - 2009 Digital Remaster,Deep Purple,59,204880,0,0.533,0.313,2,-13.007,0,0.0298,0.386,4.64e-06,0.0868,0.225,133.615,4,0
2gr9Q36NGQLdxzCqcDmZLW,Em Memória,Manger Cadavre?,16,152026,0,0.245,0.968,0,-5.706,1,0.12,0.000133,0.00113,0.367,0.0698,85.568,4,0
1veNS1osFHTWf2G6q5AbuQ,Shikayatein,Mohan Kannan;Amitabh Bhattacharya,48,270169,0,0.237,0.423,7,-8.874,1,0.0304,0.329,0.00022,0.148,0.154,78.05,4,0
5FgFzeZyn7Y7fXCkVMcARZ,ラブソング,Yamazaru,43,284200,0,0.437,0.858,8,-3.771,1,0.0785,0.0659,0.0,0.285,0.695,168.152,4,0
4OMgqSsMbVhPCFnivcNAqh,Heaven and Hell - 2007 Remaster,Black Sabbath,32,418973,0,0.311,0.694,3,-8.203,0,0.0308,0.0115,0.0379,0.15,0.321,87.807,4,0
4PrjkjbIYtnA4BY9YQ21Zf,Time of My Life,The Righteous Brothers,45,201600,0,0.507,0.825,9,-2.572,1,0.046,0.248,0.0,0.0993,0.449,111.217,4,0
5jZdUmR7UmVsw9XkEsPGZF,The Business,Tiësto,0,164000,0,0.798,0.62,8,-7.079,0,0.232,0.414,0.0192,0.112,0.235,120.031,4,0
1wgHsZDhgnCfieZfIMx2iR,The Full Moon Melody,The Wiggles,32,99640,0,0.552,0.664,9,-4.95,1,0.0362,0.816,0.0,0.291,0.796,133.949,4,0
679WNDJNeWz3tvO4ffrDqA,Monstro invisível - Ao vivo,O Rappa,44,237725,0,0.594,0.958,10,-5.51,0,0.058,0.107,0.00306,0.921,0.548,102.308,4,0
2gvmxusSOe3vNjNDjQWaso,My Alcoholic Friends,The Dresden Dolls,72,167680,0,0.596,0.679,4,-3.881,0,0.0324,0.18,0.0,0.0938,0.746,110.464,4,1
6qBDVS0uz4TmxwajzgQk2f,Poznajcie naszą rodzinę,Germaine Franco,25,128345,0,0.814,0.32,0,-14.865,1,0.0974,0.454,0.841,0.0795,0.254,96.469,4,0
6C1RD7YQVvt3YQj0CmuTeu,Diles,Bad Bunny;Ozuna;Farruko;Arcangel;Ñengo Flow;DJ Luian;Mambo Kingz,83,286040,1,0.813,0.56,2,-5.904,0,0.0618,0.108,0.0,0.268,0.287,118.033,4,1
0XQQeSs9On3NNv6aHYRwBD,LDMF - (Wildstylez Rmx),The Masochist,27,294975,0,0.794,0.862,11,-7.384,0,0.183,0.0109,0.32,0.0643,0.0751,150.014,3,0
1OgRBv3J0mxawWAMKE1dOd,Richtung Norden,Hi! Spencer,36,243592,0,0.42,0.865,9,-5.502,0,0.0365,0.000583,0.0,0.141,0.341,148.013,4,0
6kPwu7QnNdOdmx5XMlK9d3,The Choir,White Noise for Babies,0,185760,0,0.187,0.38,4,-12.22,1,0.0346,0.883,0.995,0.175,0.0358,79.347,4,0
0BZW5HA4Iw85L02qej9RPJ,Bolo de Rolo,DUDA BEAT,44,233661,0,0.637,0.649,0,-8.05,0,0.0304,0.124,0.0119,0.201,0.38,140.007,4,0
7egnrHJAANlNymbrmQNKcG,The Dark of You,Breaking Benjamin,55,252613,0,0.487,0.646,2,-6.878,0,0.0299,0.202,3.1e-06,0.11,0.16,97.083,4,0
6CEaRv522s24OesyO5Mz0P,Watermelon Time In Georgia - Single Version,Lefty Frizzell,11,131200,0,0.736,0.53,4,-10.326,1,0.0355,0.418,0.000158,0.196,0.818,113.829,4,0
7vS7GvFhyN6kzj409RJbuA,Nu du kärring,Björn Rosenström,42,218333,0,0.782,0.624,4,-8.189,1,0.0779,0.602,0.0,0.097,0.759,108.621,4,0
5IGYPdHMSG4PLXDS9LDPJS,So Are You To Me,Eastmountainsouth,52,117760,0,0.302,0.0783,2,-14.968,1,0.0325,0.956,9.88e-05,0.12,0.231,140.485,5,0
6cjvxqXl8cET4HkXCfrXSc,What $ Love (What Price Love) - Roman's Remix,Romanthony;Roman,5,334576,0,0.823,0.708,1,-7.411,1,0.273,0.0371,5.16e-06,0.0638,0.478,120.538,4,0
2bhLx29FJZ6aDUxPsKzpz3,Pouring Rain and Soothing Brown Noise,Sleep Baby Sleep;Rain Sounds;Calm Children Collection;Soothing Nature Sounds;Rain Sounds & Nature Sounds,33,93451,0,0.0,4.28e-05,2,-18.683,1,0.0,0.194,0.999,0.718,0.0,0.0,0,0
1IDFcb3cjkj2dhv3UaxX9b,De Tranquilote,Danny Romero;Lérica,57,177208,0,0.682,0.669,2,-7.15,1,0.0951,0.105,0.0,0.071,0.889,79.929,4,0
556LOWUlA21iPkLX7479ym,Чардаш Тассилло Из Оперетты ''марица'',Nikolay Kopylov,0,162800,0,0.277,0.453,2,-8.486,1,0.0356,0.978,0.0392,0.0963,0.347,89.123,3,0
4toGhOrpjQfweDT9flB5iq,We'll Be Alright (Movie Edit),RADWIMPS,50,258373,0,0.226,0.599,0,-6.847,1,0.0365,0.326,8.81e-06,0.114,0.0653,95.328,3,0
3dskm5fAe8OkBtM9E0VVWx,Almost Like Praying (feat. Artists for Puerto Rico),Lin-Manuel Miranda;Alex Lacamoire;Ana Villafañe;Anthony Ramos;Artists for Puerto Rico;Camila Cabello;Dessa;Ednita Nazario;Fat Joe;Gilberto Santa Rosa;Gina Rodriguez;Gloria Estefan;Jennifer Lopez;Joell Ortiz;John Leguizamo;Juan Luis Guerra 4.40;Luis Fonsi;Marc Anthony;Pj Sin Suela;Pedro Capó;Rita Moreno;Rubén Blades;Tommy Torres,51,200457,0,0.471,0.791,5,-3.373,0,0.238,0.0198,0.0,0.232,0.507,188.36,4,0
3Mlhgm39yBpuCwyZB8d8Md,K.,Cigarettes After Sex,48,319560,0,0.253,0.405,3,-10.257,1,0.035,0.146,0.824,0.142,0.303,188.31,4,0
3B2W0t2KJMGjxrcaccLaK3,Ghostbusters,The Party Cats,10,354693,0,0.768,0.719,9,-8.458,1,0.0333,0.00516,0.0103,0.154,0.792,115.429,4,0
5u1cWcqIX6sbKiVJn8PR86,"Manavaalan Thug - From ""Thallumaala""",Dabzee;SA,60,200000,0,0.809,0.583,1,-8.771,1,0.0605,0.356,0.0,0.0622,0.478,96.049,4,0
3reyHrjQqNBv35CBKKfX2s,Esta Si,Vini Vici;Diego Miranda;Chimo Bayo,51,155217,0,0.732,0.966,7,-5.769,1,0.16,0.0242,0.108,0.268,0.0941,138.051,4,0
6stWVqWxtPPednHy1mzoOz,Tigini (Remix),Rvfv;Kikimoteleba,76,175555,0,0.782,0.655,6,-5.971,0,0.0566,0.377,0.00134,0.0749,0.662,135.018,4,1
5e2ZOmiFEAOFEgXNj1mHEk,I Remember,Cheat Codes;Russell Dickerson,75,168117,0,0.57,0.737,1,-4.27,0,0.0685,0.0314,0.0,0.248,0.621,100.052,4,1
6DRWiEJyjKr8iy4ys0jE7R,De Paso Nomás,La 25,44,185501,0,0.646,0.846,7,-4.427,1,0.0282,0.0584,0.0,0.376,0.965,126.022,4,0
3tUKWxIniEo64JuARvF96J,No Name No Slogan,Acid Horse,22,355190,0,0.606,0.986,6,-3.322,0,0.0985,0.00133,0.87,0.0558,0.785,122.412,4,0
1WbZ7ZmDVARABHF2isuWF7,Papa Mama Loca Pipa,The Minions,54,89480,0,0.753,0.922,3,-5.154,1,0.0771,0.755,0.0711,0.142,0.87,97.36,4,0
2aY4CS80pEEbB91beekApE,Wo sind die Engel in der Nacht?,Rolf Zuckowski,31,148280,0,0.459,0.201,3,-12.789,1,0.0402,0.817,0.00263,0.0627,0.43,114.985,4,0
05hg6bvU95gDCK82QYaJmf,Garras,Horcas,20,185040,1,0.338,0.95,0,-4.009,1,0.0974,0.000381,0.422,0.108,0.778,146.78,4,0
1DAtB1SyJ0mM0w40D7H5O8,Maggie,Phil Coulter,20,160906,0,0.388,0.0522,10,-23.112,1,0.0329,0.974,0.872,0.132,0.185,132.307,4,0
4QreTYtMfFghLIsYzHK2sj,Main Theme [True Romance],Hans Zimmer;Orchestra,23,211053,0,0.669,0.487,0,-16.316,1,0.0954,0.941,0.965,0.704,0.293,96.412,4,0
4Mm9qSuCRoMl8H4yByoaNS,O Descobridor dos Sete Mares,Tim Maia,42,296866,0,0.537,0.91,10,-4.783,0,0.176,0.0321,0.000478,0.951,0.774,137.261,4,0
5WGpg5FAO6OOm396QS53Re,You're Beautiful,Phil Wickham,26,293720,0,0.329,0.518,3,-7.715,1,0.0286,0.0749,0.0278,0.149,0.187,166.115,4,0
2coVkmm2fDPfoGDh6fOaMl,The Guitar Guy at the Party,Mike Birbiglia,21,206000,0,0.414,0.713,7,-8.365,1,0.297,0.772,0.0,0.74,0.674,150.668,4,0
3chQ0eFCHmha6yG0oezrx9,Marie,Die Draufgänger,0,200314,0,0.755,0.843,0,-5.001,1,0.0544,0.0548,0.0,0.176,0.708,131.971,4,0
4qjscZh4jfhkpcQG4ZQfi2,Animal,Def Leppard,64,244560,0,0.583,0.921,11,-5.215,1,0.0468,0.00153,0.0178,0.188,0.613,119.526,4,0
2aKxfUQg9dhvgm7Yt9Lc7Q,Gravity (Flyboy Remix feat. French Horn Rebellion & Flyboy),Autograf;French Horn Rebellion;Flyboy,49,211960,0,0.628,0.565,4,-7.702,1,0.0408,0.141,0.00916,0.106,0.153,120.042,4,0
44wQyIfKJSyZPt7QN4NgN4,Victim Of Love - Original Mix,Solex,20,451970,0,0.617,0.94,2,-5.538,1,0.071,9.11e-05,0.876,0.091,0.057,137.009,4,0
6lVtX3nLHyWZP7aqU9HuVW,Heads Will Roll,Yeah Yeah Yeahs,0,221000,0,0.562,0.903,8,-4.46,0,0.0296,0.000187,0.0939,0.298,0.791,132.013,4,0
5uLI5nNH2i5X0oE8oU1cq2,Tiger,The Hub Caps,22,133920,0,0.628,0.948,6,-5.646,0,0.0611,0.162,0.0,0.026,0.964,89.992,4,0
6mRTYXkcl9kHL01Wr7zDEB,おいでシャンプー,Nogizaka46,27,248826,0,0.515,0.878,5,-2.592,1,0.0494,0.152,4.73e-06,0.198,0.822,159.917,4,0
2lXOcxoc8Ye5AXIG7Lhpey,Cara E' Pasmao',Los Amigos Invisibles,19,202346,0,0.715,0.925,5,-3.932,0,0.0316,0.0155,0.0779,0.158,0.898,103.006,4,0
7vQS9xDSohpM2Y450RmPKH,Phantom Funeral,Desaster,17,312240,0,0.116,0.994,8,-4.908,1,0.167,6e-06,0.0255,0.416,0.0383,163.551,4,0
1tlwgUOwvxIA6nbUeOPuBG,Sussurros na Fumaça,Sain,43,146016,1,0.521,0.656,9,-5.347,1,0.245,0.699,0.0026,0.224,0.432,137.201,4,0
5xe8JKOPu53Q2Fa2FRuCfZ,Come to My Aid - 2008 Remaster,Simply Red,1,245106,0,0.771,0.898,11,-6.432,0,0.0404,0.299,0.0899,0.0889,0.961,116.204,4,0
7DOuM8cAxWRssJnWQO3tLE,Siberian Soup,The Meow Meows,27,227278,0,0.623,0.645,8,-5.524,1,0.0278,0.0136,0.00379,0.0895,0.336,141.088,4,0
0adVktNVJXPZfhQe6B1NO5,Lonely This Christmas,KT Tunstall,0,257493,0,0.409,0.153,6,-10.74,0,0.0306,0.939,2.56e-05,0.108,0.18,85.262,4,0
66HnStZWn2gkmrOeaiwUu8,Thriller,Kidz Bop Kids,0,229020,0,0.675,0.972,6,-5.397,1,0.0898,0.014,0.000318,0.657,0.756,119.059,4,0
2r94LHyx7wZyvB6mUDgvZI,Entero O A Pedazos - Acustico,Catupecu Machu,38,306546,0,0.519,0.468,10,-7.287,1,0.0357,0.563,0.0,0.702,0.352,101.204,4,0
5UAGqaLsYS9EgPJz0WvrB1,FRESH KERIAS,Feid;Maluma;Sky Rompiendo,2,272800,0,0.741,0.582,8,-4.445,1,0.281,0.291,0.000101,0.152,0.713,186.096,4,0
22PTmk4mzAVi92WiQPAcFp,"New To You (with Normani, Tinashe, & Offset)",Calvin Harris;Normani;Tinashe;Offset,67,302952,1,0.728,0.707,5,-5.09,0,0.0436,0.371,0.00107,0.126,0.802,96.023,4,0
1fMXWEkJpIH483OrKn1zFV,"SO HOT - THEBLACKLABEL REMIX BLACKPINK ARENA TOUR 2018 ""SPECIAL FINAL IN KYOCERA DOME OSAKA""",BLACKPINK,64,144166,0,0.783,0.809,1,-10.0,0,0.221,0.0588,1e-05,0.515,0.814,140.025,4,0
3HM2xwo3yvCu4rrUxOAgSr,Messages - Remastered 2019,Orchestral Manoeuvres In The Dark,24,241253,0,0.589,0.886,1,-5.87,1,0.0327,0.00849,0.0289,0.102,0.883,130.024,4,0
7nXci98gcFBxwsSRxqkzSq,Dhindora,Kailash Kher,50,199838,0,0.731,0.746,10,-6.859,0,0.0707,0.00528,0.000334,0.0852,0.788,123.954,4,0
767jlLLi9u3ry47yhptwxT,Rock Civilization - Technoboy's Undersound Mix,Headhunterz,20,415270,0,0.417,0.876,9,-4.984,1,0.153,0.00134,0.415,0.0711,0.361,150.041,4,0
5nxmwuDelvrQPTofGhF6nk,Kamarikan,From The Vastland,0,360875,0,0.289,0.539,10,-7.317,1,0.15,0.000126,0.916,0.111,0.0391,119.898,4,0
4Tswz6Vd2cZg7Snm5rEtOF,I'll Be Home For Christmas - From The Kacey Musgraves Christmas Show,Kacey Musgraves;Lana Del Rey,0,132108,0,0.469,0.183,5,-15.414,1,0.0407,0.829,0.0,0.71,0.381,139.592,4,0
0zTdT65lUqepmx7N5dwVRj,Alma Mater,Moonspell,17,411506,0,0.337,0.955,9,-5.061,0,0.0839,5.98e-06,0.891,0.862,0.151,142.457,3,0
0VDbQ47H6Zn0zTdMziB0ex,Tu Olor,Wisin & Yandel,0,246853,0,0.821,0.753,1,-5.27,0,0.0817,0.0148,6.13e-06,0.109,0.364,114.983,4,0
2OImOyNxoQj3EhOjfGtkT4,Sleigh Ride,Ella Fitzgerald,0,175986,0,0.593,0.287,1,-12.472,1,0.0469,0.764,0.0,0.153,0.639,77.117,4,0
709ffFK4o4MtG1NKoLvOma,Major Tom - Coming Home,Peter Schilling,65,301373,0,0.787,0.42,4,-14.32,0,0.0645,0.153,0.164,0.169,0.838,161.247,4,0
7DwosM7agbA6G7r6oyztR0,Up Through the Ashes,Kamelot,24,299320,0,0.298,0.979,1,-2.391,0,0.103,0.0053,0.011,0.217,0.183,119.84,4,0
6MSKVdRyRt2BeKFd7N4QKq,Rockland,Gracie Abrams,0,217368,0,0.568,0.402,5,-11.344,1,0.0448,0.787,0.000188,0.103,0.397,125.743,4,0
6I4WkJKGbgjQ2tF8vIADTh,Betray Di Gaza Boss,Vybz Kartel;Tommy Lee,18,176326,0,0.975,0.685,1,-4.702,1,0.148,0.32,0.0,0.0979,0.758,120.046,4,0
2Pmz8aqad67TXz68XeJChp,Supersonic (VIP),Noisia;Skrillex;josh pan;Dylan Brady,44,206010,0,0.416,0.506,9,-7.885,0,0.1,0.0404,0.0202,0.11,0.0613,172.028,4,0
6PkOmPMlH5nPFeoCPU0lo2,Nemo,Nightwish,59,273626,0,0.498,0.745,3,-6.537,1,0.0351,0.000167,0.000136,0.0681,0.346,125.014,4,0
2NVrALq8HUj3Y0NKC4AjGw,B12,Grey Daze,48,213680,0,0.475,0.922,11,-5.136,0,0.0452,0.00738,0.0218,0.07,0.535,154.99,4,0
65V2meSeDYo17yCWYSx8ug,White Devil,Alexisonfire,32,214786,1,0.19,0.871,4,-5.416,1,0.083,8.06e-06,1.74e-05,0.239,0.349,95.437,4,0
0343bYQtSfznf6v90jRLRK,Forever Young,John De Sohn;LIAMOO,65,167911,0,0.653,0.621,8,-6.045,1,0.0308,0.178,0.0,0.0952,0.584,121.98,4,0
2qOF8MklZW5dw1zzwO7Izx,Brown Noise For Sleep 3,Granular,44,76874,0,0.0,0.836,1,-24.271,0,0.0,0.996,0.997,0.109,0.0,0.0,0,0
1l2rhgqW23rwd6xopUoCNK,Тальянка,Сергей Зыков,0,216816,0,0.393,0.322,4,-11.513,0,0.0367,0.981,0.00402,0.0791,0.198,81.021,4,0
4vE6TZnL54xyWZyHvVR4vu,Decapitation (Odeath - 911 Cut),Girl Pusher,16,193714,0,0.358,0.456,11,-9.638,0,0.107,0.138,0.0258,0.469,0.425,139.841,4,0
04rQMy0kPLdMyIeK5oyg1g,3分29秒,Hitorie,52,210968,0,0.489,0.914,11,-3.363,0,0.114,0.00624,0.0,0.325,0.692,101.27,4,0
4A7sEZMxweWEJxKJ1vnyrV,No Lie - Delirious & Alex K Remix,Sean Paul;Dua Lipa;Delirious & Alex K,39,258546,0,0.804,0.733,7,-3.263,1,0.23,0.00152,0.0,0.525,0.485,102.018,4,0
3l1cyMgi27bv1KIP10cqOW,I'm Sorry,Armin van Buuren;Scott Abbot,7,190384,0,0.596,0.919,9,-6.179,0,0.0485,0.0329,0.000216,0.138,0.218,130.017,4,0
7K8ynCu1uyHNR23IokFDK5,Yellow Submarine,Sweet Little Band,38,157344,0,0.643,0.262,7,-9.201,1,0.0333,0.324,0.0,0.158,0.776,113.051,4,0
4GOvxgkT5LwHh8ZPWbDJPm,Authority,Vondkreistan,43,268536,0,0.645,0.784,6,-7.94,1,0.0362,0.00807,0.688,0.333,0.51,106.006,4,0
5TdryAwnGlMsFFnxGm3fv9,8 b4 Dawn - Original Mix,Octave One,2,336368,0,0.726,0.277,9,-15.239,0,0.0487,0.531,0.843,0.0887,0.0784,125.942,4,0
2kyWypdfTsVe4L7cB6AAtF,Perreito,Mariah Angeliq,0,123680,1,0.737,0.607,0,-3.599,1,0.0835,0.194,0.11,0.132,0.528,179.957,4,0
3E5MhY69Vt98jPTcZES8RA,Alpha Conde,Tiken Jah Fakoly,0,248320,0,0.726,0.48,10,-8.784,1,0.165,0.311,0.0245,0.0734,0.87,75.89,4,0
164YLgHJYhqOEYUcAc93Xz,ninelie,Aimer;Chelly,54,261773,0,0.462,0.85,6,-5.558,0,0.0453,0.0256,1.94e-05,0.0756,0.206,172.063,4,0
0J14macNc8qWBmQfcySj8c,Send Me the Pillow That You Dream On (Alternate Take),Johnny Tillotson,32,173973,0,0.411,0.314,2,-9.257,1,0.0276,0.751,4.76e-06,0.42,0.447,108.84,4,0
3lUQpvfWFcxZC3RYAVGE7F,I Feel Good,Pink Sweat$,68,136058,0,0.803,0.75,11,-4.67,1,0.0551,0.0233,3.87e-05,0.045,0.628,106.0,4,0
7v7BgWqCYaEHfgbJeZTzdR,Smile,Johnny Stimson,50,162784,0,0.512,0.323,2,-10.225,1,0.226,0.208,0.0,0.0862,0.434,87.863,4,0
5E6u3mipkLhYFuktFXc7LS,Workout,Frankie Knuckles,20,255200,0,0.905,0.567,10,-12.667,0,0.114,0.00283,6.56e-05,0.321,0.507,118.759,4,0
3AygCrAj6TZZ6mGkcvD9To,Take Your Time,ARTY,56,186141,0,0.583,0.94,7,-3.05,1,0.0551,0.0476,0.000206,0.0524,0.378,127.009,4,0
0uukw2CgEIApv4IWAjXrBC,Dead!,My Chemical Romance,70,195520,1,0.481,0.973,7,-1.945,1,0.0542,0.0037,0.000877,0.325,0.362,99.331,4,0
7t2NEWONd6piQvE8uyXSsJ,自知之明,Pong Nan;Tang Siu Hau,39,222857,0,0.521,0.23,5,-10.254,1,0.0322,0.921,0.0,0.132,0.472,125.398,3,0
5Z10YWrfpP2UAUwmmHIR8y,Apple Blossom,The White Stripes,54,133293,0,0.537,0.454,9,-7.896,1,0.0551,0.65,0.000154,0.0852,0.626,128.193,4,0
5ulyMRVraAUV3OC7cbkRpF,Lips Like Sugar,Echo & the Bunnymen,0,291866,0,0.552,0.934,4,-4.039,1,0.0299,0.00448,0.0207,0.258,0.863,130.001,4,0
4voJGwEr7Uw54pr3RSRIsg,Bad Memories,MEDUZA;James Carter;Elley Duhé;FAST BOY,4,148629,0,0.607,0.767,5,-6.069,0,0.0474,0.118,0.0,0.122,0.662,123.998,3,0
2tYVoqPJb1cc67FxwyczyJ,Are You Sleeping? (Brother John),CoComelon,41,130909,0,0.842,0.301,0,-8.11,1,0.0485,0.855,0.0,0.0492,0.891,110.022,4,0
3kQm6t1V0dy7xdhRXVzWRd,Toy Con la Bendición,Galee Galee;Cris Mj;Bstk Prod,41,244788,1,0.608,0.522,2,-11.038,0,0.214,0.384,8.62e-05,0.117,0.497,103.935,4,0
5mqDPUsrl6le2eGJBbTtyi,Terminar na Cama,Grupo Sem Abuso;Daniel Caon,55,143766,0,0.653,0.806,4,-5.94,0,0.0534,0.565,0.0,0.23,0.926,153.922,4,0
1XuNtoAuKZEHdFFKrnTZGB,角を曲がる,Keyakizaka46,21,195253,0,0.587,0.701,2,-4.95,1,0.0384,0.508,0.0377,0.0971,0.566,141.934,4,0
1i2gOMiOhbLkOAM4PqQkHi,Introvert,Takeova,24,180983,0,0.564,0.506,11,-7.774,1,0.268,0.457,0.0,0.102,0.707,94.78,4,0
5XeFesFbtLpXzIVDNQP22n,I Wanna Be Yours,Arctic Monkeys,92,183956,0,0.464,0.417,0,-9.345,0,0.0256,0.136,0.022,0.0974,0.479,67.528,4,1
6JSQu4eO5a81ZUNDUmMVUN,Mushy Love Song,Tsunami Bomb,22,145186,0,0.295,0.841,2,-6.161,1,0.0414,3.98e-05,0.0301,0.0586,0.676,152.145,4,0
2mxByJWOajjiVsLWjNXvDJ,Oh! Darling - Remastered 2009,The Beatles,67,207240,0,0.422,0.656,4,-8.412,1,0.0397,0.0126,0.0279,0.268,0.549,173.93,3,0
55TIb9EPxSq3AP8COlVl98,Poem - Live Version,Taproot,26,199093,0,0.44,0.984,11,-4.715,0,0.0816,0.00395,0.00108,0.897,0.417,108.256,4,0
1pwx37YPdId6FbA7pEpfRM,Demons & Shame,Kite,23,328680,0,0.313,0.86,0,-4.999,1,0.0414,2.99e-05,0.104,0.09,0.249,163.094,3,0
4TXvXqRYDk29Ayi41rAwVj,Trilha Do Amor / Clareou / Supra Sumo Do Amor,Vou Zuar;Xande De Pilares,41,556341,0,0.448,0.718,2,-7.755,1,0.0484,0.663,0.0,0.223,0.84,109.718,4,0
5wm0L02zvFgWP6QwIBh16p,Jubal,Fejká,42,252528,0,0.671,0.838,9,-9.902,0,0.0352,0.00495,0.854,0.34,0.0348,120.01,4,0
6HQnsvDOLnbelGMgihlSvp,Pomocy!,Germaine Franco,24,147520,0,0.246,0.0569,7,-27.911,1,0.0353,0.957,0.945,0.0745,0.034,74.791,4,0
53wwYV2Dx9d4mByCvmzbEa,Memories (ABGT499D3),Andrew Bayer,31,300000,0,0.201,0.896,1,-6.664,0,0.0502,0.00106,0.00537,0.181,0.385,127.975,4,0
5WLaJoYalaASb9JB7Yk5U6,ヒカリアレ,BURNOUT SYNDROMES,60,244786,0,0.313,0.941,7,-1.741,1,0.133,0.0112,0.0,0.363,0.35,178.061,4,0
6AAU8lAs6t7EkrCQpr5q8E,Revitalizar,Pense,30,191017,0,0.507,0.991,6,-4.568,1,0.0803,6.68e-05,0.000143,0.169,0.777,113.014,4,0
5SGjzbR81S0tCudlec1NXW,Christmas Without You,OneRepublic,0,197146,0,0.262,0.677,7,-5.645,1,0.0528,0.447,0.0,0.205,0.365,207.478,3,0
6rj48XPo5Gk9T7kXFYY93y,Strings,iyla,64,175807,0,0.548,0.558,1,-4.339,0,0.227,0.46,0.0,0.0788,0.7,80.031,4,0
6WkJ2OK163XXS2oARUC9JM,Dancin (feat. Luvli) - Krono Remix,Aaron Smith;Krono;Luvli,78,198053,0,0.72,0.741,10,-6.529,0,0.0287,0.101,1.41e-05,0.289,0.357,119.896,4,1
6wbbbTyX0vqVN85ZwiRIm3,Atur Aku,Burgerkill,36,273880,1,0.462,0.98,4,-5.191,0,0.0912,0.00015,0.0278,0.138,0.244,99.827,4,0
2rXjy3by0nsxQsulTj8hJd,Yippee Space Ghost,Kelpe,11,327480,0,0.717,0.533,5,-8.382,0,0.0364,0.111,0.844,0.302,0.287,102.981,4,0
3m9SxYFORsHS5SbQCUrl50,Eu Tenho Muito Mais - Live Version,Pique Novo;Vavá,46,205693,0,0.296,0.876,4,-7.295,1,0.0973,0.198,0.0,0.849,0.67,146.991,4,0
26YSv4NFDACPUKGX5Aj079,What You Waiting For,JEON SOMI,58,175375,0,0.779,0.656,8,-5.711,1,0.0641,0.0142,0.0,0.217,0.802,121.938,4,0
3XbsE5TVP2vuzHNbu859Xq,Battle of Evermore,Blind Faith,2,247866,0,0.534,0.416,4,-13.251,0,0.0309,0.572,1.87e-05,0.376,0.374,145.092,4,0
3S7NB9yGDk4HjbHxkqzgK8,Tequila,Juanes;Christian Nodal,1,159546,0,0.757,0.688,9,-4.546,1,0.112,0.226,0.0,0.237,0.704,155.994,4,0
2KpWGrUUIs0j3rbDzLqfUB,Kembali Ke Akar,Navicula,28,187509,0,0.643,0.917,2,-5.732,1,0.031,0.000996,0.000656,0.241,0.946,105.037,4,0
1LnC2j20pWSOJN5uujkvwB,La réincarnation de Biggie,ISHA,35,192130,1,0.706,0.506,2,-7.861,1,0.322,0.199,0.0,0.142,0.306,124.644,4,0
2TpfIIAtMFi3ta7dncAT3o,Visão de Cria,MC Rhamon,50,166363,0,0.77,0.603,1,-5.882,1,0.378,0.512,0.0,0.0494,0.396,175.783,4,0
3ZM4ooUW4wtbtVGaFPC1bk,Nagavalli - Reprise Version,Bharath Sajikumar,37,209250,0,0.343,0.298,5,-10.359,1,0.0323,0.916,0.0,0.0806,0.327,153.944,4,0
2l3xZiLi7CDNd6hGJKb2ZB,Oh Oh Yeah,Morcheeba,17,413205,0,0.599,0.485,11,-9.984,0,0.0274,0.157,0.397,0.153,0.334,119.983,4,0
7py6vU2H9mlNd14m4g89gy,Sun Will Shine,Robin Schulz;Tom Walker,0,201700,0,0.534,0.714,6,-6.347,0,0.0629,0.00633,0.0,0.0879,0.415,125.99,4,0
7e3JpmZNlzh8reXergT8LC,No Regrets (feat. Krewella) - RANDALL Remix,KSHMR;Yves V;Krewella;RANDALL,46,250105,0,0.553,0.846,10,-5.146,0,0.0673,0.0283,0.000319,0.0616,0.488,95.046,4,0
2gSVKxPDww9Eep5rdvtdem,My Way,Limp Bizkit,73,272973,1,0.576,0.864,6,-3.981,1,0.0462,0.02,1.68e-06,0.683,0.609,97.225,4,1
5qoJCrVHq60horajlEnl9y,Scarecrow People - 2001 Remaster,XTC,23,253160,0,0.595,0.89,1,-4.998,0,0.028,0.0233,2.02e-05,0.21,0.92,94.648,4,0
4LqX943ydRW59Nf48fQD2k,La cumparsita,Nelly Omar,16,146720,0,0.545,0.339,4,-8.627,0,0.0408,0.96,6.58e-05,0.122,0.452,60.748,4,0
7LyODTwVRK0KN0615tcBPq,The Beautiful People,Marilyn Manson,0,222773,1,0.609,0.948,9,-4.938,1,0.113,0.00404,0.0978,0.042,0.786,144.037,4,0
5ttPhgLuzPJfzFrLPlmJUv,Rüya & Gerçek,Stabil,39,153756,0,0.701,0.537,9,-13.138,0,0.0429,0.828,0.0157,0.0965,0.307,89.997,4,0
26xKA9OhVaZa0gm53BhIiH,Yalvarırım - Live,Tan Taşçı,40,186519,0,0.426,0.404,4,-8.75,0,0.0716,0.896,0.0,0.197,0.229,142.808,4,0
19gWKISRrdEpywKRkZHphI,Yaara,Armaan Malik;Sam C.S.;Manoj Muntashir,48,232164,0,0.22,0.433,8,-9.075,0,0.0323,0.715,2.88e-06,0.129,0.22,80.004,4,0
6JUMswocQ7Hp46kj9kyljT,XQ Te Pones Así,Feid;Yandel,78,218693,0,0.812,0.697,10,-3.441,1,0.0694,0.134,0.0,0.147,0.477,92.03,4,1
3fjmSxt0PskST13CSdBUFx,Somewhere I Belong,Linkin Park,73,213933,0,0.451,0.951,1,-3.754,1,0.0645,0.00038,2.39e-06,0.261,0.442,162.065,4,1
0Ux2fAE65FDoKtjSOwSKia,Del Camionero - En Vivo All Boys,Almafuerte,21,126119,0,0.291,0.873,9,-6.326,1,0.0715,0.103,0.0,0.206,0.186,133.937,1,0
7hke4o18WMJDxYpNkmYuYl,More Than Words,Extreme,1,337828,0,0.626,0.242,6,-8.658,1,0.0269,0.43,1.09e-06,0.119,0.228,91.259,4,0
2sS1DcNGSsG34Ccua98Q4t,LAst dAy oN EaRTh,Tai Verdes,59,172773,0,0.5,0.552,5,-5.83,1,0.222,0.323,4.97e-05,0.221,0.336,83.938,4,0
2ubHoHRIiw6GZdSuPSmxJL,Blue Line Cretin,The Red Chord,14,147253,0,0.228,0.968,8,-4.733,1,0.17,0.000106,0.000205,0.363,0.272,79.748,4,0
2L1WVCWCuhbc8IEIiJbrGl,Halloween,Misfits,2,112426,0,0.382,0.937,0,-9.01,1,0.0758,0.0172,0.0,0.271,0.0957,108.729,4,0
2iZeKe5avjtKVmjfSFkpxd,Tum Jo Aaye,Pritam;Rahat Fateh Ali Khan;Tulsi Kumar,66,286443,0,0.574,0.841,4,-4.449,1,0.0948,0.399,1e-06,0.205,0.927,83.706,4,0
4l5OJLb3AsvfEyeAYAJHpe,Venga Mi Vida,Juanafé,26,311453,0,0.698,0.542,9,-5.923,0,0.0276,0.639,0.000261,0.104,0.724,88.058,4,0
0KASSQoorOGoCWCgPagJhf,Redlight,Swedish House Mafia;Sting,3,242904,0,0.716,0.655,2,-5.999,1,0.0444,0.00857,0.162,0.0572,0.207,125.012,4,0
3GFKTTjXzCzr8QcqDfdnXy,Листопад,Valery Obodzinsky,31,189074,0,0.622,0.412,8,-13.157,1,0.0589,0.449,5.4e-05,0.0789,0.719,118.63,4,0
1gS3HJ7xfTvID7UAPSwk70,Brooklyn Hangover,Nicole Moudaber,18,289800,0,0.785,0.835,0,-10.673,0,0.0488,0.0234,0.955,0.0797,0.0879,125.878,4,0
06B04lID9HGPwPWwBkTQfU,Frances Farmer Will Have Her Revenge On Seattle,Nirvana,59,250013,0,0.482,0.723,10,-10.08,0,0.0425,5.66e-05,0.000432,0.0939,0.554,117.051,4,0
359PHdNHrEdBeFXzLC7TJJ,Für Dich,Mickie Krause,0,229740,0,0.643,0.996,5,-2.635,1,0.0775,0.0059,0.0,0.163,0.382,139.966,4,0
2CRx925YeUuCmXnb76IGZb,Begin By Letting Go,Etherwood,49,261901,0,0.612,0.499,4,-6.904,0,0.0546,0.127,0.184,0.146,0.0398,173.021,4,0
3yfqSUWxFvZELEM4PmlwIR,The Real Slim Shady,Eminem,87,284200,1,0.949,0.661,5,-4.244,0,0.0572,0.0302,0.0,0.0454,0.76,104.504,4,1
50RxCp8dmcpd5P66b95u68,Outro Na Fornalha (Another In The Fire) - Ao Vivo,Mari Borges;Sarah Beatriz,50,269840,0,0.557,0.758,7,-6.165,1,0.0414,0.324,3.34e-06,0.0838,0.192,129.924,4,0
6DK8DFFf1YLur4WsH6Y4VR,"Hold On, I'm Comin'",Sam & Dave,0,155706,0,0.803,0.338,6,-14.029,1,0.0349,0.196,0.0367,0.097,0.912,106.84,4,0
2kFHjWko1il6O9L3eK9IzG,"Beginning Middle End - From The Netflix Film ""To All The Boys: Always and Forever""",Leah Nobel,57,194826,0,0.674,0.676,2,-6.878,1,0.0367,0.43,3.13e-05,0.108,0.919,78.99,4,0
0wb21I1NV5uVUolRXIqlJF,Come And Get It - Remastered 2010,Badfinger,55,143213,0,0.616,0.629,8,-6.9,1,0.0263,0.0285,1.32e-06,0.208,0.606,94.004,4,0
5fnIi0IUOyocjNyRrG8r7P,Dimma Över Mångsbodarna,Sportlov,12,217253,0,0.149,0.802,11,-6.998,1,0.0821,1.94e-05,0.00583,0.267,0.17,170.907,4,0
2RzW810u8zoJA8BBVhc5fT,Strawberry Smile Magic,すとぷり,37,209536,0,0.576,0.934,1,-3.262,1,0.0505,0.0126,0.0,0.383,0.593,134.018,4,0
0b0x5fdpSjvJ8LiYSPnWoF,Las Batallas/Rarotonga - MTV Unplugged,Café Tacvba,46,326146,0,0.496,0.949,9,-8.056,1,0.0459,0.013,0.0231,0.807,0.441,164.655,4,0
4GKpZOfcdXL6GS6W5ooYsH,Why? Why?,Bogdan Raczynski,12,294133,0,0.678,0.88,4,-7.082,0,0.041,0.00116,0.905,0.0568,0.341,113.273,4,0
1cU86WQnffWrrCYK9Un6GA,Giving In To The Change - Assemblage 23 Mix,Imperative Reaction,27,264780,0,0.546,0.962,6,-6.779,0,0.0422,1.52e-05,0.544,0.061,0.682,126.994,4,0
2NouPVwXUlBF0wDm5bpAbp,Jaane Kyon Log Pyar,Udit Narayan;Alka Yagnik,58,289386,0,0.607,0.526,4,-9.111,1,0.066,0.0185,0.00173,0.227,0.341,190.019,4,0
6PAxR05BFuivymyKqGWVL4,Transition 2,Lindsay Mendez,24,62773,0,0.501,0.336,2,-10.893,1,0.031,0.665,0.0,0.509,0.527,103.862,3,0
0DnGfA1r8pAssJCuq4ojla,Still Got The Blues,Gary Moore,68,370866,0,0.189,0.39,9,-14.497,0,0.0353,0.257,0.000152,0.122,0.32,169.563,3,0
44zVV7hw9cCj2tmzCmmChE,All Star,Smash Mouth,1,200373,0,0.731,0.867,11,-5.881,1,0.032,0.0394,0.0,0.0861,0.776,104.02,4,0
03cAFCWyzUOFus6Os8EoQG,Belfast - Yotto Remix,Orbital;Yotto,51,395449,0,0.608,0.895,0,-9.447,1,0.042,0.000204,0.753,0.11,0.0699,123.007,4,0
7dR13PkvpA9CoQlrM2HjC7,Seven Drunken Nights,Celtic Thunder,20,303693,0,0.457,0.711,2,-9.988,1,0.457,0.778,0.0,0.531,0.35,124.892,3,0
1Sy41HCCozDBL73orZpW5Y,サママ・フェスティバル!,Mrs. GREEN APPLE,41,264160,0,0.404,0.963,4,-1.707,1,0.0663,0.00151,1.06e-05,0.0521,0.607,169.963,4,0
29mZKwRwHXGlzOPdmFOiHe,6 'n the Mornin',ICE-T,0,224866,1,0.823,0.745,5,-6.637,0,0.247,0.0029,0.000333,0.323,0.579,91.919,4,0
1QRyL0hj1iKafA4gbSaxB7,Você - Ao Vivo,Novo Som;Catedral,37,369400,0,0.654,0.742,7,-6.54,1,0.0259,0.581,2.23e-05,0.712,0.785,113.272,4,0
6AMvpaS6hCRWcNVioxa2Ug,Tu És Bom (You Are Good),Rodrigo Mozart,32,296633,0,0.624,0.778,6,-4.811,0,0.0904,0.0964,0.0,0.371,0.574,127.727,4,0
3HhHP56irp6Z0c8q0gv6tK,Bully,Shinedown,31,242746,0,0.519,0.969,6,-2.34,0,0.0662,9.03e-05,0.0,0.111,0.48,77.011,4,0
4IRaaCRMTNH8FWNxirMYIo,Von vorne nach hinten...von links nach rechts - Party Version,Mickie Krause,0,201975,0,0.517,0.994,10,-2.806,1,0.402,0.0589,0.0,0.972,0.651,135.064,4,0
59Wo0nrfki4N7lflMgl8u8,G.T.,Crazy Ken Band,25,262760,0,0.634,0.943,6,-4.402,1,0.172,0.0118,2.22e-06,0.0808,0.742,162.818,4,0
3wDLizrj5u2GDCF6hfnDUw,IK SCHIET JE KAPOT,Noisekick;Paranoizer,19,261720,0,0.519,0.991,1,-2.584,1,0.15,0.00733,0.0771,0.228,0.375,127.453,4,0
2kH7oNwhgwYqeOqv2UE9Bs,Chithramanikkaattil,Gowry Lekshmi,28,152307,0,0.688,0.524,1,-9.012,0,0.0449,0.33,1e-05,0.0719,0.404,130.059,4,0
5RY5Qnk9IFiVuWRGM1Rw4X,No compasso do criador,Katinguelê,44,254973,0,0.569,0.5,5,-13.551,1,0.0398,0.405,0.0,0.0564,0.711,134.682,4,0
4DNno7YwgVANoQLNKcTgQi,Psycho,ThirumaLi,20,184887,0,0.785,0.701,6,-12.593,1,0.1,0.113,2.78e-05,0.0833,0.55,150.02,4,0
1Ra8d6lTOlEb6KvDFbi7dC,Love of Money,Vybz Kartel,23,167026,0,0.804,0.719,4,-8.017,0,0.337,0.0812,0.0,0.338,0.593,112.152,4,0
33JQOzpOleGvqQrhgYw1ny,Darf ich bitten,Miss Chantal,29,178000,0,0.703,0.918,7,-3.036,1,0.0509,0.255,2.86e-06,0.0934,0.511,123.957,4,0
4WnASAjxOLAW4J4ZeAtKq3,"Oh, Lover - Edit",Röyksopp;Susanne Sundfør,50,213276,0,0.576,0.741,0,-6.095,0,0.0264,0.00095,0.0666,0.094,0.271,94.995,4,0
5MWp9jzmw5hQN5aQwOpoRt,Just Rewards,Napalm Death,12,208933,0,0.29,0.989,1,-5.762,1,0.176,0.000101,0.683,0.0594,0.0405,85.944,4,0
0OCDOcvQvozjsivREMojzx,Mixtape : Time Out,Stray Kids,70,175293,0,0.555,0.945,2,-1.934,1,0.127,0.0453,0.0,0.244,0.389,160.006,4,0
4izC2yID6txfr8xXN6xbZQ,They,Entombed,20,245720,0,0.179,0.994,8,-5.352,1,0.191,0.000316,0.916,0.0885,0.0398,138.382,4,0
6ymVxYG0UHqIjXmclbE1cu,Waves (feat. Grace Tither),BLOND:ISH;Grace Tither,54,202501,0,0.631,0.763,9,-9.774,0,0.0352,0.0824,0.299,0.0875,0.715,121.008,4,0
13kyMXTpiIQlwLBMEyOBkI,Billetes Azules,KEVVO;J Balvin,0,189506,1,0.856,0.721,7,-4.928,1,0.108,0.132,0.00471,0.182,0.642,94.991,4,0
0b5mVj4f96m0uSlT1seTy2,With Your Hope - Maor Levi Remix,Above & Beyond;Richard Bedford;Maor Levi,29,187663,0,0.632,0.966,2,-4.005,0,0.0871,0.00168,0.0162,0.416,0.239,127.993,4,0
0PF7SVd93G602xdi8SVyEz,Déjate Querer,Lalo Ebratt;Sebastian Yatra;Yera;Trapical Minds,1,202823,0,0.755,0.792,6,-4.238,1,0.0483,0.028,0.0,0.0754,0.842,106.015,4,0
2dRASJxcSCsaT9WiOC4tnu,Show Me The Magic,Jamie Cullum,0,150412,0,0.569,0.489,5,-5.594,0,0.04,0.238,0.0,0.29,0.543,123.573,4,0
7AQLbnuuyPzy22MOEmeetH,暗湧,Faye Wong,43,261813,0,0.325,0.213,10,-17.136,0,0.04,0.898,0.0541,0.0909,0.326,181.1,3,0
5a3ZlfUdkef5uuXYcYNbUP,Marguerita,Elvis Presley,29,162026,0,0.475,0.403,2,-14.768,1,0.0361,0.66,3.59e-05,0.177,0.555,166.897,3,0
6qbfLs005m0DMuUYymUkqq,Get Money,Junior M.A.F.I.A.,0,274937,1,0.736,0.828,11,-5.835,0,0.284,0.477,0.0,0.251,0.899,91.224,4,0
3daEUkNk9pG9ziqwB2c1k5,I Wish I Was A Hipster WCL-F Remix - West Coast Lo-Fi Remix,Bassnectar;West Coast Lo-Fi,12,91826,0,0.58,0.642,6,-6.986,0,0.0647,0.357,0.785,0.0798,0.0504,115.0,4,0
6Z394Nd4gW6Ts9hmu3NUjx,Nadaan Parinde,A.R. Rahman;Mohit Chauhan,60,384000,0,0.507,0.741,6,-7.456,0,0.0535,0.414,3.95e-06,0.107,0.492,132.903,4,0
4cxXHl9buGjMJpF2x8KRX6,Nowhere,Clean Bandit;Rita Ora;KYLE,0,226040,0,0.794,0.624,11,-6.024,0,0.0344,0.0575,2.08e-06,0.208,0.755,100.015,4,0
6tzOEJ2tqSiAxHw9CAT9Ru,別勉強,G.E.M.;Eric Chou,53,262597,0,0.376,0.378,6,-10.372,0,0.0387,0.669,0.0,0.094,0.248,164.104,4,0
4Z44GYuMNFRHzoGowlp4ww,Born Again,Beast In Black,54,231148,0,0.571,0.883,2,-6.896,1,0.0413,0.0001,0.000467,0.159,0.462,119.993,4,0
4TYeIlwlJTgNkPaFxUP0PJ,Happier,Marshmello;Bastille,1,214289,0,0.687,0.792,5,-2.749,1,0.0452,0.191,0.0,0.167,0.671,100.011,4,0
43S8YeCVjUL6U5YNHPNV3k,Gully's Lament,Lorne Balfe,3,173080,0,0.103,0.0462,9,-20.067,0,0.0359,0.962,0.965,0.0756,0.0396,79.936,4,0
7dznSjBv6UKfZMXM0fYNLo,Cusp,Cloud Rat,0,130853,0,0.345,0.975,11,-7.376,0,0.18,6.63e-06,0.581,0.654,0.164,92.495,4,0
3TlMq7DIT203h6CEWzWhzO,Ishara To Karo JI,Palak Muchhal,21,324479,0,0.581,0.457,4,-9.072,1,0.0264,0.669,0.000171,0.0804,0.228,90.089,4,0
0P5b7ak7TMrHfNjYDiwcby,Te Amo A Beça - Na Praia / Ao Vivo,Matheus & Kauan,47,188973,0,0.301,0.751,2,-3.742,1,0.0498,0.0939,0.0,0.253,0.308,159.274,3,0
1fVj9yaSDfZcX8SaMN7UYN,The Cold Sea's Embrace,Patrick O'Hearn,21,232226,0,0.0819,0.0479,2,-26.058,0,0.0476,0.851,0.892,0.115,0.0395,171.892,3,0
2A6GDPdffUJyF3ubEqCWbQ,Lucro/Descomprimindo (Mulú Remix),BaianaSystem;Mulú,21,190066,0,0.853,0.607,9,-7.932,1,0.138,0.00186,0.00339,0.0897,0.187,104.984,4,0
1EGPPReB4V4Nt4xTCyrsRj,Come un fiume tu,Andrea Bocelli,21,285193,0,0.2,0.464,5,-7.261,1,0.0468,0.897,2.3e-06,0.383,0.113,91.541,4,0
4J7cSix3jYkSc6n76TgxEJ,We Bring It,Jamie Jones;Darius Syrossian,48,368372,0,0.802,0.913,9,-8.508,1,0.0471,0.00104,0.667,0.0616,0.653,128.984,4,0
6YVT09tAK0fqWqzA61Gr3S,La Última Copa,Julio Sosa,20,154044,0,0.551,0.246,9,-12.737,0,0.107,0.995,0.797,0.112,0.827,104.767,3,0
7sDlvq7J4Y9rpSnRa02fo7,Irene's Theme,David Arnold;Michael Price,36,42933,0,0.382,0.0399,2,-19.078,0,0.0439,0.993,0.0576,0.0648,0.724,88.768,4,0
2HXT3Lgmql34XUBVXaJWQ2,Killing Me,Omar Apollo,0,165320,1,0.861,0.27,6,-9.515,0,0.0616,0.301,0.00288,0.124,0.608,84.004,4,0
17oY2Rh5qQH6mhyakZmpxk,only in the night (feat. Sarcastic Sounds),Kina;Sarcastic Sounds,22,130369,0,0.618,0.346,1,-13.175,1,0.0934,0.601,0.0113,0.105,0.315,80.98,4,0
6YX6ZHbeGnt3wqhcas8YOx,Silent Night,The Temptations,0,144480,0,0.277,0.344,0,-11.713,1,0.0264,0.215,8.6e-06,0.185,0.241,89.643,3,0
5VFKfahPr6qgucDOv7oMIh,Heartache On The Dance Floor,Jon Pardi,0,205200,0,0.596,0.833,9,-4.308,1,0.0474,0.0563,0.0,0.0866,0.618,115.997,4,0
3WJ8ZjhsTJt3UWrQwa06RW,Once I Caught a Fish Alive,LooLoo Kids,37,120579,0,0.709,0.856,2,-3.642,1,0.0535,0.183,0.0002,0.379,0.893,170.005,4,0
3mOU8YiXGJpemYdO6Nujbh,Blindness,Azhirock,0,296438,1,0.396,0.976,7,-3.214,0,0.0681,0.000572,5.96e-06,0.344,0.517,159.947,4,0
0y0sGn9Q6DehWp0mRujVy6,Das rote Pferd,Markus Becker;Die Mallorca Cowboys,0,193733,0,0.629,0.997,5,-1.975,1,0.0732,0.0203,0.0,0.688,0.691,133.995,4,0
7lQrfDVKQ8p8CPzXSA4bIH,It Is Written,Doug Benson,25,162706,1,0.474,0.943,6,-4.544,0,0.881,0.826,0.0,0.94,0.39,119.71,3,0
2PgyCOE6KlAdTdoNOq8989,Uno,Juan D'Arienzo;Héctor Mauré,0,181506,0,0.453,0.365,4,-11.557,1,0.0373,0.938,0.00599,0.343,0.601,139.686,4,0
2gV3PVl3vcZglRGmOfyH1w,Hey Metallica,Archagathus,13,66523,0,0.211,0.968,1,-6.378,1,0.101,2.55e-05,0.725,0.276,0.179,116.232,4,0
0zzVTGyRrWpQu8Fr28NRAv,OK Not To Be OK,Marshmello;Demi Lovato,75,159862,0,0.743,0.837,1,-5.025,0,0.0649,0.0172,0.0,0.0743,0.263,103.072,4,1
2BnuZwAifUdUsUQX4DJhnv,The Upper East,Banes World;Dancody,45,166161,1,0.498,0.508,2,-7.262,0,0.0351,0.439,0.0,0.501,0.376,77.583,4,0
0Jiloc4LOUub7ifjrqjEi7,Será,Amistades Peligrosas,27,256706,0,0.572,0.39,2,-8.944,1,0.0329,0.41,0.0,0.0904,0.283,83.942,4,0
6mxTH1ebYmEQyWAbSY1LeG,The Trip,Still Corners,59,374240,0,0.697,0.736,11,-6.594,0,0.0384,0.167,0.00878,0.124,0.42,120.0,4,0
5impF2rk8aZYr4tpMb839F,Das ist unser letzter Tanz - Single Version,Marco Kloss,23,190473,0,0.794,0.72,0,-6.806,0,0.0607,0.0909,0.000639,0.0751,0.856,130.056,4,0
6QGid2MUj1SHI0SXRlHJy4,Looking For More,Koven,41,244000,0,0.467,0.874,5,-4.763,0,0.0383,0.000291,0.227,0.11,0.188,149.985,4,0
3mJV4kByjmgU3ubU7JPp9W,You And Me And The Devil Makes 3,Marilyn Manson,0,264266,0,0.596,0.964,2,-5.754,1,0.0804,9.52e-05,0.834,0.203,0.399,128.021,4,0
5jDId3iv4Jrzd9aeCJZjOO,No Te Va,Joey Montana;Lalo Ebratt,0,204880,0,0.844,0.934,7,-1.223,0,0.078,0.17,0.000121,0.134,0.647,96.983,4,0
3reM5mD2yE18yB3Serq8nq,Waves,Lenzman,19,277670,0,0.688,0.88,10,-7.286,0,0.0855,7.66e-05,0.808,0.0906,0.0848,171.979,4,0
2ZnAe2Af6C6s8B25gtWbCU,El Forastero - Remasterizado 2016,Riff,38,164013,0,0.485,0.803,5,-9.47,1,0.0805,0.0124,0.0149,0.11,0.857,151.0,4,0
5ZMYqjKKrxDweaVPvmzfhQ,SEJODIOTO,KAROL G,0,181106,1,0.822,0.736,1,-3.969,1,0.15,0.157,0.000781,0.0748,0.679,175.93,4,0
7Da0d3oeqFpaPvWOH8eQuZ,RELOAD,PEEKABOO;Caspa,45,176124,0,0.67,0.755,9,-2.978,1,0.0479,0.000861,0.272,0.381,0.288,139.943,4,0
1MUgssGNadgJttx4LwfIcO,A Casa Caiu,Ageu Soares,25,165240,0,0.797,0.916,2,-5.223,1,0.0467,0.776,0.000177,0.0846,0.783,119.084,4,0
2fzxW7UQzCtNkiNq94eKcf,The Old Country Church,Webb Pierce;Anita Kerr Singers,13,184493,0,0.319,0.285,11,-11.989,1,0.0285,0.664,2.18e-06,0.231,0.467,137.858,4,0
4lQkVJzDlpAVmQ9Rz4AFfd,I Wish I Missed My Ex,Mahalia,0,203066,0,0.669,0.669,0,-4.185,1,0.0849,0.274,0.0,0.289,0.546,95.023,4,0
4dyx5SzxPPaD8xQIid5Wjj,Young Folks,Peter Bjorn and John,75,276693,0,0.699,0.812,0,-6.005,1,0.0377,0.0164,0.000763,0.105,0.662,138.185,4,1
3kutMmrDlIMHPzQdD41YI9,Hipogrifo,Sagaz,43,186448,0,0.589,0.45,7,-9.301,0,0.438,0.621,0.0,0.0951,0.564,84.312,4,0
16N0uGSoGeW41PrPCEnh8T,Chapman,Olivier Abeille,52,129048,0,0.586,0.295,0,-16.641,1,0.0402,0.86,0.777,0.117,0.279,68.961,4,0
4bYXigPIj8cZ11Nmu4iVEU,Mary Had a Little Lamb,Toddler Tunes,48,159000,0,0.859,0.439,5,-7.152,1,0.0351,0.261,0.0,0.103,0.961,80.006,4,0
5Kvk3PEnJlZ1uGuWTe3pat,Que Amiga é Essa,Yasmin Santos,45,165457,0,0.379,0.78,11,-4.314,0,0.141,0.0703,0.0,0.132,0.426,73.51,4,0
0tXQlZrIM2qHF1TpUYtZ5Z,Asi No Se Puede Muchaches,Romperayo,19,240640,0,0.736,0.885,6,-5.579,0,0.0485,0.0684,0.822,0.0923,0.832,112.01,4,0
75dwfwU6jHcP966W9py5SQ,Fatal Destino,Bulldog,41,342479,0,0.421,0.959,9,-3.324,0,0.154,0.0139,0.0,0.338,0.592,175.9,4,0
26cV1OvQgnLdM1HTVj8ZMs,Spellbound,Siouxsie and the Banshees,0,197106,0,0.412,0.931,7,-6.348,1,0.0449,0.016,0.0,0.0772,0.295,148.813,4,0
7m62E9JAXqUwJeQz4WjLzv,El Disgusto,Julio Preciado Y Su Banda Perla Del Pacifico,48,187946,0,0.776,0.504,8,-7.193,1,0.0385,0.727,0.000474,0.167,0.963,115.803,4,0
5mAueqLSTsrDk9wzKVVct1,Blast Damage,Deterioration,12,51569,0,0.357,0.754,10,-8.541,0,0.0907,0.00356,0.94,0.123,0.233,122.841,4,0
5K4InCkZlFv2SXvR20BXb2,Shine A Light,Hardwell;Wildstylez;KiFi,50,196216,0,0.531,0.758,9,-2.773,0,0.0361,0.227,0.0,0.251,0.252,147.847,4,0
5Atu5RifngF0smJggQ6Tdr,Meu Casamento,Kiloucura,46,265373,0,0.596,0.525,1,-13.626,1,0.0687,0.665,0.0,0.0722,0.729,75.032,4,0
4RIlOkcNx3O9eFspSdEoQd,Yağmurla Gelen,Güncel Gürsel Artıktay,39,239882,0,0.326,0.31,2,-19.063,0,0.0908,0.855,0.263,0.148,0.132,176.021,4,0
0srTAXSRYEXN17ryGXfXB6,Why I Love You - Main Mix,DJ Sneak,6,499477,0,0.805,0.908,0,-8.805,1,0.0492,0.00051,0.81,0.0784,0.642,125.017,4,0
3YahM4foVIMWTDT8PNle3S,Marie,Rumer,0,161346,0,0.424,0.079,9,-16.861,1,0.0376,0.954,0.00147,0.0915,0.155,167.449,3,0
7FTLQG7nTuajp3YziwjZmu,Worth It,Pamputtae;D Mafia Muzik,0,163004,1,0.854,0.629,6,-5.647,1,0.0797,0.504,0.0,0.0879,0.683,127.977,5,0
6cMiDfcYG2qJSx2H2GzLSK,Allı Turnam,Bağzıları,43,217307,0,0.477,0.481,11,-8.347,0,0.0295,0.413,0.0,0.285,0.289,156.013,4,0
4ZKLmo5TSZebyenBpln7l8,Lacee's Groove,Lacee,37,247253,0,0.866,0.64,9,-4.098,0,0.0824,0.00996,1.59e-05,0.0755,0.563,103.011,4,0
7pHUAAEiXQMaZOng72W6K0,Pehli Baarish,Akanksha Bhandari,59,157826,0,0.584,0.342,2,-12.659,1,0.0331,0.842,0.0,0.18,0.574,91.974,4,0
3aAgQEbQUFMhXqk9fz3fcK,House Music (feat. Arctic Lake) - Edit,Boris Brejcha;Arctic Lake,59,179520,0,0.818,0.35,7,-12.34,1,0.0558,0.000299,0.0103,0.124,0.334,125.002,4,0
0trVnybi3L9TLXvMgSYoYG,Settled Down,Watchhouse,55,183733,0,0.599,0.294,5,-10.222,1,0.0279,0.851,0.0384,0.102,0.308,118.207,4,0
4osgfFTICMkcGbbigdsa53,Novacane,Frank Ocean,81,302346,1,0.762,0.508,3,-9.112,1,0.0919,0.0584,0.00126,0.16,0.37,93.51,4,1
0OvHUici5eYYsttt1kGtuH,Under The Double Eagle,Norman Blake,20,164466,0,0.345,0.397,0,-18.194,1,0.0415,0.653,0.964,0.304,0.855,112.821,4,0
41KT3A1f8OiYZwLbrN6iG9,Vim Pra Ficar - Ao Vivo,Matheus & Kauan,47,206673,0,0.569,0.664,0,-5.703,1,0.223,0.672,0.0,0.742,0.476,144.754,4,0
70JnnNNAxPjvZGPwjJfX47,El Fin del Mundo,La La Love You;Axolotes Mexicanos,66,188093,0,0.602,0.866,4,-4.594,1,0.0471,0.000856,0.0,0.094,0.677,127.052,4,0
58dGRQrNmAJeRMFuguUbvD,Go Down Deh (feat. Shaggy and Sean Paul),Spice;Shaggy;Sean Paul,69,154151,0,0.801,0.764,2,-5.112,1,0.0986,0.109,1.62e-05,0.247,0.578,89.999,4,0
0sBJA2OCEECMs0HsdIQhvR,West Coast,OneRepublic,77,192947,0,0.685,0.699,6,-7.803,0,0.0349,0.317,0.0,0.0895,0.884,134.057,4,1
2tox7VNdg2Ic6WT65WT4Zb,Traição à Primeira Vista,Kiko Chicabana,42,147887,0,0.596,0.908,10,-3.115,0,0.0671,0.163,0.0,0.0956,0.753,165.724,4,0
59m1vY4JuxEkUnhrLcV8mO,Chinna Kannan,M. Balamuralikrishna,36,274226,0,0.372,0.833,10,-7.073,0,0.11,0.861,0.682,0.295,0.582,128.171,4,0
5S9KnOMLC5vRckzbvzasEs,The Reason,Hoobastank,0,232800,0,0.474,0.671,4,-4.649,1,0.0289,0.0129,0.0,0.159,0.0682,82.94,4,0
33wTrwfbn1Pjc9wMaC6RnF,Make It To Christmas,Alessia Cara,0,211013,0,0.535,0.522,2,-7.87,1,0.0363,0.131,0.0,0.438,0.305,77.054,4,0
1YYhDizHx7PnDhAhko6cDS,"Take Me Home, Country Roads",John Denver,73,190160,0,0.462,0.395,9,-9.376,1,0.0264,0.758,0.0,0.121,0.625,82.259,4,1
7pDdE5FLqcNCvjxzRzm80r,Breathe (feat. kaspara),Syn Cole;Kaspara,61,175081,0,0.753,0.749,6,-5.214,1,0.0314,0.0546,4.39e-06,0.166,0.589,121.988,4,0
0ROikBVoB0U7TvrZzrHqmo,Butterfly Effect,Nathan Kawanishi,33,109714,0,0.593,0.724,0,-8.682,0,0.0662,0.477,0.965,0.169,0.793,140.138,4,0
39rqDP2s2hN1JtXptyeM3u,Ignite - 2016 League Of Legends World Championship,Zedd,60,195466,0,0.723,0.741,5,-4.442,0,0.0344,0.0714,3.17e-05,0.0796,0.387,127.967,4,0
7y06U9dmbU1d73cX0gjMCj,秘密,sumika,43,267546,0,0.29,0.54,2,-7.491,1,0.0322,0.293,0.0,0.102,0.394,82.08,4,0
0uKrhHBDUQ4w5fv4qwOubP,Breathe,Télépopmusik;Angela McCluskey,63,282240,0,0.684,0.684,1,-13.337,1,0.0418,0.385,0.29,0.106,0.616,113.988,4,0
50ehFCyLYlNKJ9e5YXfqs0,Black Sheets Of Rain,Bob Mould,23,463693,0,0.272,0.909,2,-11.323,1,0.0558,0.0677,0.0536,0.368,0.226,192.527,4,0
0SrWH2JnaxjBc9dk06i6GJ,Helvetti jäätyy,Kotiteollisuus,22,244093,0,0.391,0.902,1,-3.801,1,0.058,0.00104,3.06e-05,0.326,0.559,147.893,4,0
5JO2usoem1CW1pLL1kLj9E,Manike Mage Hithe,Chamath Sangeeth;Yohani;Satheeshan,67,162772,0,0.836,0.51,1,-10.091,0,0.371,0.713,3.35e-05,0.101,0.56,151.499,3,0
7A5H7Y99VmicoqtOAteIXQ,Lluvia de Abril,Miguel Calo;Raul Iriarte,18,161773,0,0.384,0.245,0,-11.112,0,0.0777,0.912,0.13,0.157,0.7,62.213,4,0
0UZ3juSCFsN6lINBadUZNZ,Grajauex - Live,Criolo;Emicida,33,191453,0,0.358,0.905,5,-5.776,0,0.453,0.304,0.0,0.454,0.468,176.67,4,0
5YkCAxfI29GQb45v0mteWk,Sueño Imposible,Rafael Vázquez;Rondalla Mexicana Del Chato Franco,30,141966,0,0.413,0.333,2,-9.627,0,0.0632,0.827,0.0,0.11,0.33,189.419,4,0
6ojzQyw4lAjLZK3AwRAc9j,Microbots,Neonlight,15,302068,0,0.615,0.955,2,-2.489,1,0.149,0.00249,0.57,0.15,0.107,174.026,4,0
0onLNYV4aYuSQb8wPxR0O0,Back To My Love,Tritonal;Marlhy,46,401951,0,0.61,0.924,10,-6.062,0,0.0614,0.00208,0.517,0.241,0.0802,123.032,4,0
7gJt7kfEVdsJevCOShRwrg,Freaks,Surf Curse,1,147062,0,0.345,0.941,9,-9.918,1,0.0466,3.84e-05,0.633,0.0511,0.407,179.626,4,0
72kjJq1k5ki32RBxu1TF3j,She Had Me at Heads Carolina,Cole Swindell,2,206106,0,0.607,0.912,8,-3.449,1,0.0611,0.124,0.0,0.332,0.722,134.944,4,0
0iHvpSHYsp4tSrYlvgEh7l,Love,Greyboy;Nino Moschella,53,216080,0,0.851,0.414,11,-8.518,0,0.0314,0.0498,0.00135,0.11,0.581,102.807,4,0
3F8dSAI8l3euloq5a8EenB,Epic,Faith No More,0,293933,0,0.358,0.899,4,-7.069,0,0.134,0.0112,0.122,0.195,0.27,174.298,4,0
32j4n8wDASlxokGlDWyqO8,Après vous,Marie-Flore,31,194586,0,0.703,0.239,8,-10.738,1,0.043,0.925,0.00061,0.101,0.115,124.104,4,0
5Gl0Oedhzp5KzHeajiZSxQ,Hooked,Martin Ikin,52,192380,0,0.747,0.998,5,-5.934,1,0.0516,0.0207,0.705,0.058,0.724,125.989,4,0
3YmXbD4Tet9ctaCijuVJnC,Slow It Down (feat. L8NCY),Jason Ross;L8NCY,41,251200,0,0.414,0.742,9,-5.071,1,0.0455,0.167,2.18e-05,0.0838,0.119,150.227,4,0
2AZABydMAEODxHCQDEhdWh,Eternal Flow,Justin Jet Zorbas;Inum,43,161999,0,0.559,0.675,4,-12.817,1,0.0405,0.89,0.732,0.103,0.323,102.99,4,0
4v981V0OrX5fWfbPbfN8qr,Idiosyncratic,Napalm Death,13,155840,0,0.226,0.995,2,-5.056,1,0.128,4.15e-05,0.293,0.349,0.0739,106.502,4,0
2RifT2PXli2cZk9Q19qKND,Schifoan,Lorenz Büffel,30,189426,0,0.725,0.998,7,-2.333,1,0.0433,0.0406,0.0,0.297,0.97,130.959,4,0
3b75zucLzJ6BOrRwEdBIl8,El Primero,Grupo Azteka,44,197746,0,0.518,0.63,4,-4.933,1,0.0409,0.443,0.0,0.324,0.669,80.105,4,0
6nvbYcbL79UQ5VFKE0aeeq,In The Name Of Love - Recorded At Spotify Studios NYC,Kari Jobe,2,205738,0,0.675,0.375,6,-8.985,1,0.0452,0.542,2.5e-06,0.0951,0.187,134.023,4,0
2ESzAmNt36FuiIeIGsPoBU,Gentle Rain Sounds,Rain Sounds,46,104567,0,0.154,1.0,1,-27.417,0,0.0345,0.985,0.586,0.916,1e-05,98.834,3,0
16cRf4o7eUlB9U3PVbBTVv,Profondo Rosso Kore,AnGy KoRe,0,566774,0,0.795,0.795,1,-6.07,1,0.0465,0.00065,0.87,0.0955,0.0676,130.012,4,0
6J6C4MvMeIxNMxysfkyMKU,Blockbuster feat. YEONJUN of TOMORROW X TOGETHER,ENHYPEN;YEONJUN,54,227453,0,0.495,0.926,8,-4.589,0,0.323,0.0384,0.0,0.348,0.642,159.922,4,0
1UnLTLbFwgzdeRWRpV5DyU,21 Reasons,Nathan Dawe;Ella Henderson,0,155253,0,0.621,0.785,6,-4.499,1,0.11,0.0165,5.92e-06,0.0512,0.779,123.96,4,0
356wpCJ2cUKEfvZswomciS,痴情月娘島,Huang Yee Ling,22,324933,0,0.452,0.264,9,-14.867,1,0.0324,0.0403,0.0,0.0728,0.15,144.092,4,0
7bdYxWPCs46dQ0XLwySOyv,better off,Jeremy Zucker;Chelsea Cutler,67,193946,0,0.708,0.322,8,-12.46,0,0.0371,0.747,9.24e-05,0.137,0.46,98.892,4,0
365F2lUtKG3sO4ODtdAD4g,Christmas In Heaven,Scotty McCreery,0,211613,0,0.49,0.515,0,-5.654,1,0.0236,0.623,1.26e-05,0.12,0.256,80.967,4,0
4wSMi5urWxpBPbnWqfI1Ht,Faith in Strangers,Andy Stott,45,389186,0,0.657,0.692,7,-10.121,1,0.0526,0.0286,0.894,0.11,0.164,136.995,4,0
24ctbZKRmBWcbFqjQYYg1l,sugar at the bottom,Hayley Kiyoko,0,185995,0,0.866,0.565,1,-6.983,0,0.0583,0.455,0.000226,0.246,0.549,101.985,4,0
6X3kcyCvy2stFdKuYP55Co,Cryin' Like A Bitch!!,Godsmack,1,201666,1,0.548,0.808,10,-5.484,1,0.0398,7.19e-05,0.00341,0.114,0.475,95.207,4,0
0lbfaNyOoWg9hyRCUm02MR,Om Nama Shivaya,Nithyasree Mahadevan,39,437002,0,0.253,0.21,5,-10.948,1,0.0373,0.947,7.09e-05,0.348,0.42,123.851,4,0
40LQiUUUKXVGyNs09lHVjW,Lips Of An Angel,Hinder,73,261853,0,0.476,0.736,2,-5.38,1,0.0343,0.0217,1.08e-06,0.203,0.251,129.084,4,1
0fX4oNGBWO3dSGUZcVdVV2,N95,Kendrick Lamar,83,195950,1,0.79,0.67,1,-5.527,1,0.105,0.377,2.32e-06,0.119,0.408,139.956,4,1
6Uaqf3LCwuVebfm5u3ndq9,Sober,Bad Wolves,57,195477,0,0.456,0.813,6,-6.663,1,0.047,0.0111,0.0,0.174,0.619,157.031,4,0
4BkFVCDaobMOvm56XGdnzQ,Further - Hidden Empire Remix,Rafael Cerato;Liu Bei;Hidden Empire,40,431803,0,0.804,0.686,7,-11.976,1,0.0556,0.000939,0.841,0.106,0.0706,122.007,4,0
1XlpaijGmAY0pWe16oucrC,Hey Ma (with J Balvin & Pitbull feat. Camila Cabello),J Balvin;Pitbull;Camila Cabello,47,195040,0,0.713,0.952,7,-2.959,1,0.108,0.0203,2.51e-06,0.117,0.571,105.981,4,0
3kJT7hlwvSFqNwiANnncke,Gül Bebeğim,Barış Manço,33,320104,0,0.595,0.43,9,-9.783,0,0.0317,0.804,0.0,0.166,0.643,144.132,4,0
3phspT0DGlluBfWq4oIZoy,Morning Child - Radio Edit,4hero,16,207800,0,0.493,0.674,11,-8.374,0,0.0378,0.0641,0.0081,0.412,0.46,88.89,4,0
5BI2cPWqgrtJINrbhO5tKw,Am Weihnachtsabend fehlst du mir,Nockis,0,213306,0,0.653,0.779,9,-6.333,1,0.0254,0.205,0.0,0.136,0.856,111.945,4,0
0vJOQUIreg0cjB8SZgy2EK,Violetas para Violeta - Bonus Track,Joaquín Sabina,27,296440,0,0.811,0.518,9,-7.873,1,0.17,0.0266,6.23e-06,0.11,0.542,135.088,3,0
0X7Rp8TOCxPGjqq5c9MD1r,Long Haul,Ian Munsick,0,231265,0,0.505,0.627,6,-7.851,1,0.0273,0.423,7.4e-05,0.0755,0.296,141.881,4,0
4fWKjtLYrbiQRZMXpQ61OG,星の数え方,Shiritsu Ebisu Chugaku,19,328040,0,0.51,0.578,10,-5.952,1,0.0276,0.0667,0.0,0.166,0.51,169.889,4,0
5BVwZQXdzWvit2FqwJ0RNz,Don't Forget,Phlocalyst;Mr. Käfer,56,148000,0,0.65,0.252,0,-10.939,1,0.046,0.522,0.879,0.106,0.332,170.028,4,0
5Y9LqBrYYMoGL53E72fH3T,Até Ontem - Ao Vivo,Gusttavo Lima,48,190176,0,0.347,0.693,0,-3.473,1,0.0841,0.142,0.0,0.15,0.614,177.918,4,0
6toBkNzxa4oCYTipbAaaJ3,Start of Something Good,Daughtry,55,264853,0,0.424,0.68,8,-4.311,1,0.0374,0.0102,0.0,0.224,0.415,157.867,4,0
63plgbQqlNrXweFg6zxFfq,Waltz with Dolls and Fairies,The Wiggles,29,84607,0,0.399,0.727,9,-5.561,1,0.0423,0.00295,0.00694,0.0684,0.225,156.101,3,0
2GICtNjlmq5w1XIQ9s0D9y,With You Tonight (Hasta El Amanecer),Nicky Jam,46,208973,0,0.781,0.588,6,-5.348,0,0.0386,0.317,0.0,0.0983,0.564,93.979,4,0
1RaBIwIGWpcSsFZNugIeVK,Destruction,Ministry,21,210106,0,0.51,0.968,2,-12.876,1,0.138,0.000482,0.000969,0.185,0.0879,99.004,4,0
5zD3d3m97Ferk4pgkUPEmb,Dark Room,Shane O,51,193802,0,0.723,0.612,2,-3.912,0,0.0673,0.203,3.01e-06,0.112,0.418,82.885,4,0
4SzmKtY2v2Z98pedkWVoW3,Barnyard Banjo Pickin',Stringbean,21,138986,0,0.715,0.615,8,-13.759,1,0.0353,0.752,0.0416,0.345,0.904,115.856,4,0
5DPJ4y8ArSycYrlm08L1Eq,Der Zug hat keine Bremse - Mallorcastyle Edition,Mia Julia;Lorenz Büffel;Malle Anja,0,207301,0,0.795,0.974,0,-2.418,1,0.0778,0.029,0.0,0.611,0.935,137.957,4,0
07OupZibyc5OR3xSw6TcGZ,Been Lead,Despise You,16,70560,1,0.27,0.955,5,-4.559,0,0.242,9.63e-05,0.522,0.0826,0.257,136.701,4,0
02q48eRgkja20qgxTKdXk4,Close Your Eyes,Kim Petras,3,235615,0,0.548,0.728,5,-5.678,0,0.0507,0.0104,0.000126,0.146,0.337,105.961,4,0
0zpEpdoYYyhBEwgfsxqVVe,Perdiendo el Tiempo,Patricio Rey y sus Redonditos de Ricota,46,232240,0,0.632,0.85,11,-7.382,0,0.0444,0.00459,0.0022,0.126,0.663,137.13,4,0
4KWKrzTYu5e7fcYC7nKUun,I Feel So Good Today,Charlie Brown Jr.,43,248800,0,0.688,0.484,1,-9.254,1,0.0298,0.646,0.0129,0.109,0.447,124.062,4,0
5JDrEzdFET5b3GAqKw2OUT,Movement of Whale,SevenDoors,45,494775,0,0.653,0.523,8,-11.266,0,0.0428,0.022,0.865,0.0933,0.328,122.004,4,0
6VpGZH7B0CXQYGdMyUyuwM,La Callejera,Quantic;Anibal Velasquez,18,324960,0,0.847,0.875,2,-6.454,1,0.0659,0.00166,0.0966,0.1,0.928,118.997,4,0
4JuKzBOcFT6ZDX1bINNI1C,Honeybrains,Royal Blood,1,186847,0,0.523,0.8,9,-5.243,1,0.101,0.00537,0.0,0.398,0.604,125.886,3,0
3dlWabGcrqGU349TrJ9V6g,Chainsaw man main theme but it's lofi hiphop,anifi,44,149318,0,0.638,0.331,11,-12.28,0,0.032,0.957,0.867,0.103,0.208,66.005,4,0
4EtELRz6M3e184zevnBKDb,Lies in the Eyes of Love,Part Time,60,196360,0,0.714,0.621,11,-7.01,0,0.0275,0.00246,0.525,0.0945,0.366,122.417,4,0
2dZyFNtUz3IIBzUZmSu5z8,Toh Dishoom,Pritam;Raftaar;Shahid Mallya,49,244778,0,0.501,0.838,2,-4.583,1,0.151,0.127,0.0,0.292,0.513,166.054,4,0
6J17MkMmuzBiIOjRH6MOBZ,Rock and Roll Ain't Noise Pollution,AC/DC,64,266040,0,0.576,0.659,9,-5.617,1,0.0383,0.041,0.0,0.0587,0.717,94.853,4,0
44ME4h1RuSByXJBt7pwaA7,The Dreamtheme,The Prophet,21,185209,0,0.524,0.989,6,-5.778,1,0.0523,7.96e-05,0.378,0.341,0.534,99.889,4,0
6VR67hW1E1qUevxEAhBm9f,"FUNNY BOY - FROM ""GIGS"" CASE OF BOOWY",BOØWY,36,256213,0,0.233,0.962,9,-2.955,0,0.0825,0.00852,0.000232,0.507,0.405,162.823,4,0
18iaAkUWhFYp9jO7j59dKI,The Dust Off,Deekline;Specimen A,12,310002,0,0.697,0.933,1,-1.283,1,0.0444,0.014,0.0397,0.185,0.258,173.979,4,0
0FbZgT0gzFe6VCAZdhtFT5,We're Not Gonna Take It,Twisted Sister,0,219666,0,0.502,0.925,4,-6.298,1,0.0501,0.0129,0.0,0.162,0.923,149.188,4,0
6X16lGke7rTFXp8nlABGS1,Angels From The Realms of Glory,Annie Lennox,0,240146,0,0.523,0.322,0,-8.957,1,0.0285,0.535,0.0,0.132,0.3,126.002,4,0
569hk4SuiumGEtW4Ps7Hph,A Que No Me Dejas,Alejandro Sanz;Alejandro Fernández,1,321323,0,0.597,0.665,7,-4.403,1,0.129,0.424,0.0,0.115,0.443,94.467,4,0
4bK6C3UzOgWrfaK5IC3pOO,Lala - Lolo,31 Minutos,41,87866,0,0.494,0.922,2,-5.72,1,0.0564,0.161,0.302,0.102,0.359,166.003,4,0
5HpX5jzbL8OweC2nAG0bC2,Mile Dias,509-E;Dexter;Afro-X,41,309066,1,0.767,0.509,0,-6.123,1,0.28,0.301,0.00329,0.494,0.733,153.537,4,0
03P8OuXYbTy6dCWq007z1q,Float Away,Elohim;NITTI,49,200894,0,0.748,0.855,1,-1.741,0,0.0629,0.319,0.000152,0.115,0.475,97.988,4,0
50akPi1b14uMI3SkZRIPW0,Um Velho Malandro de Corpo Fechado - Da Melhor Qualidade,Arlindo Cruz,37,290746,0,0.429,0.848,2,-6.54,1,0.0488,0.692,0.0,0.787,0.815,122.089,4,0
57WRIZhuHj7onrNEpuTEcD,Papel Amassado - Ao Vivo,Matheus & Kauan,45,160868,0,0.587,0.626,0,-5.54,1,0.0303,0.338,0.0,0.255,0.488,95.9,4,0
6heynKdZXxOPe4sC6xOpQo,LOVE,Mr.Children,37,244160,0,0.671,0.626,9,-8.079,1,0.0234,0.12,8.29e-05,0.18,0.623,91.003,4,0
2qUForbzu0TbONfTH0mMEq,絢爛マイユース,Dempagumi.Inc,20,261372,0,0.502,0.919,7,-4.376,1,0.0469,0.00149,0.000878,0.311,0.681,200.074,4,0
5P7P56z3BWvsQDh9MrEwaW,La Dama,KAROL G;Cosculluela,1,208400,0,0.844,0.781,8,-5.856,0,0.188,0.122,0.000154,0.0925,0.734,100.01,4,0
4x846NsuIJW6tSxXgL7EWc,Ainda É Tempo Pra Ser Feliz,Arlindo Cruz,45,267880,0,0.481,0.777,2,-5.948,0,0.0392,0.765,2.8e-06,0.919,0.519,91.81,4,0
67OJmE6XyR1YhjT9R3UUlK,Teu melhor,Purples,38,269666,0,0.413,0.446,1,-6.476,1,0.0326,0.261,0.0,0.0975,0.257,143.485,4,0
0NfSzNHMPFebUH2hcBXCmQ,Ensaboado / Chopp Garotinho / Casa Azul / Climatizar - Ao Vivo,Ferrugem,47,436806,0,0.64,0.769,5,-6.86,1,0.0662,0.383,0.0,0.207,0.69,100.011,4,0
3KruoUtSkm84Az0bJunnxl,Baila Conmigo,Tiësto,76,146249,0,0.652,0.855,7,-6.411,1,0.0775,0.00658,0.409,0.341,0.0834,127.964,4,1
63QsFC6m0CaTw2gU0iZa7N,Conrad,Ben Howard,56,368120,0,0.574,0.322,9,-12.41,1,0.0264,0.91,0.519,0.0836,0.178,81.603,4,0
45wzRgkkG5gjuYS3OkFWaI,"Lo Safar (From ""Baaghi 2"")",Jubin Nautiyal;Mithoon,60,282022,0,0.527,0.469,7,-9.562,0,0.0247,0.856,0.00393,0.121,0.403,90.933,4,0
5t3LIycK7lAXshCf5eSjig,Cama Baguncada (feat. Japinha Conde & Conde do Forró),Unha Pintada;Japinha Conde;Conde do Forró,43,167375,0,0.707,0.706,11,-3.507,0,0.0964,0.536,0.0,0.129,0.566,134.973,4,0
2tBO9sDqez1uQYsb8EYkjx,Seebe Sorkh,Sabke Morde,0,622937,0,0.263,0.807,4,-5.933,0,0.0784,0.033,0.00567,0.115,0.11,180.687,3,0
41r2Q4UEDdU9cktfgQETnx,Last,Dvwn,60,235666,0,0.695,0.39,7,-5.439,1,0.0342,0.117,0.0,0.104,0.455,123.985,3,0
3BAJ6FfDVenmBz2m1ETZW9,Restaurant Rules,Larry The Cable Guy,21,250095,0,0.533,0.823,6,-12.244,1,0.957,0.757,0.0,0.981,0.206,88.202,3,0
2dwnD6tMYqp8zQmfg1XvNQ,Way It Is,Mr. Belt & Wezol;RSCL,58,192905,0,0.868,0.69,3,-5.606,0,0.0856,0.0227,0.0526,0.059,0.457,123.997,4,0
3xtySJF8p0GiNhSJE5TZTY,Blood and Steel,Daniel Deluxe,36,163647,0,0.696,0.326,2,-8.469,1,0.0513,0.00617,0.821,0.118,0.0376,110.004,4,0
2Y2hGQ4Qk103Dapjtgp88J,Fire,The Devil Wears Prada,53,216400,0,0.617,0.626,11,-7.378,0,0.0435,0.0335,0.00154,0.0968,0.206,127.97,4,0
3ODxqsvcsdmG7ucehNSxn1,Duur Se,Umer Farooq;Moosa Saleem,37,262399,0,0.632,0.608,0,-9.558,1,0.0296,0.184,0.000211,0.105,0.332,93.013,4,0
3U9gogDStAfWxSm91PJuxb,South Of Heaven,Slayer,64,298533,1,0.31,0.991,5,-3.769,0,0.316,0.000132,0.085,0.0969,0.0395,140.071,4,0
5NKHUvpRs7zr0yOQjx8Exr,Clear,Cybotron,43,294533,0,0.802,0.637,11,-13.008,0,0.0624,0.000231,0.831,0.587,0.336,125.284,4,0
4J0HFeMb5uY7DnHJ74fGlb,UTAtoHIBIKI,Hiroyuki Sawano,51,92380,0,0.652,0.372,0,-9.151,1,0.0327,0.687,0.178,0.0907,0.266,126.034,4,0
2FnpKIYWlU8oPpwlT9049r,Beat Soup,Beat Oven,49,111374,0,0.727,0.295,3,-10.21,0,0.077,0.402,0.887,0.0991,0.949,80.008,4,0
2tssIKIApNh8tGdYfaRa52,Alarm - Cahill Remix,Anne-Marie;Cahill,1,177656,1,0.6,0.914,9,-4.12,0,0.0374,0.00021,9.13e-06,0.204,0.605,127.991,4,0
35GwlKlVXgFCMF5uTp5r7P,One,Creed,58,302533,0,0.557,0.933,6,-3.7,0,0.035,2.14e-05,8.66e-06,0.117,0.435,110.946,4,0
5YZMJiVEthl7905WzW8dzS,Y de Quién Es?,Aonikenk,19,140080,0,0.461,0.971,2,-3.663,1,0.219,7.69e-05,3.83e-05,0.0548,0.215,157.74,4,0
2CHuu85IjdomB4wPkDwoZp,Endless Nightmare,Josh A;iamjakehill,58,151308,1,0.728,0.573,6,-8.388,1,0.0347,0.00716,0.0,0.164,0.315,139.947,4,0
4SGpb5hFrz394Fp4LcXGgt,Feliz Cumpleaños Ferxxo,Feid,7,155960,0,0.865,0.573,5,-5.501,1,0.0678,0.0863,0.0,0.305,0.563,94.999,4,0
02gH8djuf4t1V0aCaPBfNM,Numb Little Bug,Em Beihold,0,169237,0,0.742,0.527,8,-6.892,0,0.0769,0.327,0.0,0.25,0.638,84.974,4,0
5tLtKoLD5AVocC1xM0u0D2,"Bielefeld, Paris oder Madrid",Deine Cousine,38,163402,0,0.606,0.993,11,-1.346,1,0.0518,0.0039,0.000224,0.308,0.754,146.966,4,0
1goBH4a2czNV7PTlswLWfN,Christmas Time Is Here - Instrumental,Vince Guaraldi Trio,0,366213,0,0.418,0.116,5,-18.397,1,0.0331,0.966,0.648,0.138,0.0861,74.923,3,0
4H45AfU8wUeusZnaAri6Zz,甲你作伴,Huang Yee Ling,23,273000,0,0.623,0.563,0,-5.755,1,0.0245,0.332,0.0,0.0792,0.253,99.988,4,0
5eb9KjDxy61Y6AYcfirYNa,Himalaya,Jennifer Rostock,40,218453,0,0.576,0.726,0,-5.387,1,0.0291,0.000658,0.0,0.0997,0.41,126.032,4,0
4tnWEXeAgZWTRULCkJ6IGL,they sink,Ólafur Arnalds,53,155484,0,0.435,0.0564,5,-27.616,0,0.0369,0.99,0.943,0.113,0.127,110.006,4,0
0w7SrEFvFK9a4Xiyxz6q4s,White Stocking Tops,Demented Scumcats,21,173666,0,0.386,0.793,4,-8.968,0,0.0366,4.95e-05,0.162,0.0818,0.571,105.27,4,0
45ai35oxYWwa4LAjEUvQNC,Desvelado,NG2,27,260898,0,0.717,0.841,4,-6.27,0,0.0862,0.461,0.0,0.674,0.86,99.887,4,0
4sQnoBC9CQ97SiE6qACyg1,My Better Me,Lord Of The Lost,22,221419,0,0.507,0.368,4,-11.505,0,0.0318,0.0705,0.0,0.102,0.284,115.79,4,0
30PysXbn5cVodLBPGV2FWb,Good On You - MOTi Remix,Krewella;Nucleya;MOTi,38,156190,0,0.533,0.8,6,-4.665,0,0.0773,0.00341,0.0,0.514,0.271,126.026,4,0
0iXS4bcrxxzwEbwbtw8cr5,Sendiri,For Revenge,42,192066,0,0.497,0.885,9,-3.769,1,0.0405,0.00522,0.0032,0.0905,0.437,123.899,4,0
2AxeNLzRDcXj1w8QAizaC8,Nadie Como Tú,Cyclo;Zarcort;Piter-G,27,266448,0,0.818,0.367,8,-10.015,0,0.109,0.486,2.51e-05,0.105,0.193,97.976,4,0
3Ye0P7D5bGfuDmTCKJuWxy,Despedida,IZAL,57,168226,0,0.592,0.544,2,-6.293,0,0.0244,0.0214,0.000394,0.334,0.181,107.051,4,0
2b4nWymybHj38A6XtQijiA,"Kaattu Payale (From ""Soorarai Pottru"")",G. V. Prakash;Dhee,58,246000,0,0.7,0.631,2,-8.377,1,0.212,0.325,0.000246,0.376,0.49,78.924,4,0
5I8uxn5rQ90r6ZiXzRx0l9,MEAN!,Madeline The Person,0,143957,0,0.56,0.436,7,-8.761,1,0.491,0.918,0.0,0.093,0.402,117.907,4,0
6v5VsfCYKdrkQBTMhAlkDr,Rocket Queen,Guns N' Roses,61,373466,0,0.448,0.945,10,-7.978,1,0.0394,0.0219,0.246,0.0254,0.437,111.705,4,0
5fZS83DoIkvSdwQKTRYdMF,"TEENAGE EMOTION - FROM ""GIGS"" CASE OF BOOWY",BOØWY,33,236440,0,0.429,0.981,7,-3.174,1,0.0599,0.00213,0.000732,0.513,0.395,95.544,4,0
76ksg9R3gQjJNlyhxyJlLI,Si te acuerdas de mí - 2015 Remaster,Los Mitos,31,218640,0,0.45,0.795,7,-6.462,1,0.0389,0.0507,5.68e-06,0.938,0.748,125.693,4,0
6mW2IiQDrp66AUjCsRu6Kg,Places,The Blaze,58,214826,0,0.771,0.448,2,-9.513,1,0.0446,0.493,0.708,0.108,0.0364,99.994,4,0
6ULjJomtdRstnT9BPMAf9d,Swad Kutde,The Landers,58,120000,0,0.853,0.511,7,-6.451,0,0.422,0.188,0.0,0.223,0.795,90.171,4,0
6tvg7JD2fHiGzGvsPKECQO,Liebficken,LaPalomaLui;Ikke Hüftgold,28,172543,1,0.585,0.976,7,-2.64,1,0.0902,0.127,0.0,0.189,0.818,137.009,4,0
2lBExcAjBgX7Jb480goU9B,Stars Align (with Drake),Majid Jordan;Drake,69,260519,0,0.763,0.667,2,-6.285,1,0.085,0.021,2.4e-05,0.0715,0.75,95.864,4,0
4r1iag8SixyX9KiRxWVswH,Por Ti,Simon la Letra;Dayser 23,43,258782,0,0.799,0.853,7,-5.484,0,0.0293,0.104,0.0,0.0734,0.97,115.052,4,0
34ViVxDOmYG4Yq0ZQ6fBA3,Pulp,Sex Prisoner,13,34504,0,0.303,0.977,4,-5.745,1,0.104,9.26e-05,0.733,0.258,0.106,87.423,4,0
20vEB3It4xYzKHlMecu6X1,Table For Two,Abel Korzeniowski,58,203466,0,0.199,0.133,10,-15.992,0,0.0379,0.914,0.868,0.278,0.0388,132.028,4,0
3qrdLVOClRU4yPkcXZ7c5u,"Mere Liye Tum Kaafi Ho (From ""Shubh Mangal Zyada Saavdhan"")",Ayushmann Khurrana;Tanishk-Vayu,72,132158,0,0.701,0.638,6,-3.711,1,0.302,0.492,0.0,0.153,0.813,177.867,4,1
5Q9xZAUfiWZLUHDYugcXN4,Warrior Elite,D-Ceptor,31,265599,0,0.325,0.993,7,-0.562,1,0.253,0.146,0.0589,0.548,0.216,181.978,4,0
4HVmE0XxxufxDQYbOTm4f1,Carnaval,Manu Dibango;Cuarteto Patria,18,350906,0,0.44,0.739,8,-4.719,1,0.0327,0.294,0.0028,0.05,0.927,101.033,4,0
5eYQMChHFGtMlRPZicBtMC,Breaking Me,Topic;A7S,0,166793,0,0.789,0.72,8,-5.652,0,0.217,0.223,0.0,0.129,0.664,122.031,4,0
1YMWhMWwKs2LrxqNHWQjaL,Agarraito,Antonio José;Chema Rivas,61,169404,0,0.737,0.862,6,-3.872,0,0.208,0.0756,0.0,0.379,0.815,100.066,4,0
6KfqrM6To2CjbXqJN3Pulw,I Got A Feeling,Felix Jaehn;Robin Schulz;Georgia Ku,0,144734,0,0.598,0.833,2,-3.716,0,0.048,0.0196,0.0,0.292,0.406,124.973,4,0
3yOlyBJuViE2YSGn3nVE1K,My Oh My (feat. DaBaby),Camila Cabello;DaBaby,76,170746,0,0.724,0.491,8,-6.024,1,0.0296,0.018,1.29e-05,0.0887,0.383,105.046,4,1
5QMLTolS9JqMTqouRtbSWT,Nada,Cali Y El Dandee;Danna Paola,1,174026,0,0.684,0.808,0,-2.737,1,0.061,0.0518,1.02e-05,0.0858,0.712,173.905,4,0
6HYBcn4WJp5DitDSf6GS1G,Perchance To Dream,Nightnoise,22,298466,0,0.24,0.138,3,-20.625,1,0.0391,0.935,0.544,0.103,0.17,84.235,4,0
6xqWfkMmiqbepWSXMj19K1,This Girl's in Love with You,Aretha Franklin,0,240773,0,0.579,0.409,0,-10.095,1,0.0268,0.624,1.83e-05,0.18,0.526,109.417,3,0
3GmjvTn3YFn6MfQXugsUWA,Same Sun - Original Mix,Boozoo Bajou;Rumer,20,346640,0,0.661,0.25,3,-17.438,0,0.0323,0.875,0.00566,0.268,0.384,97.029,4,0
0Hfah746oDkvCS7ySP3k1c,dream girl,8percent,66,87408,0,0.795,0.385,7,-13.526,0,0.329,0.851,5.98e-05,0.234,0.55,109.996,4,0
06e5eIUvhIcovVu0KuCOri,Yaad Piya Ki Aaye,Shobha Gurtu,29,390200,0,0.407,0.575,9,-9.439,1,0.0514,0.827,9.86e-05,0.18,0.527,135.83,4,0
0HdgslFKTE3hi2lCdOf2GJ,Bang Your Head - Naeleck & KATFYR Remix,Fukkk Offf;Naeleck;KATFYR,51,180923,0,0.679,0.969,2,-1.79,1,0.0745,0.012,0.72,0.0529,0.212,130.017,4,0
5jQXOC8ShgkFMahTEYPoQq,Hold Me Closer,Elton John;Britney Spears,52,202245,0,0.665,0.769,0,-4.586,1,0.112,0.0854,0.000169,0.185,0.495,126.042,4,0
1JLn8RhQzHz3qDqsChcmBl,I Want to Know What Love Is - 1999 Remaster,Foreigner,79,304786,0,0.477,0.471,6,-10.036,1,0.0277,0.193,1.76e-06,0.131,0.423,81.204,4,1
7M9ZOPynXtdsAYhDCeeYnN,Something in the Orange,Zach Bryan,0,228013,0,0.369,0.192,4,-12.151,0,0.04,0.555,8.35e-06,0.0954,0.148,175.212,3,0
5Sb9wYzagd53deNvA9zYlU,Live By The Hook - Original Broadway Cast Recording,Kelsey Grammer,28,227200,0,0.533,0.486,2,-8.503,1,0.291,0.519,7.85e-05,0.102,0.247,127.397,4,0
1T0LELb5T66hlUGmeTyTow,Onkel Fritze,Eisregen,23,186653,0,0.488,0.993,10,-4.666,1,0.194,0.000421,3.22e-06,0.353,0.152,140.043,4,0
7eagn7sy1HS26VGz4lYmr1,"Me Leva - Ao Vivo Em Vivo Rio,Brasil/2010",Diogo Nogueira,39,299746,0,0.547,0.674,7,-9.584,1,0.0394,0.407,0.00115,0.715,0.503,160.123,4,0
1D2ZNECRd7KIlA4pyOUGsv,What Would You Do?,Joel Corry;David Guetta;Bryson Tiller,75,174215,0,0.687,0.895,9,-2.983,1,0.0474,0.149,0.00592,0.121,0.686,124.041,4,1
5WJtuMqSdxcbuNvouacT37,Forgot About Us,Keenan Te,59,213674,0,0.556,0.43,5,-6.134,1,0.0551,0.398,0.0,0.0845,0.322,169.617,4,0
1kvZL6kWs8JTgw9dJQJYWY,Easy,Sheryl Crow,0,253360,0,0.521,0.57,9,-5.567,1,0.0245,0.0254,1.17e-06,0.0757,0.608,169.995,4,0
1IxMcTkR2WLBCQv9rjPAbi,As Três Coroas,Marcos Antônio,37,234657,0,0.608,0.421,6,-13.849,1,0.0496,0.499,0.0,0.172,0.553,107.779,4,0
12HWdKlpYI9wbXO6WbSiKk,You & Me,Tommy Ice,43,158418,1,0.707,0.635,8,-5.968,0,0.255,0.509,0.0,0.135,0.548,177.055,4,0
4ndGWW4JhDCF3OdSLYn9QA,Sky Full Of Diamonds,Hybrid,16,448442,0,0.504,0.621,5,-11.601,1,0.0305,0.00832,0.01,0.119,0.111,144.471,4,0
2I63tojTZ40AkQ4VmSSBS4,Stell die Stadt op d'r Kopp,Brings,25,234986,0,0.757,0.867,8,-3.823,1,0.0925,0.0481,0.0,0.0691,0.821,130.034,4,0
7c3vEk2oabwRAsyXwFngAY,Christmas Time Is Here,Brett Eldredge,0,210906,0,0.322,0.301,0,-11.993,1,0.0325,0.921,0.000799,0.168,0.234,74.518,3,0
00mgT6B4SaiN2KpCw8lrrE,脳内戦争,PASSEPIED,19,184013,0,0.428,0.939,4,-2.497,1,0.127,0.0274,0.561,0.113,0.443,187.994,4,0
02jLfqc9gMo8PkHEGHY3OT,Si Te La Encuentras Por Ahí,Feid,82,191573,0,0.743,0.576,8,-3.552,0,0.076,0.151,5.87e-05,0.128,0.455,171.945,4,1
6a5zu4yJD2zSy0D77lgiPE,You got yoru shoes on?,Comedian Bob Marley,20,46253,0,0.643,0.564,6,-14.505,1,0.925,0.884,0.0,0.926,0.425,110.534,4,0
4QSF0d4ENvMXA03ARpMfaP,Chaudhary,Mame Khan,59,423613,0,0.452,0.703,6,-6.523,1,0.195,0.484,9.32e-06,0.121,0.813,172.039,4,0
6Pxm9JUzH0s5lr36oBVZ51,Between Youth,Christian Death,23,260800,1,0.398,0.921,11,-8.016,0,0.0532,7.96e-06,0.789,0.343,0.402,150.111,4,0
3ExNcJ7LkInTekJg13FQSq,Satch Boogie,Joe Satriani,49,192600,0,0.46,0.951,2,-6.869,1,0.108,0.00285,0.833,0.0523,0.336,108.005,4,0
6KKIxIWUL2dOn4CxmvY0H9,El Avión Se Cae,Calle 13,19,257693,1,0.759,0.78,0,-8.007,1,0.0385,0.0024,0.0506,0.321,0.51,125.05,4,0
189DQylImZ1hGZaIpAQUzx,Moh Moh Ke Dhaage (Male),Anu Malik;Papon;Varun Grover,58,322899,0,0.634,0.344,2,-11.011,1,0.0288,0.741,6.09e-05,0.111,0.409,128.0,4,0
46hyyzAIVm7PZCgNY4jJFF,Wonderful World / Over The Rainbow,Michael Ball;Alfie Boe,20,241120,0,0.178,0.19,11,-18.259,1,0.0433,0.808,0.024,0.135,0.158,81.711,4,0
7GHf8dQ2wA71wYOuRsQCZP,Rhythm of the Rain,The Cascades,61,146360,0,0.659,0.66,0,-8.337,1,0.0441,0.627,0.000217,0.136,0.672,116.634,4,0
0CVCO6f2hDWKmDHxeZTDFa,Good Ones,Charli XCX,0,136614,0,0.764,0.672,7,-5.947,0,0.0293,0.072,3.32e-06,0.0806,0.789,129.049,4,0
4T0bhxGIDHOkqqwqLyouV5,Qué Bonito,Soraya,60,217516,0,0.716,0.737,7,-6.076,1,0.06,0.118,0.0,0.198,0.585,95.009,4,0
0NwcbjyO9BqBZFjila5t8s,"Dancela Bodha Yethuda (From ""Brahmastra (Tamil)"")",Pritam;Anirudh Ravichander,54,245735,0,0.654,0.924,6,-4.892,1,0.174,0.0738,0.0,0.329,0.595,136.021,4,0
7frJTPBH4qaatdpJXJfjB5,Poderoso Deus,Antonio Cirilo,44,889066,0,0.447,0.32,2,-10.914,1,0.0306,0.813,0.0,0.176,0.148,124.428,4,0
16c3vj2frWYWMVH3QgOMu6,All Over the World,Company,19,197013,0,0.637,0.675,5,-4.092,1,0.0436,0.73,0.0,0.131,0.704,130.923,4,0
5lzXJ97yP3Tc64MFgc8Mrs,"Tum Hi Aana (Duet Version) [From ""Marjaavaan""]",Jubin Nautiyal;Dhvani Bhanushali;Payal Dev,50,248550,0,0.419,0.266,4,-12.62,0,0.0298,0.757,0.0,0.121,0.302,89.752,4,0
67lbzVADsqJJ6tyVk0XCgn,Chain My Heart,Topic;Bebe Rexha,70,146880,0,0.663,0.849,11,-4.462,0,0.0334,0.0791,1.2e-06,0.192,0.722,123.992,4,0
5xiX77tfCu9rQ2fXb9pxGU,Let Me Know,Wilson Pickett,0,164540,0,0.827,0.729,10,-10.124,1,0.133,0.536,0.0089,0.635,0.901,96.301,4,0
05ORVcRHPhRgtgHCDku3lz,Маленькая планета,Igor Talkov,5,288148,0,0.749,0.57,9,-9.436,0,0.11,0.434,1.24e-06,0.367,0.911,132.646,4,0
5MyNEVlRNg3E5xVhu8koJS,Fallacy Dominion,Napalm Death,12,249360,0,0.203,0.99,10,-4.039,1,0.125,4.46e-06,0.826,0.233,0.241,117.848,4,0
0qXSq3Tmf72L1MtAK8c3YU,Abraça-Me - Ao Vivo,André Valadão,44,311066,0,0.514,0.594,7,-6.022,1,0.0272,0.063,0.0,0.239,0.306,78.0,4,0
7qFbGeqWhlM9DQAwNOI9Mz,Slit My Wrist,Murderdolls,0,224026,1,0.423,0.998,9,-4.655,1,0.109,0.000133,0.0641,0.379,0.298,97.852,4,0
6LjNfVXppjwIhrWPYmUpag,Supermarket Sweep,Rik Gaynor,10,221675,0,0.688,0.866,6,-6.285,1,0.104,0.0207,0.00334,0.216,0.901,141.958,4,0
1YSPIHUt1JiN9H1GcgH8Ce,Cuando Suba La Marea,Amaral,51,265213,0,0.634,0.643,8,-5.177,1,0.0271,0.386,9.61e-05,0.109,0.409,115.997,4,0
0pfG8LwO7hSdHe6hTgc6a6,Outside Villanova,Eric Hutchinson,29,255680,0,0.785,0.732,5,-6.177,1,0.0513,0.059,3.74e-06,0.524,0.798,137.946,4,0
6ym1AfJcqGuu7TLxQIfl0m,天真有邪,Yoga Lin,44,330000,0,0.426,0.382,0,-8.703,1,0.0302,0.364,0.0,0.123,0.186,127.639,4,0
1NzjhpwIgh3bXjxdtv2RbY,Muddhu Muddhu Vaana,Yuvan Shankar Raja;Rahul Nambiar,45,190480,0,0.727,0.558,7,-12.475,1,0.0447,0.588,0.000376,0.0985,0.586,104.991,4,0
22GJL3yxG9ubHzRtaXRiuT,Streams of Hope,Dan Gibson's Solitudes,27,375395,0,0.429,0.144,7,-23.069,1,0.0348,0.99,0.698,0.576,0.172,116.743,4,0
2iHwOGQ2HreSfcBsgYEYrf,We're All Alone,Rita Coolidge,0,220520,0,0.332,0.429,7,-8.376,1,0.0287,0.356,3.1e-05,0.0619,0.242,128.091,4,0
4DosgMYWthi2sAHwiOQte2,Alive (Live),Hillsong Young & Free;Alexander Pappas,49,233373,0,0.567,0.947,1,-3.733,0,0.0883,0.000891,6.79e-05,0.869,0.635,131.988,4,0
5Wwr2S7QZTR5PVJn6jhgdk,Here Comes Trouble,Chronixx,59,234586,0,0.758,0.786,4,-4.897,0,0.108,0.156,0.0,0.0658,0.786,83.495,4,0
3uHiCtn2tZyglsAnAzX0Th,"Sonata for violin and piano, L. 140: II. Intermède. Fantasque et léger",Claude Debussy;Andrzej Cieplinski;Tymoteusz Bies,2,274693,0,0.369,0.0898,7,-22.042,1,0.0572,0.987,0.744,0.224,0.077,167.655,4,0
3JsxSGtJtokZJuD3rW3Wap,A Little More Cocaine Please,Split Lip Rayfield,24,137240,0,0.618,0.798,7,-6.201,1,0.0416,0.675,3.66e-05,0.0794,0.53,102.243,4,0
0cIBOfHKEvwyiAcwlRmylP,Blood on the Cross,Hellripper,18,121000,1,0.304,0.766,10,-6.837,0,0.0369,7.68e-05,0.449,0.229,0.0978,185.847,4,0
4zWQTANcOyMLbQOOn44gSJ,A Carta (Ao Vivo),Djavan,39,349866,0,0.66,0.86,1,-6.883,0,0.0593,0.124,2.35e-06,0.948,0.742,93.784,4,0
00zKsjOedBGipmWamt0bdq,Salgo,Bayron Fire,39,223810,0,0.664,0.893,10,-3.627,0,0.15,0.0748,0.0,0.351,0.773,104.007,4,0
4Y55T05g57LJu1HuggKVLp,Wenn Ich Träume,Die Apokalyptischen Reiter,20,188200,0,0.499,0.956,1,-3.406,1,0.114,0.00282,0.0,0.363,0.345,111.979,4,0
3tRFo1mXVNC5Wwrv7T8trF,The Good Mr. Square,The Pretty Things,57,86693,0,0.584,0.284,7,-12.714,1,0.0409,0.305,0.000903,0.162,0.386,139.087,4,0
4W5LREYy8mr0tGcuaRTIXm,Beaks of Eagles - Fulgeance Remix,Kelpe,14,262195,0,0.723,0.695,10,-9.602,0,0.0425,0.0512,0.638,0.336,0.583,99.965,4,0
66cBlqEs1viJJCE74CDfGB,追,Leslie Cheung,52,323760,0,0.311,0.209,0,-14.662,1,0.0302,0.734,0.000175,0.0791,0.231,179.695,4,0
4JRcaw04GXaxgYgFJGPo4h,Mere Sarkar Aaye Hai,Sabri Brothers,12,472000,0,0.421,0.856,1,-7.915,0,0.319,0.877,8.22e-06,0.659,0.487,172.059,4,0
3L6C4MG2zFzZ5CE1JQ9tCo,Dom dimmiga dagarna,Håkan Hellström,35,191533,0,0.22,0.422,5,-6.45,1,0.033,0.00676,4.65e-06,0.295,0.179,122.683,3,0
52ADjbnO2yizl9ke12CKov,All Alone,Saturnus,39,380000,0,0.586,0.406,9,-10.181,0,0.0304,0.267,0.582,0.113,0.068,110.006,4,0
0P6Sri9zqvYC7Eswgmfeul,BOND OF TRUST,THE RAMPAGE from EXILE TRIBE,36,252666,0,0.677,0.912,11,-3.592,0,0.0361,0.216,0.0,0.16,0.614,107.977,4,0
006rHBBNLJMpQs8fRC2GDe,Agora Estou Sofrendo - Ao Vivo,Calcinha Preta;Gusttavo Lima,47,260510,0,0.605,0.678,0,-3.257,1,0.0311,0.642,0.0,0.157,0.439,125.059,4,0
7Hh1QrPMVNkE1YbwO9X4Ir,Panzerfaust,Stam1na,25,239960,0,0.185,0.985,6,-4.485,1,0.119,5.91e-06,0.594,0.337,0.0931,137.993,3,0
6UmpOofvtwr2RosrFxQ430,Weed Wit U,Vluestar,58,121951,1,0.481,0.335,7,-17.999,0,0.223,0.977,0.000142,0.18,0.514,78.721,4,0
1QpSeLx3XbPAyjYAAe12w0,Overdrive,Metrik;Grafix,48,281379,0,0.434,0.904,1,-3.994,1,0.0387,0.00142,0.635,0.931,0.349,173.982,4,0
3v8CoiN19zAzkTG0E7TBTN,We Wish You A Merry Christmas,Weezer,0,84973,0,0.387,0.786,11,-4.127,1,0.0436,0.0195,0.0,0.123,0.462,149.806,3,0
4IiuExPFijOGZnVxGsKWcc,Seven Nation Army - The Glitch Mob Remix,The White Stripes;The Glitch Mob,65,257021,0,0.701,0.844,4,-6.629,1,0.133,0.152,0.626,0.194,0.198,120.04,4,0
2gzdwXhsOgbNx6Ckt8h16A,Drama [Slowed],Maga;JVLA,47,221332,1,0.621,0.44,2,-5.673,1,0.204,0.384,2.08e-05,0.352,0.0933,169.697,4,0
7HM1onSgR6op93vH7jNTV5,Boom It Off,Vybz Kartel,24,210666,1,0.744,0.502,2,-9.603,1,0.312,0.246,1.68e-06,0.0511,0.7,120.411,5,0
19lvqkOiSnvBBMWzOqgQ3b,Marimar,Thalia,0,203040,0,0.702,0.768,10,-5.58,0,0.057,0.715,1.3e-05,0.0684,0.817,101.091,4,0
4TFI0lmmt6UyMU8RAgVU4a,Officially Missing You,Tamia,0,242466,0,0.475,0.407,4,-9.239,0,0.0368,0.247,0.0,0.144,0.226,178.261,4,0
5ozmvzdmTenViUuxX5687c,Sound Mind - Live,Bryan & Katie Torwalt,25,455580,0,0.436,0.336,10,-9.894,1,0.0307,0.0455,0.0,0.7,0.143,107.78,4,0
2YJJRSqn5OTZwAjBGhJ7VD,Stealing Babies (Featuring Elvin Jones),Our Lady Peace,24,331240,0,0.316,0.781,2,-7.311,1,0.113,0.135,3.05e-05,0.336,0.293,125.656,3,0
4aVBZXFivNVH0P5phc6ios,Déjate Querer,Lalo Ebratt;Sebastian Yatra;Yera;Trapical Minds,0,202823,0,0.755,0.792,6,-4.238,1,0.0483,0.028,0.0,0.0754,0.842,106.015,4,0
1oxyLBX9KmrtKajyVQkfAs,The Power,Duke Dumont;Zak Abel,1,197449,0,0.626,0.829,5,-6.795,0,0.0537,0.00458,0.0601,0.227,0.191,121.945,4,0
4bUe0OUcwdu85AMBkZzYFg,Toni-Ann Singh (feat. Popcaan),Burna Boy;Popcaan,65,175677,1,0.67,0.607,5,-6.44,0,0.444,0.396,0.0,0.238,0.863,199.666,4,0
13QlmzEg89fD2DmW3f503g,I Got U,Duke Dumont;Jax Jones,0,285596,0,0.636,0.761,9,-7.752,0,0.035,0.00383,0.00784,0.0851,0.462,120.842,4,0
6eMUVgHg5pqKz2F1m7DPeZ,Te Quero - Ao Vivo,Caju Pra Baixo;Belo,36,176234,0,0.411,0.691,0,-6.309,1,0.0379,0.755,2.61e-06,0.688,0.629,90.231,4,0
4WcWjBoSYqZBwqeYlz0qey,Extraño Tu Amor,Guayacán Orquesta;Ray Sepulveda,47,267389,0,0.775,0.728,4,-6.89,0,0.0481,0.283,0.0,0.253,0.707,167.0,4,0
7D7CBnyCYkylr79Cp5TSlv,Hold Her While You Can,Stephen Sanchez,51,264013,0,0.502,0.718,2,-5.87,1,0.0303,0.0181,8.31e-06,0.289,0.36,89.976,4,0
0V30YoSTWPv9S8MiBCSxRz,White Noise: Three Fans,Outside Broadcast Recordings,33,229955,0,0.133,0.000272,6,-27.129,1,0.0635,0.0663,0.305,0.113,0.0379,61.549,4,0
7MA5eIM6qJH56VXvyVBseL,"Nurse's T-Shirt, Kid's T-Shirt",Todd Barry,20,78333,0,0.48,0.758,3,-14.047,0,0.952,0.921,0.0,0.829,0.813,177.513,1,0
61pyWaQQqcbQUma3xUGMC0,Joy,Enosoul;Da Vynalist,27,393959,0,0.787,0.798,9,-9.715,0,0.047,0.0039,0.938,0.0282,0.515,115.994,4,0
1aL399KnfueCuX3gPML2Rp,Dark Euphoria (Official Masters Of Hardcore Austria 2022 Anthem),Ophidian,24,210000,0,0.367,0.995,1,-0.624,1,0.464,0.2,0.000384,0.391,0.225,183.007,4,0
39msp8YEbfPIw5AiqYzrb8,You Must Comply,Teddy Killerz;FuntCase,16,205578,0,0.604,0.992,10,-2.298,0,0.266,0.000776,0.596,0.128,0.448,174.109,4,0
0J2p4KYdr6Mg4ET6JPlbe1,Super Trouper,ABBA,72,252853,0,0.764,0.626,0,-8.274,1,0.0288,0.457,6.35e-06,0.201,0.961,118.34,4,1
1yo7eQcZzXO0UYXo3p9qmI,"Baby, It's Cold Outside",Dean Martin,0,143733,0,0.439,0.196,0,-16.093,1,0.0601,0.88,0.0,0.0513,0.525,129.581,4,0
35b08f3X5XiuTV0oJHZB9g,Club Foot,Kasabian,54,215360,0,0.18,0.915,0,-6.855,1,0.0946,0.0224,1.43e-05,0.0929,0.101,94.578,1,0
4eY1SRWnpIpNsXHsfDvOMH,Bagaimana Caranya,Souljah,33,216476,0,0.594,0.644,5,-4.996,1,0.0387,0.395,7.49e-05,0.109,0.393,150.096,4,0
0V5GNdsrQlKBR1V4PeGX7x,Unruly Rave,Popcaan,0,205453,1,0.583,0.76,1,-5.71,0,0.318,0.188,0.0,0.13,0.449,97.675,4,0
6Eukq40cWhZjXSyRmJfUhw,Heart Is in Debt - Technorocker Remix,Kosmonova;Technorocker,30,169384,0,0.518,0.938,7,-5.046,1,0.299,0.00576,0.0,0.705,0.0933,130.049,4,0
3kfLmxUUOW3gDhMiBEYWze,Chorando e Cantando - Ao Vivo,Geraldo Azevedo;Elba Ramalho,37,249720,0,0.393,0.389,9,-9.054,0,0.0362,0.722,0.0,0.846,0.278,123.03,4,0
6IskNuvBwK8YzFrjvXIp5h,Yeh Zindagi Hai,The Local Train,45,249160,0,0.633,0.616,9,-7.395,1,0.0288,0.126,0.0,0.078,0.7,131.072,4,0
2bGCXKKxk0FyTwYeJooaJH,Khush to Hai Na,Osho Jain,46,191020,0,0.807,0.0977,0,-15.128,1,0.0427,0.97,4.16e-05,0.0863,0.462,147.127,4,0
0bf5Jsf2DzO8TXuV5eEDPE,Dance Or Die,Matt Sassari;Green Velvet,43,376794,0,0.797,0.834,7,-7.232,1,0.0899,0.001,0.635,0.101,0.316,129.006,4,0
7MZBQeYiGTwXPkDigjFpKo,Right Where It Belongs,Nine Inch Nails,42,307560,0,0.458,0.362,5,-10.043,1,0.0305,0.979,0.494,0.118,0.223,139.879,4,0
0Nme92vYmYrVGAEslR2LB0,Desculpas,Oficina G3,38,279754,0,0.658,0.725,0,-6.427,1,0.0295,0.000534,0.225,0.154,0.644,123.909,4,0
46jni4B6gnRB5EbjIEnsf3,Life Is...,BLOND:ISH,0,253701,0,0.698,0.861,2,-7.21,1,0.0344,0.000237,0.471,0.0758,0.169,123.004,4,0
4u3PUsG9vWxbu2lkGfW4qb,Eazy-Duz-It,Eazy-E;Dr. Dre;MC Ren,25,261200,1,0.818,0.587,7,-7.527,1,0.315,0.0645,0.0,0.359,0.62,90.939,4,0
7HXAcuJ9yHxxtGmdR0Rj4b,100 Ways,Rob Zombie,25,113320,0,0.686,0.656,7,-8.92,1,0.0327,0.802,0.867,0.498,0.487,92.386,4,0
3Px454rzMHtIRc9R04QSlB,Soleil Couchant,The Souljazz Orchestra,18,225953,0,0.618,0.831,9,-7.018,0,0.0802,0.429,0.321,0.168,0.92,126.058,4,0
3txHZTpGeVASXa5ARwoRX6,Puro Êxtase - Ao Vivo,Frejat,45,292186,0,0.571,0.924,9,-4.727,1,0.197,0.179,4.07e-06,0.719,0.5,121.056,4,0
57DMz3byMY4JzlhEZuMkjQ,Heart Freeze,Chronic Law,28,192104,0,0.497,0.429,6,-9.611,0,0.194,0.219,1.9e-06,0.0841,0.391,65.169,3,0
0D0ZwI5RWUb9l1GQMmRS5R,Slave to the Grind,Skid Row,0,207666,0,0.491,0.964,7,-8.105,1,0.0981,3.77e-06,0.542,0.196,0.352,133.238,4,0
1TeyzcAu9wKnRC9rY2rdkh,Bad Man Story,Buccaneer,28,175133,0,0.739,0.555,1,-6.896,1,0.342,0.419,0.0,0.122,0.597,77.175,4,0
5OHYKFo6amGtxOVvHdAvU4,Memento,SpectraSoul,16,353791,0,0.443,0.704,9,-7.39,0,0.05,0.000474,0.699,0.676,0.038,170.004,4,0
3i6AkELMjh7GSnYzM0VV5Z,Electronic Battle Weapon 5,The Chemical Brothers,12,519506,0,0.574,0.944,2,-5.8,1,0.0715,0.00322,0.00859,0.159,0.188,133.984,3,0
7uNL2lqhet9A7AB3xpLC4E,Elvism,burger/ink,27,314506,0,0.678,0.412,4,-17.291,0,0.0412,0.746,0.908,0.106,0.231,120.007,4,0
6LvHrLiW1z8PS7MIAiufKg,Bad Boy X Bad Girl (feat. Nikhita Gandhi),Badshah;Nikhita Gandhi,59,199402,0,0.896,0.764,0,-4.271,1,0.0767,0.174,2.36e-05,0.0677,0.601,100.516,4,0
1ZrnCyms7CBYsCvkkVIkt8,記憶棉,MC 張天賦,62,273390,0,0.491,0.533,9,-7.594,1,0.0473,0.393,0.0,0.0944,0.214,149.856,4,0
1XGPy9WDiz8vi6Loxms4Uq,Ela Tem 17,MC 3L,42,189084,0,0.922,0.432,1,-8.503,1,0.42,0.161,0.0,0.0541,0.809,132.112,4,0
1E16f7KcZmuXuhlenRwA2m,Saibo - Lofi Flip,VIBIE,72,146646,0,0.323,0.349,7,-12.524,1,0.0761,0.965,0.00548,0.116,0.2,180.203,4,1
0ehtFnPWJIYVwZhca6GBu5,Talvez A Metade Do Caminho,Charlie Brown Jr.,34,182973,0,0.56,0.972,8,-4.457,1,0.0666,0.00408,0.0,0.245,0.587,92.125,4,0
5tc5uPw6UqvC0N2fF5jzXI,Jaago,Lifafa,38,260500,0,0.43,0.303,5,-13.12,1,0.0665,0.552,0.0984,0.298,0.0398,129.898,4,0
40ZhguqieJZ0AJTHKQY6Q4,Hardanger,Gunslingers,44,236387,0,0.64,0.722,4,-6.264,1,0.0396,0.0965,0.0,0.272,0.52,131.067,4,0
1wH3PxeMNXKVkuG67czNOQ,Settled Down Like Rain,The Jayhawks,21,180533,0,0.64,0.696,0,-8.37,1,0.0269,0.000532,0.00155,0.294,0.892,115.289,4,0
5enzKZ2YzoY4LFaamlRhFV,Qué Más Pues?,J Balvin;Maria Becerra,0,217361,0,0.904,0.817,8,-3.956,1,0.0871,0.0254,0.000141,0.232,0.753,101.988,4,0
2eYJSfG4XE5M1PbcecUiMd,Way Truth Life - Live,Planetshakers,43,200360,0,0.645,0.944,0,-5.451,1,0.0565,0.0133,0.0,0.667,0.396,99.971,4,0
4Sqlq9shFIxvDnP8fFGB5h,"Frecuencia Álmica, Pt. 2",Lucas Cervetti,32,344963,0,0.386,0.115,11,-17.686,0,0.0314,0.985,0.888,0.149,0.12,103.936,3,0
7e5dxB4XlHbzakVj25TvQS,Incrivelmente,Projeto Norte,40,267972,0,0.592,0.412,0,-9.381,1,0.0263,0.563,4e-05,0.102,0.192,96.911,4,0
5nP6bZZpeT9hbtvePmy9ko,Moody Blue,Elvis Presley,62,169320,0,0.643,0.729,0,-10.231,1,0.0297,0.674,7.99e-06,0.173,0.963,135.29,4,0
3JaE63iPs0x06ECHdpri57,Find the Cost of Freedom,"Crosby, Stills, Nash & Young",54,118373,0,0.389,0.0631,5,-20.318,1,0.0339,0.859,0.000315,0.314,0.347,153.763,4,0
3gBiC50QtRYGuo9pL4fQfI,Know Your Enemy,Green Day,44,191786,0,0.559,0.955,4,-3.924,1,0.0412,0.00237,7.06e-05,0.0566,0.957,129.98,4,0
4BllOzQZH3tSjmCIbYlSB6,Fire Like This,Hardknox,40,278533,0,0.648,0.912,2,-5.493,1,0.0744,0.0863,0.0432,0.641,0.694,118.012,4,0
0cj24kRZd7uRvX3QRVT3qF,Gifted,Koffee,54,165600,0,0.794,0.471,1,-10.046,0,0.0541,0.749,1.68e-05,0.101,0.52,99.986,4,0
38sDn4Exgc4MBFuC90zKMh,Antonios röst,Germaine Franco,19,134786,0,0.424,0.321,7,-11.358,1,0.0613,0.501,0.601,0.106,0.213,108.063,4,0
0wTQTxIaIHEWbHszhXrQSu,I'll Be Good,Jaymes Young,0,247346,0,0.393,0.277,7,-10.757,1,0.0314,0.7,0.0,0.0966,0.123,89.334,4,0
2xvPMM0Y1f5bEQDKKDfgGG,This World Hell,Killing Joke,21,327506,0,0.568,0.416,0,-5.531,0,0.0398,0.000302,2.68e-06,0.0371,0.282,113.959,4,0
06Rxt3Twa6Y5X7GDLWiaEB,The Devil Master (Devil is Your Master),Devil Master,18,135826,0,0.0916,0.998,11,-5.353,0,0.17,0.00229,0.16,0.522,0.0615,173.833,4,0
77tR4iQgyQTAnhhuPik3ZP,One For the Money,Escape the Fate,65,199950,0,0.525,0.964,5,-3.451,0,0.0571,0.000328,5.5e-06,0.0527,0.385,90.013,4,0
5QPUiYsrILht7dBsJ6P552,Memory Lane,Netsky,41,335506,0,0.535,0.88,1,-4.896,0,0.0429,0.000705,0.434,0.117,0.227,175.001,4,0
2k96T62rRwtvgFk7Uatx2G,Addicted to Abstinence,Sodom,22,126573,0,0.365,0.973,10,-6.117,1,0.242,3.23e-05,1.73e-06,0.0969,0.301,165.225,4,0
1rUgFuQUYr2cpXGWpWJ6nD,Quando Gira o Mundo (Ao Vivo),Fábio Jr.,40,284853,0,0.524,0.739,9,-7.28,1,0.0305,0.336,0.0,0.833,0.473,145.98,4,0
5n2S5HSEs2iLV5ro1tc7bL,Ele Reina - Ao Vivo,Jefferson & Suellen,44,326869,0,0.402,0.641,6,-7.217,1,0.0392,0.17,0.0,0.367,0.192,117.973,4,0
0ACRuhQeaM96VNO1K3UeSG,Tortazos (Milonga),Lucio Demare,22,187585,0,0.637,0.299,8,-10.587,1,0.14,0.988,0.684,0.2,0.847,101.159,4,0
2DOdnZIgqRPq95tDc26Kgm,I Feel Good (feat. Rahmania Astrini),Pink Sweat$;Rahmania Astrini,17,135849,0,0.761,0.745,11,-4.651,1,0.0457,0.12,1.1e-05,0.0551,0.7,106.02,4,0
5PwH7G4wPhk11QKx85j5uL,Make You Feel My Love,Greg Maroney,49,191700,0,0.315,0.0904,10,-20.46,1,0.0424,0.988,0.879,0.11,0.1,97.132,4,0
0bAuzGnpoaZFpfbAhEWjqO,About It,Serhat Durmus,45,187151,0,0.63,0.472,11,-11.289,0,0.0558,0.49,0.555,0.0967,0.185,149.967,4,0
6gStKpgo3H7cC3gYaUqcup,I Know You so Well,IWL,49,93134,1,0.717,0.289,2,-9.113,1,0.0452,0.297,0.286,0.0945,0.171,67.037,4,0
7mjSHL2Eb0kAwiKbvNNyD9,Wild World,Yusuf / Cat Stevens,77,200560,0,0.48,0.542,0,-8.51,1,0.0348,0.345,0.000609,0.113,0.567,152.853,4,1
5HzoZzPiUc9RCNG9SvWtnx,Judgement Day,Scott H. Biram,31,153506,0,0.352,0.931,10,-6.607,1,0.339,0.328,0.22,0.359,0.499,144.775,4,0
7kssBDkBUjGrHiQzN2VkYN,Armageddon X 7,Napalm Death,15,196266,0,0.369,0.955,5,-7.553,0,0.0866,3.52e-06,0.0791,0.312,0.213,90.844,4,0
61mo3ClxUEGhybxs6tJOGC,"Pojedu, wjedu ja wo liosotschek",Ivan Rebroff,7,185306,0,0.278,0.495,9,-9.6,0,0.0384,0.921,0.141,0.749,0.838,86.124,3,0
3GnE9RuWJ3DQTA54ELNp6b,Chal Wahan Jaate Hain - Lofi,EXE ROHIT,45,256224,0,0.487,0.413,7,-14.143,0,0.249,0.634,0.856,0.189,0.155,149.907,4,0
5QeUZ1Z4xSCegBXutW3IIt,000000,A.CHAL,61,165214,1,0.734,0.472,1,-8.192,0,0.306,0.494,0.00293,0.102,0.387,190.011,4,0
6I2tOKBqqIUhxEVKnolGjx,Memory Lane,Wiz Khalifa,0,166773,1,0.789,0.71,4,-4.574,0,0.353,0.37,0.0,0.155,0.826,95.178,4,0
39N0x2bHHkTqTUiI4iYOBl,Love Is Gone (Mixed) - Armin van Buuren Remix,SLANDER;Dylan Matthew;Armin van Buuren,47,81200,0,0.543,0.944,3,-6.749,0,0.0443,0.000284,0.0396,0.753,0.393,130.011,4,0
3Dz8VohgvbYkf6OS99H0vT,Christmas Time,Bryan Adams,0,243057,0,0.503,0.582,0,-4.324,1,0.0253,0.472,0.0,0.103,0.326,77.321,4,0
2CTnFfLiRxOHEYaZAJlStu,Всё равно,Александр Цфасман;Vladimir Nechaev,0,158406,0,0.523,0.246,5,-10.139,1,0.0382,0.99,0.195,0.0788,0.69,95.6,4,0
13cXJfRZBlcLxsWRnooH3j,Soldado,Son By Four,29,281266,0,0.627,0.73,0,-6.775,1,0.0458,0.342,0.0,0.0751,0.242,114.987,4,0
0g2BTqSPGs13jBBOncJSxu,Rockin' Around The Christmas Tree - From The Kacey Musgraves Christmas Show,Kacey Musgraves;Camila Cabello,0,124240,0,0.745,0.598,10,-6.053,1,0.0975,0.129,0.0,0.678,0.789,148.906,4,0
0H8gwQoVfk8pJQkPrDBMs5,Supa Fly - Dirt Monkey x Jantsen Remix,Boogie T;GRiZ;Dirt Monkey;Jantsen,26,218482,0,0.535,0.933,10,-2.267,0,0.0505,0.000454,0.000837,0.259,0.378,145.005,3,0
2fJ448Aj8oYxHKILgqr6Bx,The Sicarii,Ninkharsag,17,222880,0,0.172,0.951,6,-5.129,0,0.0992,0.0,0.886,0.115,0.197,122.02,4,0
3bgKVqn6LRjdpuFNpJ3rSq,Mistletoe and Wine,Cliff Richard,0,245333,0,0.498,0.432,9,-14.386,1,0.0345,0.688,0.0,0.136,0.365,135.015,3,0
6Bs7CYLm10SUlJNqTSy8hc,Do You Hear What I Hear?,Jack Jones,0,179066,0,0.304,0.34,3,-12.157,1,0.0298,0.88,4e-05,0.223,0.308,96.632,4,0
44d9YTzlnG1CX9Y7BLgHUp,Stuck in Æther,Raimu,60,155294,0,0.537,0.2,5,-16.798,0,0.0457,0.721,0.952,0.279,0.0964,68.882,4,0
5yr3x2a1Qoz3cECLhuAbqa,Graceland,Plastilina Mosh,18,217333,0,0.627,0.856,0,-8.674,0,0.0326,0.0203,0.911,0.872,0.777,96.963,4,0
74vXy3yK20bkDlaP3FaWo9,Dreams,Blake Rules;Netherfriends,9,183157,0,0.789,0.735,3,-7.557,0,0.108,0.331,0.00203,0.0811,0.69,152.035,4,0
6puRC1Wy4BDIf3x81vXPNA,Borracho y Sólo,Los Auténticos Decadentes,39,231893,0,0.726,0.736,0,-7.861,1,0.0464,0.0972,0.0,0.0701,0.914,126.067,4,0
0EIgCM5mScspP2MnSq2WCT,Orihime,WEDNESDAY CAMPANELLA,35,164576,0,0.789,0.912,6,-4.458,0,0.0665,0.0907,3.64e-05,0.329,0.672,123.028,4,0
4CM2CpR5UpFoObTmuFOUIj,Favela,Antônio Carlos Jobim,0,154960,0,0.457,0.224,9,-19.476,0,0.0344,0.715,1.2e-06,0.224,0.48,80.845,4,0
1Ef0TmgS1QrVO6tKHrMMmH,"Ghungroo (From ""War"")",Vishal-Shekhar;Arijit Singh;Shilpa Rao;Kumaar,58,302935,0,0.695,0.729,6,-6.274,0,0.0322,0.0738,0.000182,0.533,0.872,118.028,4,0
4gvPbKEQyTZBoX2k7P1MFZ,Back Side Of The Moon,The Orb,22,854933,0,0.292,0.568,5,-18.75,1,0.0718,0.144,0.63,0.177,0.218,119.817,3,0
7vI203OsjvK2FFsfDtBYOd,Little Saint Nick - 1991 Remix,The Beach Boys,0,118840,0,0.602,0.553,11,-9.336,1,0.0328,0.108,0.0,0.0512,0.971,130.594,4,0
6b4HcxHTz03nzrBtrRQInX,"Domates, Biber, Patlıcan",Barış Manço,29,356400,0,0.749,0.681,7,-12.435,0,0.0438,0.725,0.0,0.126,0.963,168.229,4,0
7znAjItIP7xKKhyFzF5W1B,Big Jet Plane,Angus & Julia Stone,61,239146,0,0.762,0.387,10,-8.643,0,0.0277,0.239,0.00756,0.13,0.274,109.959,4,0
0OZi21h20OgtJzZQeZCaIm,Dressing up in Other People's Clothes - Bonus Track,Orbital,13,277173,0,0.527,0.594,8,-6.698,1,0.0329,0.0207,0.834,0.119,0.106,103.996,4,0
5LlVixZh85sugPldv7Cxeh,Sleigh Ride,Ella Fitzgerald,0,175986,0,0.593,0.287,1,-12.472,1,0.0469,0.764,0.0,0.153,0.639,77.117,4,0
4QjumZuFhDxilO1OKrK5Pl,Tainted,Max Wells,44,175454,0,0.753,0.51,6,-5.501,1,0.0513,0.249,0.0,0.321,0.702,132.04,4,0
018RNVupRQz9Vc5unfW8Pq,We Came to Party,Basixx;Ella Faye,53,190535,0,0.712,0.819,11,-5.641,1,0.0387,0.119,0.0,0.141,0.701,125.986,4,0
2RbV6HOnfgclD82BuxuKHM,Happy Home,Blackstreet,22,337306,0,0.548,0.504,6,-7.907,0,0.0567,0.136,0.0,0.145,0.6,188.67,3,0
4RbUycPJBYlvKj9gNEwZJF,Harmonics,Mike Oldfield,21,312386,0,0.521,0.317,0,-13.559,1,0.0299,0.878,0.928,0.193,0.198,84.82,3,0
4tD07t5cucZ9KJTNnxnWJd,Joined at the Ass,Cattle Decapitation,11,81160,0,0.411,0.906,1,-11.763,1,0.159,1.87e-06,0.957,0.0755,0.321,122.028,4,0
03GMatroCPlFP7NsxO7FpJ,Terminei Mal Terminado - Ao Vivo,Henrique & Juliano,50,152182,0,0.496,0.7,9,-5.511,1,0.0604,0.623,0.0,0.763,0.485,122.679,4,0
3ArvrXVP9QRUmKWRqzNYjO,till death frees me,Zevia,57,166312,0,0.604,0.122,10,-11.408,1,0.0676,0.917,0.0,0.114,0.135,140.451,4,0
7H3mfOvtPNA8YDF3EdKy0L,Tum Hi Ho Bandhu,Neeraj Shridhar;Kavita Seth,71,283693,0,0.715,0.89,11,-5.438,0,0.051,0.00111,0.000837,0.0297,0.891,134.994,4,1
7xgfSlAPUouBAquQZkAUdq,Blindfold,Morcheeba,52,278679,0,0.572,0.738,7,-6.738,1,0.0348,0.0281,0.0274,0.0555,0.215,161.949,4,0
1NNAkE5eukjQpFbZ0DkTmL,Ностальгия,Igor Talkov,8,324310,0,0.503,0.405,7,-13.706,0,0.0416,0.371,0.000873,0.15,0.419,129.0,3,0
60xdLXU4rTPmPTPrfelJDf,I Refuse To Smile,Mandrill,18,247760,0,0.544,0.697,4,-7.36,0,0.0323,0.205,0.000121,0.193,0.654,87.557,4,0
7y0dIfW4iEaNjTOEvYQzlD,Let Me Go,Eternate;DEATH CODE;Drean,0,255843,0,0.453,0.778,1,-5.626,0,0.0367,0.00033,0.0,0.122,0.133,159.676,4,0
5UbJVD4o55Pjqo2505gidh,Artwork,Art Of Fighters,23,189086,1,0.371,0.982,8,-5.886,1,0.512,0.359,0.543,0.065,0.0785,168.934,4,0
1TsBTEIa4jJD7tgD3j6C40,Rescuer (Good News),Rend Collective,56,208800,0,0.494,0.72,7,-5.093,1,0.0568,0.398,0.0,0.341,0.553,152.049,4,0
06fRsW6JDm7WPQWrmrMak2,In A Minute,Lil Baby,0,200470,1,0.643,0.605,4,-5.968,0,0.297,0.0336,0.0,0.112,0.145,84.216,4,0
29CmkuEI5pZkeuxbC607Bc,Silence,Chronic Law,28,175490,1,0.451,0.471,3,-12.27,1,0.305,0.69,0.000524,0.131,0.389,185.567,4,0
01p5s1IbneueexPka3Px3O,Coração Satânico - Ao Vivo,Charlie Brown Jr.;Marcelo Nova,43,271533,0,0.284,0.937,2,-4.411,1,0.164,0.00102,0.0,0.934,0.288,181.937,4,0
1f0FYo2ou3wnQwnBfnXxzE,Paixão Além Do Querer / Quem Vai Chorar Sou Eu - Ao Vivo,Diogo Nogueira;Zeca Pagodinho,38,241257,0,0.481,0.725,9,-6.621,1,0.0338,0.736,0.0,0.208,0.815,94.909,4,0
4DpgPdsES4Hxdz3eqOP3Ac,Riod,Juan Atkins;Moritz Von Oswald,28,554692,0,0.815,0.396,1,-16.94,1,0.176,0.215,0.884,0.108,0.28,128.046,4,0
2us9GwHgsMdb1ZJnrZiojq,Ich Bin Dein Co-Pilot 2010 - Radio Edit,Matthias Carras,30,189873,0,0.692,0.955,9,-3.809,1,0.0418,0.195,0.0,0.134,0.891,132.006,4,0
3kZBV0oGGHYvHIDkNOW8tN,double flat,Rei Harakami,15,312026,0,0.671,0.686,0,-11.221,1,0.0475,0.00306,0.851,0.112,0.708,143.977,4,0
2bHGHbsFmjQdmdE7hZSKr6,Freedom,Stephan Jolk,45,240000,0,0.626,0.665,7,-10.134,0,0.0574,0.00775,0.756,0.0811,0.0327,125.009,4,0
5qNlMrawQu9DeWErxDeKZA,Sigo Extrañándote,J Balvin,0,201280,0,0.896,0.859,11,-4.232,0,0.21,0.154,0.000109,0.212,0.938,93.016,4,0
2FKj5mDKGQxwyouzfFhO5Z,Sleepy Time,Jeff Mills,12,187706,0,0.669,0.67,10,-12.287,0,0.0478,0.85,0.85,0.106,0.739,113.692,4,0
2AEnt9lLKW8BU2OPSvTCyg,上弦月,Andy Hui,18,225266,0,0.68,0.312,5,-10.804,1,0.0294,0.816,0.0,0.082,0.298,111.219,4,0
1ryUAnJ3gPNtw85hwiVA7Z,FOOL'S GOLD,Aries,50,149843,0,0.662,0.525,6,-8.546,0,0.0341,0.281,0.0,0.199,0.577,133.937,4,0
6eRPYyh1EPRqDhgb3Nardw,Spirit of Life,Blackmill,49,375433,0,0.537,0.596,5,-8.481,0,0.0343,0.276,0.77,0.358,0.109,140.026,4,0
21tKhyz5X836v1Z33yLpTB,Karma Chameleon - Remastered 2002,Culture Club,0,256200,0,0.631,0.867,10,-2.207,1,0.036,0.237,0.0,0.12,0.916,92.136,4,0
2pahOrjr32LVOBfrpZIeoY,No Existes,Soda Stereo,41,283680,0,0.421,0.858,10,-4.881,1,0.0574,0.0117,0.000458,0.192,0.411,79.868,4,0
6fGh3jzYtgX40vC7tS3pvu,She Doesn't Mind - DJ Laszlo Radio Edit,Sean Paul,35,250115,0,0.714,0.924,7,-4.227,1,0.0639,0.00722,0.000324,0.0368,0.592,129.035,4,0
7xosrLdKPAsyfJYJh79Cle,Als du gingst,Zate,37,216600,0,0.572,0.552,2,-9.699,1,0.123,0.557,0.0,0.0614,0.231,122.656,4,0
3po0bTgwYIsUIiYPGSJUZr,Hank Hill,Upchurch,50,167979,1,0.786,0.798,7,-6.777,1,0.268,0.0579,0.0,0.247,0.714,89.997,4,0
4GrowvVL3xpUgfnXj6mVRH,Jogi,Yasser Desai;Aakanksha Sharma,67,273188,0,0.651,0.562,9,-5.787,1,0.0302,0.601,0.0,0.121,0.607,81.029,4,0
1MFASTOgDmN4AdjC6aPX3b,One Summer's Day,Smyang Piano,50,168168,0,0.686,0.228,0,-18.453,1,0.0494,0.97,0.937,0.0745,0.0968,139.934,4,0
4u6uGhLXJuone2YjwHKNWX,Love On The Concrete,The Red Chord,13,177880,0,0.416,0.912,10,-5.188,1,0.133,4.42e-05,3.73e-05,0.0826,0.352,115.611,4,0
7m3fDut2mWwaPDQHl2gbU6,Amistades de Tierra Adentro,Almafuerte,24,197000,0,0.289,0.978,11,-4.042,0,0.117,1.6e-05,0.0,0.0859,0.319,158.696,4,0
4i8tGFpo5YQBYyJLQZlh1V,Machines of the Subconscious,The Future Sound Of London,14,176804,0,0.755,0.41,8,-16.203,1,0.0399,0.211,0.841,0.124,0.505,148.026,4,0
1ZfR22scC0K8SMTAlJAZkB,Dark Center of the Universe,Pickin' On Series;Iron Horse,22,231546,0,0.615,0.931,9,-7.613,1,0.0393,0.0414,0.000247,0.0973,0.787,119.462,4,0
3pHpV3pa96s4vuBP7sQq0V,Is This Love - 2018 Remaster,Whitesnake,69,284496,0,0.263,0.759,0,-7.288,1,0.0431,0.0555,0.0,0.231,0.429,179.904,4,0
6ix68x3LqXv1teM1doynXU,Maari Gethu,Yuvan Shankar Raja;Dhanush;Chinna Ponnu;V.M. Mahalingam,44,226297,0,0.719,0.817,0,-8.511,1,0.0656,0.157,0.00509,0.483,0.645,92.444,4,0
6blHj7Ow8CSV7frB0n7ncY,No More Lonely Nights,John Pizzarelli,24,307360,0,0.543,0.336,9,-10.701,0,0.0371,0.824,0.0472,0.117,0.292,98.955,4,0
64GiAzZ9JmoBfDxmDTAkBW,Kill Dem,Vybz Kartel,25,161013,0,0.608,0.707,11,-9.369,0,0.266,0.204,0.0,0.362,0.472,112.119,3,0
7CX8mBRemEzscIgLgzqK7d,Mistletoe,Justin Bieber,0,183066,0,0.623,0.668,6,-7.282,0,0.0531,0.475,0.0,0.0862,0.823,161.948,4,0
2epjjOlDk4NrSMPtCvPkSc,Guia-me,Isadora Pompeo,41,248062,0,0.596,0.464,4,-7.512,1,0.027,0.43,0.0,0.109,0.237,115.051,4,0
07VPMBxEAw8opd21Voa6Rv,MajiでKoiする5秒前,Ryoko Hirosue,38,265026,0,0.694,0.912,0,-3.619,1,0.0297,0.073,0.0,0.0406,0.793,103.966,4,0
2o00edfZxmZ1v8NzwKB8rA,Tere Siva Jag Mein,Pritam;Shilpa Rao;Darshan Raval;Shashwat Singh;Charan,53,206089,0,0.722,0.821,5,-5.325,1,0.0567,0.0528,3.8e-05,0.196,0.752,121.993,4,0
57STxTnU6IFigeip8MxBJC,Feleğin Çemberine 40 Kurşun,Saian,40,193104,0,0.744,0.785,8,-7.417,1,0.36,0.11,4.87e-06,0.0989,0.732,87.952,4,0
4dCrW7sO0ZaFTziu4ZwCAu,Sacar la Basura,Los Ex,35,162200,0,0.617,0.948,11,-4.069,0,0.085,0.208,0.0,0.865,0.467,114.689,4,0
1itG2L5fjV1Ei958Cd6UjL,On Being a Slave,Anaal Nathrakh,18,339625,0,0.273,0.792,5,-3.315,1,0.0864,1.4e-05,0.885,0.709,0.16,120.035,4,0
1Bpx2MCQg7ZPDtqItp5KV3,Tickler,Ron White,23,65920,1,0.587,0.406,10,-18.515,1,0.927,0.919,0.0,0.751,0.48,123.621,1,0
6loiMQcxvepOgfASkYH38J,Reel Out,Beenie Man;Mr. Vegas;T.O.K,20,222145,0,0.481,0.401,1,-14.62,1,0.338,0.0465,0.0,0.129,0.541,180.549,1,0
4O0sPAqzasrIPPuDDrlM3r,Convaleciente,Inspector,36,206694,0,0.713,0.812,9,-3.579,0,0.0402,0.195,2.13e-06,0.0785,0.93,146.015,4,0
7G3X5j8V4d9kcdmC4t7rN1,Bitter For Sweet,Blaqk Audio,21,369800,0,0.586,0.865,9,-5.987,0,0.0588,0.361,0.000464,0.0919,0.148,120.0,4,0
2ajUPNJCu8TAST7Rgh1DJY,Dilema,D’MASIV,32,232933,0,0.591,0.411,9,-6.597,1,0.0238,0.522,4.91e-06,0.0926,0.601,105.021,3,0
0RAKF0lg3EvPQAKHMnsqO2,Masih Ada,Dian Pramana Poetra;Deddy Dhukun,39,240946,0,0.335,0.376,7,-8.329,0,0.0328,0.558,0.000104,0.172,0.268,121.225,4,0
7ho8AmAGyByBomWJPwThKX,Sweet Home Alabama,Lynyrd Skynyrd,2,285373,0,0.614,0.724,7,-7.521,1,0.0247,0.217,0.000256,0.146,0.902,97.863,4,0
4KcNupwVIuM2AOoiKdgpRf,Mourn,Sentenced,45,284133,0,0.447,0.556,4,-8.112,0,0.0306,0.0355,0.894,0.0937,0.13,130.042,4,0
5FRIaaCcAlC3GBjqYkVBbm,Dreamcatcher,Bahramji;Maneesh de Moor,50,462493,0,0.753,0.267,4,-12.078,0,0.0602,0.363,0.55,0.122,0.0554,129.985,4,0
5trRvKzwCDZ5yNsHzI40YI,Cuadros Dentro De Cuadros - Acustico,Catupecu Machu,0,211208,0,0.587,0.419,11,-9.067,1,0.0992,0.624,0.0,0.291,0.607,129.543,4,0
3rYDr4Lr3a6WoUPDAMmInV,Invisible Man - Electro Remix,Ashbury Heights,20,216600,0,0.572,0.953,0,-3.634,0,0.0608,0.00588,0.151,0.303,0.912,127.089,4,0
6CxfaUiVzPPjxtyDwjiH6q,Return to Air,Bonobo,41,302542,0,0.731,0.671,4,-9.307,0,0.0504,0.213,0.182,0.143,0.055,100.012,4,0
70rQq4iMDKjX8UlG7QlHUa,X ÚLTIMA VEZ,Daddy Yankee;Bad Bunny,2,192477,1,0.812,0.855,7,-3.725,1,0.0554,0.0789,0.000167,0.108,0.573,90.04,4,0
4PJndg0ihTMvqXYtqk0smJ,Together,Moliy;Juls,7,114672,0,0.969,0.344,5,-11.164,1,0.12,0.726,0.000514,0.261,0.923,126.975,4,0
4ezDg7oxLnwj53tSi3AIoN,Picasso,Saxity,27,251428,0,0.563,0.548,8,-9.317,0,0.028,0.315,0.906,0.127,0.442,104.993,4,0
6c3fEqmGtRWXaqANTlwV4o,I Love... - LIVE,Official HIGE DANdism,23,356493,0,0.382,0.86,9,-6.344,1,0.0763,0.0402,0.0,0.736,0.218,171.911,4,0
7yUMIsz2sdCw17EJz9O8z5,Konik Na Biegunach - Live,Urszula,29,281849,0,0.566,0.919,8,-4.296,1,0.0999,0.0317,0.0,0.47,0.661,126.039,4,0
3m61Zd7H594g7hyC3WiWPI,Decida,Milionário & José Rico,47,254786,0,0.417,0.559,2,-6.008,1,0.0384,0.619,0.0,0.24,0.601,159.294,3,0
0yx5NqfsUHUqkcPSyRiGa5,Sunny drop,Novelbright,1,243506,0,0.483,0.917,6,-1.411,1,0.0397,0.00146,0.0,0.152,0.568,100.06,4,0
5Gs6NY7QTgEq77V3DtPagv,Unstoppable Now,The Phantoms,44,221576,0,0.64,0.791,6,-5.342,1,0.0647,0.000627,0.0636,0.0802,0.311,129.997,4,0
2xnlCGTDKbnnVe9sf85RXy,Smoke Ya Later,The Acacia Strain,24,250693,0,0.276,0.934,6,-5.371,1,0.0716,6.41e-05,0.00219,0.297,0.307,137.128,4,0
3FOR2dT87P5utTulsvpwDr,Release,Piano Peace,27,207625,0,0.26,0.0138,6,-29.226,1,0.0389,0.989,0.93,0.0964,0.0759,69.843,3,0
5muVpPu8Fj9fXfDbbqDdrZ,Love Buzz,Nirvana,65,215203,0,0.479,0.865,5,-8.281,0,0.0339,3.1e-05,0.228,0.182,0.77,137.902,4,0
4ScKb8Z2h4UVxeFTFp1f6I,Point Of No Return,Pappenheimer,20,340869,0,0.589,0.899,11,-7.29,0,0.0458,0.000553,0.845,0.122,0.28,138.027,4,0
27iksNpaur1CcH0w8703by,Shinzo wo Sasageyo! - TV Size,Linked Horizon,61,90000,0,0.435,0.953,0,-5.327,1,0.0423,0.246,0.0,0.123,0.612,79.959,4,0
3DlDjARjuTlDaJ7TU1UNtM,Nightside,Witchery,17,237800,0,0.422,0.811,0,-6.974,1,0.0429,0.0102,0.0374,0.0781,0.212,135.832,4,0
7coGhA3MmrmiOuboH32qSY,Nandemonaiya - English Version,RADWIMPS,42,342453,0,0.494,0.464,6,-5.747,1,0.0315,0.153,0.0,0.354,0.471,167.882,4,0
1ziKQL2UBLKnKFHHuIiQwL,Horizontal,Ponto Nulo no Céu,32,216768,0,0.557,0.944,10,-4.04,0,0.08,0.000845,6.28e-06,0.413,0.729,140.04,4,0
4iFPsNzNV7V9KJgcOX7TEO,Tu Jaane Na,Atif Aslam;Pritam,72,341933,0,0.702,0.86,7,-3.969,1,0.0345,0.361,1.33e-06,0.133,0.829,120.042,4,1
3YBZIN3rekqsKxbJc9FZko,Paradise City,Guns N' Roses,79,405640,1,0.273,0.952,11,-8.762,1,0.0843,0.0169,0.0111,0.142,0.472,100.271,4,1
41Q87dXXetURXvHWQb3Yuo,Tuyo siempre,Andrés Calamaro,45,194173,0,0.579,0.648,4,-6.624,0,0.0533,0.247,8.64e-06,0.211,0.74,68.467,4,0
3BIzHNxAQbRTY4LCp1oMR1,Tesselation,Mild High Club,60,152824,0,0.667,0.407,9,-9.467,1,0.0323,0.138,0.118,0.0961,0.551,73.998,4,0
2X06Dtn2M8xjRzw35mdU4C,Confucius,The Skatalites,26,359000,0,0.769,0.647,8,-8.527,1,0.0475,0.157,0.654,0.145,0.733,137.058,4,0
1OElIWbHrqlzyz5PlPGB6W,Pontes Indestrutíveis - Versão Acústica,Charlie Brown Jr.,35,247853,0,0.753,0.469,2,-13.787,0,0.0767,0.278,3.68e-06,0.161,0.577,153.04,4,0
10hMM5nsZQf66ldBlgWBfG,All For Us - from the HBO Original Series Euphoria,Labrinth;Zendaya,76,192986,0,0.348,0.652,3,-7.145,1,0.0931,0.0165,0.000264,0.33,0.172,70.956,4,1
6mDWvF0ewkcTtu78sfc5lX,Sinetron Sucks,Noxa,28,98826,1,0.313,0.981,2,-3.922,1,0.0921,2.19e-05,0.971,0.153,0.149,120.1,1,0
0nQW6y0Zat25RMPsDamqq1,Não Foi a Toa,RDN;Suel;Ferrugem,36,100449,0,0.54,0.506,7,-7.046,1,0.0576,0.29,0.0,0.792,0.618,85.754,4,0
4Bm9mh2IiaMU77PuIqIvsR,No Estés Triste,2 minutos,43,226041,0,0.572,0.958,0,-5.136,1,0.0709,0.00818,9.75e-06,0.394,0.36,99.963,4,0
6eZ9EhaBzlqSehWEdMAIeZ,Pra Não Chorar um Dia,Pablo,40,231093,0,0.692,0.603,7,-8.056,1,0.0308,0.335,0.0,0.6,0.66,131.856,4,0
1gpKOLsFDK1Gga7wnDcNwT,Prohibidox,Feid,0,166253,0,0.647,0.801,1,-2.946,0,0.249,0.0451,0.0,0.0628,0.517,180.108,4,0
3q0VwPWeb3UGR1Ij4oTXWk,陰天,Karen Mok,47,242293,0,0.72,0.529,10,-8.928,1,0.0406,0.559,2.1e-05,0.163,0.267,133.967,4,0
3uwnnTQcHM1rDqSfA4gQNz,Cool for the Summer,Demi Lovato,81,214739,1,0.583,0.61,5,-5.639,0,0.0382,0.00425,0.000105,0.14,0.336,114.06,4,1
1TRdUF2oyYENzeX30yQtwM,Tus Promesas de Amor,Virginia Lopez,38,159440,0,0.596,0.807,7,-5.319,1,0.0435,0.447,0.0,0.534,0.804,111.445,4,0
6quygE0BQuMUY861Crte1N,Mooskaan,Sajjan Raj Vaidya,50,303529,0,0.623,0.22,2,-16.672,1,0.0423,0.813,5.8e-05,0.107,0.475,136.007,4,0
2QGuFhaQDrGKqtkOgItDJS,Zoio De Lula - Ao Vivo,Charlie Brown Jr.,55,224973,0,0.632,0.866,1,-5.445,0,0.0488,0.0556,5.75e-06,0.518,0.835,87.785,4,0
1GbVo45KvYX3chroJggkIx,Oops,Martin Garrix,46,232509,0,0.618,0.535,1,-6.941,1,0.0421,0.00115,0.0,0.377,0.154,128.022,4,0
7mGM85r9ObS1UsZF9bVaS8,Um Minuto,Exaltasamba,47,199480,0,0.643,0.905,2,-8.215,1,0.0476,0.551,0.0,0.828,0.892,90.059,4,0
0TrTgrUMCL0pMiGtngrUS6,Falling Down,40 Below Summer,25,267613,0,0.341,0.893,11,-4.896,1,0.102,0.00136,1.72e-05,0.0671,0.463,103.782,4,0
7MbfpPG4oVcnyIulMKBkCK,Ojos De Video Tape,Charly García,0,217853,0,0.477,0.459,5,-10.214,1,0.0261,0.715,0.000742,0.228,0.326,105.541,4,0
3RO0U62c7bMxszdLDd3NXi,Little Saint Nick - 1991 Remix,The Beach Boys,0,118840,0,0.602,0.553,11,-9.336,1,0.0328,0.108,0.0,0.0512,0.971,130.594,4,0
5GCfGYBzhQ2szULHf8wJYm,曖昧,Faye Wong,49,280666,0,0.294,0.467,0,-8.776,0,0.0328,0.312,0.0,0.431,0.322,207.724,4,0
1GCxIjVR5mYOXU0lpY7YZw,My Humps,Joshwa;Lee Foss,0,186124,0,0.862,0.79,4,-8.412,0,0.0672,0.0418,0.00615,0.0746,0.587,129.005,4,0
5fLunXV4vxS9HDpnUFS1za,No Te Va,Joey Montana;Lalo Ebratt,0,204880,0,0.844,0.934,7,-1.223,0,0.078,0.17,0.000121,0.134,0.647,96.983,4,0
0LLAn8CfkDPvzcGpXiqGqh,Watching Windows - DJ Die Gnarly Vocal Mix,Roni Size;Reprazent;DJ Die,18,457746,0,0.634,0.794,7,-4.337,1,0.0415,0.0192,0.708,0.0741,0.205,169.879,4,0
2IuQINZo9v31DKccEGedoI,"Verdi: Il trovatore, Act 4: ""D'amor sull'ali rosee"" (Leonora)","Giuseppe Verdi;Maria Callas;Herbert von Karajan;Orchestra Del Teatro Alla Scala, Milano",21,247920,0,0.226,0.0992,8,-16.949,1,0.0468,0.987,0.00366,0.11,0.0395,72.791,4,0
6f2AaCWRNZwTsV6ruoy6FH,Savane,Luther,37,165917,1,0.726,0.587,5,-9.899,0,0.271,0.149,0.0,0.171,0.432,160.091,4,0
5uc8qnreoDC8ZxVZ8EjZRc,"I Put A Spell On You (Fifty Shades of Grey) - From ""Fifty Shades Of Grey"" Soundtrack",Annie Lennox,0,210520,0,0.563,0.383,2,-7.544,0,0.0322,0.283,2.59e-06,0.127,0.358,173.98,3,0
0qc4QlcCxVTGyShurEv1UU,Post Malone (feat. RANI),Sam Feldt;RANI,68,174444,0,0.59,0.642,7,-3.87,1,0.122,0.0771,0.0,0.105,0.651,107.356,4,0
7A0wK3WqG1SpS3Gle8fWd1,"Mariana, parte minha",Sem Compromisso,42,159693,0,0.468,0.94,0,-5.654,0,0.085,0.302,0.0,0.971,0.757,108.338,4,0
619gFMxhEtuhCpRHStYsnz,Drunk Tweets,The Lawrence Arms,23,84680,0,0.538,0.95,0,-6.607,1,0.0527,0.000697,0.0,0.963,0.802,109.796,4,0
1jcW6AjFWRyfnTXwLlMMlJ,李白,Ronghao Li,54,274920,0,0.81,0.543,0,-12.257,1,0.03,0.79,5.67e-05,0.145,0.823,114.934,4,0
7K0pKyU2oYG8TJHXXyEHGy,Be There,Krewella,41,198822,0,0.583,0.722,6,-4.478,1,0.0322,0.093,9.03e-06,0.359,0.272,145.026,4,0
67ro5CI8btmAJsYfYKvM29,Never Never,The Libertines,52,147133,0,0.688,0.802,11,-4.321,1,0.0683,0.000384,0.0008,0.0652,0.649,111.63,4,0
5VLNgfTtg05eImDhEsvSGs,Mercy,T. Power,19,284746,0,0.506,0.951,11,-3.285,0,0.19,0.000481,0.0239,0.097,0.277,179.931,4,0
2gfYscb8H4AdO2agwzXVKr,I've Gotta Get A Message to You,Bobby Osborne;Alison Brown;Claire Lynch;Rob Ickes;Sierra Hull;Stuart Duncan;Trey Hensley,23,278540,0,0.664,0.695,0,-9.387,1,0.0308,0.454,0.0403,0.37,0.887,120.985,4,0
60aZLJIMN4SuSp2Qj4Oyx2,Tão Na Sua - Ao Vivo,Douglas & Vinicius,38,168193,0,0.682,0.852,5,-4.585,1,0.0629,0.249,0.0,0.892,0.571,125.772,4,0
0Q2gbUVIIOacwCpISsQGn1,"Всё, что было",Kvatro,6,236871,0,0.306,0.588,10,-7.373,0,0.0625,0.495,0.0,0.178,0.542,76.063,4,0
476V2d6iA2tWXgQboKmTtA,Father And Son,Yusuf / Cat Stevens,73,221120,0,0.495,0.326,7,-12.29,1,0.0365,0.541,8.85e-05,0.0996,0.371,136.243,4,1
4wvWYclqqrSK8FPntPRA6G,The Alphabet Song (ABC Song),Kids Songs Rule!,48,57585,0,0.839,0.389,6,-6.429,0,0.0736,0.352,0.0,0.097,0.735,119.981,4,0
68zhLiVF3gEKnmgtfCCsen,"Merry Christmas, Baby [take 1] - Take 1",Otis Redding,0,152933,0,0.746,0.458,11,-8.844,1,0.0312,0.0631,0.0,0.167,0.942,100.429,4,0
2bEyt6qhJkrWwKueiHTF99,Agenda - Ao Vivo,Leci Brandao;Grupo ÉD+,37,254586,0,0.422,0.903,11,-3.443,1,0.0413,0.302,0.0,0.754,0.649,84.193,4,0
2O9O26335YYVckmRgPKY3s,Alive,Empire of the Sun,65,204546,0,0.524,0.882,5,-3.038,1,0.0367,0.108,1.1e-06,0.071,0.399,119.94,4,0
5YaqbhEmoxSpIbdBTPG6KQ,The Veldt,deadmau5;Chris James,48,521891,0,0.739,0.599,9,-10.002,1,0.0335,0.158,0.393,0.0679,0.318,128.03,4,0
75CAWvWD9ATXlcPHhD7qp9,Lll - Ben Böhmer Remix,Stephan Bodzin;Ben Böhmer,38,392404,0,0.57,0.681,8,-11.716,0,0.0365,0.33,0.862,0.108,0.25,124.002,4,0
7mCs2Eai4oIX9q4SNJirjo,Chega de Saudade,Toquinho,40,152880,0,0.66,0.543,11,-12.914,0,0.0457,0.628,0.0135,0.0834,0.423,86.994,4,0
23bpCCVsTUKviTEfoy4tbM,Idhayathai Yedho Ondru,Harris Jayaraj;Chinmayi,57,235391,0,0.721,0.496,4,-8.063,1,0.0508,0.845,0.0,0.11,0.217,131.969,3,0
7GPKkJbfSduDWyoVvuaGq9,Strange Fruit,Nina Simone,1,209578,0,0.445,0.0553,11,-10.806,0,0.053,0.938,0.0,0.0865,0.22,87.228,1,0
16168M9xvIA5FqGlurQfsv,Baari Barsi,Salim–Sulaiman;Harshdeep Kaur;Labh Janjua;Amitabh Bhattacharya,43,282697,0,0.668,0.596,1,-10.061,0,0.204,0.105,5.43e-06,0.318,0.786,109.947,4,0
42WpwYm7DYxbbVbUO35LUX,May Be,Yiruma,53,240533,0,0.467,0.124,1,-22.377,1,0.0516,0.992,0.879,0.0912,0.123,112.598,4,0
4wrBDkZ0ntiBdu7hpHSuAG,I Want To Come Home For Christmas - SaLaAM ReMi Remix,Marvin Gaye;Salaam Remi,0,299829,0,0.288,0.675,6,-4.514,0,0.0577,0.0741,0.0,0.527,0.337,179.475,3,0
2VCBznqS9pHibDerZgZNoO,Seu Astral - Ao Vivo,Jorge & Mateus,45,198749,0,0.49,0.923,11,-3.774,0,0.0722,0.251,8.52e-06,0.982,0.703,137.903,4,0
3FG44adkUaqTJr8N8ObzxV,Vishnu <3,Peter Cat Recording Co.,40,265453,0,0.415,0.219,11,-13.636,0,0.0475,0.36,0.288,0.203,0.0516,114.203,4,0
4XcxgZSriCYamtIA7BgT7V,BTBT,B.I;Soulja Boy;DeVita,69,219549,0,0.766,0.664,9,-6.932,0,0.177,0.334,0.0,0.115,0.509,109.946,4,0
6lLFoPjzGTSNr3m0IZfJqp,The Bells of Notre Dame,David Ogden Stiers;Tony Jay;Paul Kandel;Chorus - The Hunchback Of Notre Dame,19,382666,0,0.362,0.222,2,-18.202,0,0.0622,0.842,6.91e-06,0.643,0.266,72.805,4,0
7wRmKBCJ8gupcDydBB0XVS,Naar De Hel,Jebroer,21,185200,1,0.699,0.707,7,-5.592,1,0.0452,0.00792,2.72e-05,0.0699,0.187,150.036,4,0
2wrthwkXNBuyKWd3chV33u,"Night Fever - From ""Saturday Night Fever"" Soundtrack",Bee Gees,0,212800,0,0.726,0.779,1,-7.057,0,0.0251,0.0178,0.00178,0.104,0.841,109.133,4,0
4TuolvR6umOx58y53a9Vak,Ich mag kein Alkohol,Feine Sahne Fischfilet,37,215718,0,0.406,0.966,2,-3.515,0,0.0768,0.00113,0.0,0.0714,0.497,171.966,4,0
00J8yszzb5PR6ZIvSBtg0Y,You Never Know,BLACKPINK,66,229201,0,0.527,0.462,5,-5.504,1,0.0494,0.227,0.0,0.164,0.334,144.573,4,0
2a9PQ4QZSyshworACYBA0u,Las hermanas pelean,Germaine Franco,23,77933,0,0.582,0.142,0,-16.699,1,0.038,0.868,0.903,0.114,0.179,97.029,4,0
6UU4YtTESGEJijifUjCKdy,Golpe a Golpe,Horcas,24,221453,1,0.453,0.95,2,-7.697,1,0.102,6.22e-05,0.00037,0.348,0.24,144.913,4,0
13bdSVP2YguoHwN4BIFnOT,Always Will Be,HammerFall,49,289560,0,0.494,0.437,11,-9.18,1,0.0265,0.15,0.0,0.109,0.304,133.879,4,0
0ZVlFLp6Yl9nHhAcqMzmS9,Give It To Me Baby,Rick James,0,248626,0,0.693,0.77,11,-6.98,1,0.0762,0.0127,0.000613,0.0655,0.883,119.533,4,0
0GyQ8MCMcla38fjfBZ5y7Y,Vampiregirl,9mm Parabellum Bullet,1,191786,0,0.378,0.934,11,-3.702,0,0.107,0.0013,0.0149,0.322,0.602,159.829,4,0
5MN4Z7ZCqfL0XMKsmR3l8o,Agamamou,Art Popular,41,236520,0,0.753,0.888,4,-6.049,0,0.0984,0.629,0.0,0.531,0.648,100.034,4,0
22Dglcz1VwyXTCEBt6PIdG,不是我不明白,Fish Leong;Crowd Lu,51,281573,0,0.625,0.341,7,-6.949,1,0.0291,0.796,0.0,0.0764,0.199,130.127,4,0
5mY3UCVhLzKlOmLvKEWKgj,Was einmal war das kommt nie wieder,Jürgen Drews,0,190847,0,0.659,0.975,5,-2.704,1,0.0356,0.0295,0.0,0.254,0.768,130.012,4,0
15zQwrNlaEAZRcqi1PVEaw,Le Gusta,Filip Mota,31,191489,0,0.672,0.691,8,-4.546,0,0.195,0.276,0.0,0.138,0.812,93.567,4,0
21HfdERaOGBeHWf06igIzs,Tujhse Mehka,Prashant Soni,38,158117,0,0.494,0.419,11,-9.345,1,0.0333,0.626,4.39e-06,0.178,0.373,84.608,4,0
6IBcJbetgmkM0tLna5rq1q,Bloodstream,twocolors,0,180619,0,0.586,0.715,11,-5.962,0,0.159,0.013,1.15e-06,0.54,0.59,120.971,4,0
7ywbvFsilDcWyGwZWGdxmK,salmo 139,Purples,30,291000,0,0.436,0.755,8,-6.447,1,0.0835,0.314,0.0,0.113,0.505,93.02,4,0
4sebUbjqbcgDSwG6PbSGI0,Come a Little Closer,Cage The Elephant,74,229346,0,0.44,0.778,1,-1.786,0,0.0327,0.0265,1.04e-06,0.151,0.304,148.038,4,1
3VSQJhXdcJZOLyTLPbmxDr,Clarion - Kiasmos Remix,Ben Lukas Boysen;Kiasmos,44,343278,0,0.609,0.651,6,-14.3,0,0.0419,0.509,0.837,0.107,0.195,122.014,4,0
7cT99a1NDf5NZE7apkm1mu,It's Christmas,Jamie Cullum,0,194706,0,0.598,0.447,8,-7.932,1,0.0404,0.224,0.0,0.0704,0.365,123.855,4,0
7gG236x66Jq6AYSP0jW8k0,God Put A Smile Upon Your Face,Sweet Little Band,36,169226,0,0.546,0.257,9,-14.826,1,0.0298,0.932,0.886,0.131,0.0965,126.129,4,0
1HUONmrq0euHYmiIrmYqPq,Hope,XXXTENTACION,33,110886,1,0.598,0.457,9,-6.081,0,0.0602,0.661,0.000331,0.146,0.225,146.052,4,0
2pAkvdCFORWTiFJHVjojdC,Upside Down,Paloma Faith,56,189186,0,0.618,0.842,9,-4.384,0,0.0772,0.0452,0.000216,0.0737,0.734,175.989,4,0
6aohbLHV7VC1QcgwXPcwjO,José,Paulo Diniz,43,185800,0,0.667,0.372,9,-12.071,0,0.0568,0.732,0.0,0.128,0.551,129.197,4,0
61QSuw5VlC0LTS8WMO356g,All The Way Up (feat. Infared),Fat Joe;Remy Ma;French Montana;InfaRed,66,191942,1,0.536,0.721,10,-6.44,0,0.386,0.062,0.0,0.824,0.393,117.139,5,0
095nyFKlTwa9JIp9cVrHOF,Blast Off (feat. Pharrell Williams),Gesaffelstein;Pharrell Williams,49,215973,0,0.627,0.505,6,-12.659,1,0.0549,0.197,0.0149,0.0583,0.146,100.005,4,0
2Pg712fUtRTDii6O8Nt39a,Lost Horizon,Alphaxone,7,348821,0,0.0919,0.222,5,-30.436,1,0.0817,0.61,0.961,0.157,0.0484,88.0,4,0
15C4vddZCuFqVNwDCSUXdn,Fiddler's Dram / Whiskey Before Breakfast,Norman Blake,20,214000,0,0.422,0.419,10,-18.244,1,0.0464,0.831,0.766,0.263,0.972,114.252,4,0
5cLepYKVvnwoW0CflglNui,"The Virginia Company (Reprise) - From ""Pocahontas""/Soundtrack Version",Chorus - Pocahontas;Mel Gibson,23,35572,0,0.4,0.212,7,-17.638,1,0.0516,0.776,5.37e-06,0.185,0.597,181.803,4,0
0jJLwPDpyuZRpd800yScN0,Blurred,Kiasmos,50,305546,0,0.853,0.406,4,-11.658,1,0.0483,0.587,0.855,0.09,0.0825,122.009,3,0
2KezizwgtM5kC8ZQxcBf0T,O Seu Amor por Mim - Ao Vivo,Weslei Santos,47,362734,0,0.459,0.399,6,-9.954,1,0.0339,0.433,0.0,0.682,0.374,139.792,3,0
1MQG7HhFWHp71lxOUj9S51,You Broke Your Own Heart,Hank Williams,12,123760,0,0.398,0.356,2,-11.305,1,0.0306,0.989,2.22e-05,0.214,0.775,164.013,4,0
4wvrMJx6Y1Vc5ZZ2KR518W,Skate,Bruno Mars;Anderson .Paak;Silk Sonic,0,203122,0,0.708,0.598,5,-8.365,1,0.0291,0.037,0.0,0.17,0.698,112.027,4,0
6RmlwVOAFy5wRNqGiJZC6H,Minä tuun nelostietä,Jaska Mäkynen,32,177120,0,0.485,0.608,4,-7.177,0,0.0275,0.464,0.0,0.278,0.823,181.547,4,0
4EwSqnjnXCG7NqY08RRSKq,Where The Wild Things Are,Zeds Dead;ILLENIUM,50,299240,0,0.344,0.672,6,-5.888,0,0.0586,0.00877,1.04e-06,0.196,0.133,164.197,4,0
2dmQ9121BRJqzo6p4CLiMx,How I feel,Nabzy,38,193714,1,0.812,0.516,6,-10.386,0,0.377,0.0913,0.0,0.119,0.792,140.094,4,0
2EZy2nbJyUpIfPdbTyZbRO,Feelings,Ollie,50,202869,0,0.828,0.313,2,-10.054,1,0.0666,0.322,0.0,0.126,0.518,82.022,4,0
2byj1f7sfew1edzk5NrHoe,Super Freak,Rick James,0,204600,0,0.857,0.796,9,-6.866,0,0.0527,0.079,0.0,0.0503,0.944,132.528,4,0
1hqiUgSEsjZlpQPZ85I61N,Quinta-Feira,Charlie Brown Jr.,47,290200,0,0.724,0.646,11,-4.495,1,0.0658,0.0977,0.179,0.0647,0.824,143.674,4,0
1GW9HiviLL0kWgcKhzpfoE,Só Por Hoje,Gaab;MC Hariel,50,193422,0,0.624,0.337,11,-11.117,1,0.463,0.834,0.0,0.106,0.614,179.994,4,0
5lar0mCUejpILVkAz50s2J,Train food,XXXTENTACION,58,164082,1,0.492,0.712,9,-7.278,0,0.691,0.564,9.1e-05,0.357,0.23,137.453,3,0
1dUnlxfjj3PGcHTCiYvZf1,Union Man,Blue Highway,26,214840,0,0.553,0.567,0,-7.814,1,0.0294,0.262,5.69e-05,0.143,0.404,122.828,4,0
1asN0PoTPoBW2uoCHcpVzY,Casa do amor,Ferrugem,43,218456,0,0.633,0.636,9,-6.805,1,0.0413,0.497,0.0,0.168,0.548,123.908,4,0
7Bhs5TjC7FouUwrKVBdSpW,Black Gold,Flying Lotus;Thundercat,50,95973,0,0.412,0.916,8,-5.596,1,0.298,0.0234,0.826,0.408,0.464,86.115,4,0
2tTqRYug0P0AstbsXf8AOd,Three horses,Sergei Lemeshev,0,204878,1,0.408,0.166,11,-15.823,0,0.0562,0.941,0.0,0.327,0.39,104.8,3,0
2azALCaOh8XVnlk4eVCmbx,Someday At Christmas,Stevie Wonder,0,169293,0,0.325,0.536,5,-6.04,1,0.0323,0.614,0.0,0.251,0.218,101.483,4,0
7Kqr46BBaC5UOdnDkL65YG,The Apple,RaeLynn,0,213413,0,0.593,0.646,4,-5.251,1,0.0396,0.173,0.0,0.112,0.571,80.016,4,0
2NrxTwhqku87YfIPa2EcPF,Snowin' On Raton,Town Mountain,39,230746,0,0.565,0.208,10,-12.778,1,0.0323,0.823,5.14e-06,0.109,0.449,148.024,4,0
1Uv7heWWlrbpcyPhIVN3Pr,Honeybee,Mipso,23,201716,0,0.571,0.316,7,-9.215,1,0.0274,0.641,3.54e-06,0.153,0.512,92.115,4,0
51xCJIB6whswDNw6tdbF97,Welcome Back Devil,Shlømo,47,320917,0,0.595,0.96,10,-7.336,1,0.0675,0.00133,0.926,0.13,0.0999,144.023,3,0
51ShzPG95eEY7rARzuxehl,Just Dance - Maxtreme & Dropixx Mix,Empyre One;Maxtreme;DROPiXX,56,149913,0,0.657,0.944,1,-6.753,0,0.0552,0.0025,0.0,0.371,0.442,149.994,4,0
3c7zJGosiz8oYHwVez1UzG,Imperfect Timing,Blaine,38,197649,1,0.733,0.452,8,-9.27,0,0.155,0.668,0.0,0.0925,0.294,99.964,4,0
4G9XPPPqE2kOAdTNNNESsZ,Skip A Rope,George Jones,15,174146,0,0.661,0.531,7,-8.866,1,0.0351,0.731,0.0,0.103,0.621,138.988,4,0
0SlwcOEjRSEdkOD7DRcPvg,Blood Talks,Jordan Sandhu;Zikar Sandhu,58,188000,0,0.763,0.735,11,-3.9,0,0.185,0.154,0.0,0.391,0.532,89.967,4,0
45R2F2lLUgTPjReGCmwdNi,A Thousand Miles Ago,Kenny & Amanda Smith Band,21,180293,0,0.583,0.749,10,-6.92,1,0.0333,0.358,0.606,0.243,0.961,120.187,4,0
5l4BfhtIdieXJkfJsDYNER,Kærlighed,Laus Høybye;Krummerne,24,216133,0,0.687,0.252,2,-15.706,1,0.0304,0.267,0.0,0.0782,0.391,131.598,4,0
1EKNUMaRRxclLETULcps5s,Wonderful Christmastime,The Shins,0,146520,0,0.634,0.689,11,-5.406,1,0.0307,0.0109,0.0,0.114,0.899,140.071,4,0
5GDDF32NiahByKYUFPR9Z3,Epilog,Fiersa Besari,40,284247,0,0.643,0.4,7,-8.87,1,0.0325,0.355,0.0,0.0728,0.177,123.057,4,0
2EVZJ77JRXgrt8Mvt3jRa5,Rigoletto - Pari Siamo!,Piero Cappuccilli,19,232666,0,0.439,0.133,0,-15.374,1,0.0697,0.994,0.0129,0.347,0.0711,89.6,4,0
4ljZ7YR85Qh9zXdCdsUeYF,Pregur,CPM 22,35,112400,0,0.334,0.879,7,-6.921,1,0.0359,5.66e-06,0.016,0.0506,0.947,114.974,4,0
3GIhgMadHu26VHLEeXviGD,No.1,DISH//,53,232906,0,0.498,0.879,1,-4.3,1,0.057,0.0216,0.0,0.112,0.64,90.495,4,0
42ffsPSafzOh9OWlrGBYzY,Flashbacks,CRASPORE,52,282000,0,0.564,0.824,6,-4.803,1,0.0294,7.41e-05,0.92,0.122,0.229,80.004,4,0
6T7MAQCekVb3UnCykjX3BP,Disenchanted,My Chemical Romance,65,295000,0,0.343,0.692,2,-3.926,1,0.0355,0.00218,0.0,0.112,0.153,174.07,4,0
3wDqial0Fb4LQirrPNpqDh,Justo El 31,Julio Sosa,19,170906,0,0.496,0.418,0,-7.518,1,0.0417,0.902,0.0,0.111,0.791,119.487,4,0
4bayyxzcVfy6yE8UDTamjU,Hotel Hair Dryer - Non-Stationary,Deep Sleep Hair Dryers;Hair Dryers for Background Noise;Hair Dryer Collection,32,81548,0,0.0,0.999,7,-7.477,1,0.0,0.358,0.999,0.965,0.0,0.0,0,0
5hnzpC8Fp3BzDgaacxGItd,We Are a Family,Jack Hartmann,10,194320,0,0.731,0.515,0,-6.135,1,0.0344,0.757,0.000315,0.125,0.717,156.079,4,0
4RMURwDMQR8ppYYnR0Jdiz,Debede,Sumo,43,172253,0,0.704,0.773,4,-7.454,0,0.119,0.0238,9.82e-05,0.0868,0.791,114.714,4,0
2z89w2POOafemX8yVmaA21,Chains,Mr. Fingers;Ron Wilson,10,378549,0,0.815,0.681,11,-10.065,0,0.0693,8.43e-05,0.201,0.05,0.547,122.753,4,0
1k5YcZkESDSl6iJylkoOOK,All Around the World (La La La),R3HAB;A Touch Of Class,50,147840,0,0.733,0.859,9,-5.03,0,0.033,0.479,0.0645,0.105,0.52,124.948,4,0
6iTgzWuj97nE1NhyiMlJcF,Open Up - Skream Mix,Leftfield;Skream,18,455600,0,0.81,0.683,5,-7.73,0,0.0338,0.000313,0.578,0.103,0.0701,124.888,4,0
6az5WAcx20hzYkvSDOkj7n,Extraño - Versión Acústica,Miranda!,37,232672,0,0.731,0.567,7,-6.862,1,0.0376,0.779,2.51e-06,0.0726,0.818,118.001,4,0
3yPQrLnNIthn4I5wQ51X26,Distortion Sleep,Soilwork,55,225933,0,0.368,0.949,2,-6.178,1,0.141,7.76e-05,0.00429,0.0341,0.347,160.27,4,0
0Cro1lolgliyLKxGptK6RZ,Proibida Pra Mim,Zeca Baleiro,46,195000,0,0.65,0.361,7,-10.614,1,0.0328,0.722,0.0,0.097,0.54,132.839,4,0
6kZfjIUmJqQAosGKyOcOIk,"相愛很難 - 電影""男人四十""歌曲",Jacky Cheung;Anita Mui,52,223253,0,0.495,0.559,0,-8.888,1,0.047,0.613,0.0,0.141,0.322,134.508,4,0
5vOVMNYDam6F6jtemqnNX2,The Girl From Ipanema,Antônio Carlos Jobim;Frank Sinatra,0,200360,0,0.541,0.321,5,-14.418,1,0.0329,0.714,0.00345,0.101,0.549,133.537,4,0
5zqJlEJcn0EfnvAScH8swK,All You Need Is Love,The Beatles,53,226666,0,0.364,0.483,7,-8.22,1,0.0317,0.281,1.53e-06,0.113,0.7,102.967,4,0
769FKNYCb8aXyg5bYVAE7u,Berrylands Rd.,Yiruma,46,223000,0,0.435,0.0519,1,-21.756,1,0.0452,0.982,0.937,0.102,0.035,127.001,3,0
0s3DYFA62sx5dUfPPRucOR,Are You Lonesome Tonight?,Elvis Presley,49,186506,0,0.428,0.201,0,-12.399,1,0.044,0.917,0.000436,0.116,0.187,88.752,4,0
40L8OVaEpyF7KTRWTNvJGY,"Rudolph, The Red Nosed Reindeer",The Platters,0,112960,0,0.576,0.682,3,-4.212,1,0.0369,0.726,0.0,0.236,0.919,145.274,4,0
1ZncGj6fmxAvJka0i86ONx,La Tóxica,Mariah Angeliq,0,171280,1,0.536,0.723,6,-4.761,0,0.268,0.0149,7.78e-05,0.0952,0.724,91.761,4,0
2lLM66gVTrcgJHU4zOZJ64,Tojo - Remaster 2005,Hoodoo Gurus,32,201240,0,0.259,0.828,0,-3.894,1,0.0756,0.0101,1.82e-06,0.147,0.713,168.123,4,0
6nvbYcbL79UQ5VFKE0aeeq,In The Name Of Love - Recorded At Spotify Studios NYC,Kari Jobe,2,205738,0,0.675,0.375,6,-8.985,1,0.0452,0.542,2.5e-06,0.0951,0.187,134.023,4,0
3qrdLVOClRU4yPkcXZ7c5u,"Mere Liye Tum Kaafi Ho (From ""Shubh Mangal Zyada Saavdhan"")",Ayushmann Khurrana;Tanishk-Vayu,72,132158,0,0.701,0.638,6,-3.711,1,0.302,0.492,0.0,0.153,0.813,177.867,4,1
4Bf8V74IfPyObOehyJveKy,Between Walls of Glass,Mord'a'Stigmata,16,523351,0,0.248,0.534,6,-8.27,1,0.0523,0.0438,0.633,0.119,0.0357,113.97,4,0
0YwbtJsL5CMCnOJUxVJimu,無眠,Sodagreen,50,226453,0,0.46,0.29,11,-10.357,1,0.0318,0.904,0.0,0.103,0.371,143.899,4,0
1AnHrytA5dLlTpioOamUiG,Zero e Um,Dead Fish,40,129000,0,0.414,0.986,10,-2.777,0,0.129,0.00194,1.08e-06,0.376,0.273,106.016,4,0
6ZahaGPhyiXTi1pLEtGM6e,Sweet Little Lies,bülow,62,175066,1,0.648,0.727,0,-3.791,1,0.142,0.229,0.0,0.17,0.689,160.024,4,0
1T8IRUJBga0JXioJZvxjBR,Deutschland,Rammstein,60,322339,0,0.521,0.895,7,-5.242,1,0.0442,5.54e-05,0.349,0.0985,0.237,120.117,4,0
6YOOCjjIb0pBZXbJjYgUlP,Dancing With A Stranger,Sara Farell,43,188735,0,0.595,0.18,9,-11.391,1,0.0298,0.89,0.0,0.113,0.261,79.922,3,0
3OMIYDXn48Zbb29wRZzgsM,Der Baumgart Marsch - Made in Colonia,Lorenz Büffel,35,203285,0,0.422,0.93,7,-3.521,1,0.35,0.0163,0.0,0.251,0.636,133.179,3,0
1VXPKfgMIAn95PFK4TlyDD,La Fortaleza,Francisca Valenzuela,39,235800,0,0.737,0.684,4,-4.357,0,0.044,0.0161,0.00215,0.114,0.402,104.016,4,0
1xddmaN7Ivc2SQ940oBskZ,Heavenly Side,ILLENIUM;Matt Maeson,51,240000,0,0.442,0.748,2,-5.632,1,0.0538,0.0129,0.0,0.0917,0.191,134.176,4,0
4yf6kr6pFc26AzMkIoSs8A,Circle The Wagons,Darkthrone,21,166826,0,0.217,0.936,9,-4.072,1,0.0734,0.0442,0.00813,0.308,0.333,73.833,4,0
06mcgnr3eJ8cF8ed0WfdPA,Southy Love,Peruzzi;Fireboy DML,53,210048,1,0.848,0.875,10,-5.018,0,0.0702,0.174,0.00709,0.0741,0.431,113.035,4,0
0NTTfLoedCixGKsVjN2mRx,Loudest Stereo,Anal Cunt,13,176413,0,0.227,0.995,4,-5.943,0,0.222,0.000342,0.0248,0.247,0.0383,186.073,4,0
3UzG9lnmUswPscvRfVmHcv,Acenda o farol,Tim Maia,0,192026,0,0.574,0.883,9,-6.686,0,0.136,0.0606,0.0,0.0524,0.692,123.095,4,0
1t055EdeL1r5DfORFy0UXX,Circle Of Life - Remastered,Elton John,57,293268,0,0.27,0.612,10,-6.101,1,0.0336,0.174,0.205,0.119,0.116,160.417,4,0
7fY8qVujvm5lZBrt5Y1sIJ,Khayaal,Arijit Anand;Ankita Barwad,56,149749,0,0.702,0.326,1,-11.575,1,0.0313,0.731,0.000287,0.146,0.556,110.022,4,0
4U3Oavt5yvwIOy6lTTiBIU,Big Boys Don't Cry - Original Mix,The Prophet,41,233370,0,0.516,0.964,6,-4.21,0,0.0736,0.00109,0.518,0.188,0.195,181.061,4,0
3vPUCrcr6J25qlFOCPjZWS,Kallt regn som faller,Lars Winnerbäck,38,193234,0,0.439,0.689,7,-6.592,1,0.034,0.0524,0.0,0.136,0.641,134.182,4,0
1kBYtTpdLEb7dkry8HYFJ3,Stars,Einherjer,17,332213,0,0.47,0.869,2,-8.245,1,0.0376,5.15e-05,0.0914,0.0801,0.448,144.471,4,0
7ltz6HMfuFZH67aBeYEtsO,Esperando Aviões,Doce Encontro,41,228440,0,0.644,0.553,0,-6.756,1,0.0271,0.778,1.19e-06,0.106,0.551,126.058,4,0
4g4VMpPM8CJAL38LeXl97p,Tum Jo Aaye (Reprise),Pritam;Rahat Fateh Ali Khan,47,267513,0,0.49,0.819,9,-4.239,1,0.0884,0.328,0.0,0.288,0.803,83.274,4,0
1YxJ0LwE6HQM8COctgjZVo,Guaya Guaya,Don Omar,0,194013,0,0.787,0.872,9,-2.117,1,0.143,0.0067,0.000193,0.136,0.696,92.025,4,0
53ZlW7K2N8TBFonJLLruLw,Elohim,Hillsong Worship,44,269546,0,0.349,0.242,3,-9.713,1,0.028,0.763,1.12e-06,0.218,0.0749,134.114,4,0
3vVRfT1O4KbAAhHTmzc5Sc,Es könnte schöner sein - Live,Faber,41,249560,0,0.531,0.794,4,-9.402,0,0.0608,0.206,0.0393,0.983,0.59,92.44,4,0
34HzaozRuzF3BSjsMrBqIs,E o Meu Peito Mais Aberto Que o Mar da Bahia,Vanguart,41,289560,0,0.299,0.663,7,-7.279,1,0.0409,0.0288,0.0,0.48,0.427,127.249,4,0
7nnWIPM5hwE3DaUBkvOIpy,Drive,Incubus,75,232453,0,0.645,0.792,4,-7.34,0,0.036,0.0562,0.0121,0.119,0.666,90.565,4,1
20uDfvpjbtEFz4AeC9O7AQ,"The Sick, The Dying… And The Dead!",Megadeth,2,304053,0,0.303,0.976,5,-3.583,0,0.225,0.00266,0.135,0.0707,0.193,88.536,4,0
4iaAPRycdaqdtKukfa34ve,With Or Without You,Viva La Panda;Next to Neon,40,194934,0,0.673,0.713,3,-7.04,1,0.0423,0.0927,0.000197,0.141,0.169,119.992,4,0
3EGW6TGGbdk6Ys1Y3HU3lj,Training Wheels,Melanie Martinez,75,205680,1,0.571,0.481,9,-7.179,1,0.0444,0.697,0.0,0.089,0.0807,113.753,4,1
1G3kwVs3JHqN5UPiFXcAID,Moth To A Flame (feat. The Weeknd) - Adriatique Remix,Swedish House Mafia;Adriatique;The Weeknd,59,389956,0,0.663,0.817,0,-7.793,0,0.0332,0.000118,0.37,0.0683,0.113,120.013,4,0
1NPvaOBF5y6HxKDOEAbUp7,get u the moon,poofi.,41,162192,0,0.75,0.158,6,-24.285,0,0.337,0.964,0.922,0.223,0.507,97.567,4,0
0DqtrUrETNaLhUNfUjrltF,Cabaré,Chicão dos Teclados,39,111595,0,0.727,0.821,5,-8.491,1,0.04,0.305,0.0,0.798,0.963,168.047,4,0
4ZbIwC19U5soz0akMfbUqD,Living Dead Girl,Rob Zombie,2,201400,0,0.518,0.948,6,-5.579,0,0.0676,0.00512,0.0996,0.228,0.548,103.025,4,0
7MYwLsNvA6e9xCFuWY24qo,Dancin (feat. Luvli) - Patrick Hagenaar Colour Code Remix,Aaron Smith;Luvli;Patrick Hagenaar,21,266666,0,0.626,0.856,5,-4.634,0,0.0678,0.0299,0.0145,0.648,0.386,126.047,4,0
4i3xoVyj8Ws3wJllgOHSTI,Hey Siri,salem ilese,0,140000,0,0.633,0.372,2,-11.809,1,0.0413,0.534,0.0,0.13,0.362,97.951,4,0
6Qq8lIoV6gHc77GSjacOHP,Er hat ein knallrotes Gummiboot,AA Apres-Ski!,29,208946,0,0.779,0.98,4,-4.86,1,0.0429,0.166,0.0,0.338,0.891,129.996,4,0
23ZMKlQGiMebjuPWEcf7UP,One Millionth Happy Customer,The Cassandra Complex,20,379733,0,0.497,0.691,5,-13.981,0,0.0321,0.0086,0.00611,0.0843,0.0956,120.505,4,0
1T6928Jai5vaFUIP7XhXhS,No Worries,Simon Webbe,58,209586,0,0.602,0.893,0,-5.113,1,0.0327,0.0938,0.00474,0.348,0.845,91.296,4,0
3BIigRWvCUldxIeQkzSEMa,Llama Drama,Jobii,39,127900,0,0.487,0.682,0,-6.373,0,0.075,0.369,0.566,0.134,0.446,173.985,3,0
4j8eSVaX2p102JkNGTFusi,School,Vybz Kartel,21,153242,0,0.585,0.757,8,-2.869,0,0.402,0.363,0.0,0.0649,0.969,193.67,4,0
7C8NhwOrNbsqi9YcF2rstE,Jag mår illa,Magnus Uggla,42,246626,0,0.699,0.783,3,-10.002,1,0.0502,0.217,0.0,0.164,0.656,128.122,4,0
3FUCuf498nFHJXFYR1V9Bd,三原色,YOASOBI,64,224066,0,0.443,0.893,5,-3.496,0,0.154,0.128,0.0,0.328,0.826,127.999,4,0
5SmuxMLo0LJzOAp0SvqoA9,Dreamland is Falling Dawn,arai tasuku,20,110000,0,0.682,0.722,0,-9.216,1,0.0472,0.381,0.933,0.158,0.207,131.926,4,0
3HPPcZ9oK7yGmy5vn7OMLC,Hammer,Dirtyphonics;Sullivan King,51,197333,0,0.486,0.878,0,-3.068,1,0.151,1.52e-05,0.533,0.124,0.205,180.008,4,0
4Wk8q8GQ5NquENUcvzcCJA,Coffe Cup Spots,Breakfast For Brunch,24,130369,0,0.44,0.351,5,-17.708,0,0.0768,0.826,0.939,0.12,0.147,79.937,4,0
4yT5usLhavd4mzP14LSiPU,I'll Never Fall In Love Again,Elvis Presley,56,224680,0,0.295,0.374,2,-11.457,1,0.0293,0.836,0.385,0.137,0.293,145.302,3,0
41gUDddcY9nBBuazuG20eD,Only a Fool,Galantis;Ship Wrek;Pink Sweat$,0,166687,0,0.729,0.619,5,-6.155,0,0.0346,0.0451,0.0,0.0953,0.623,123.061,4,0
1MLSapqfstkBKQHYThLere,Private Affair - 2004 Remaster,The Saints,27,125026,0,0.255,0.955,4,-4.835,1,0.0946,3.55e-05,0.828,0.398,0.748,188.441,4,0
2cWXl5L4cL4dY88oU1qjnU,Wasteland - Dj Thera 2022 Remix,Dj Thera,24,255600,0,0.419,0.951,1,-5.33,1,0.0407,0.00156,0.888,0.109,0.173,149.981,3,0
1XigMhsDWjz3GlY3tVIFhS,Black Mirror,Robert Hood,7,338426,0,0.725,0.538,8,-13.905,1,0.0342,0.501,0.594,0.106,0.372,108.013,3,0
7i8l9o6EtdeTnD1id65IxF,The Combine,The Acacia Strain,25,122160,1,0.622,0.92,10,-4.745,1,0.0815,0.0117,2.37e-05,0.36,0.49,112.109,3,0
7h0d2h0fUmzbs7zeFigJPn,HIGHEST IN THE ROOM (feat. ROSALÍA & Lil Baby) - REMIX,Travis Scott;ROSALÍA;Lil Baby,68,244873,1,0.559,0.491,2,-6.406,0,0.0346,0.0567,0.0,0.0992,0.114,153.131,4,0
43IXaq37yKxPHHFYLIx5iU,Space Continuum,Alphaxone,7,356065,0,0.145,0.276,5,-19.913,0,0.0409,0.304,0.915,0.223,0.0335,76.794,4,0
7is7eKcjZJ9YHHFEEEc8KB,I Put A Spell On You,Nina Simone,0,156266,0,0.429,0.477,6,-6.225,0,0.0311,0.766,0.000638,0.16,0.327,88.534,3,0
4SLWJ2ff0RHSJOSp2MPIHH,Rafta Rafta,Atif Aslam,58,203750,0,0.647,0.792,11,-5.103,0,0.0372,0.389,1.65e-05,0.147,0.499,96.073,4,0
083NgQVgEwEpXrpnz2nr5z,Pirate Baby Shark,Pinkfong,52,93195,0,0.751,0.87,7,-3.582,1,0.0796,0.409,4.42e-05,0.315,0.941,115.032,4,0
280zqg7gblMTRU1Hc5VxpY,"""Loneliness Of Evening""",Santino Fontana;Laura Osnes,29,113400,0,0.389,0.373,3,-6.627,1,0.0317,0.907,0.00041,0.334,0.272,93.327,4,0
6J4oLY2GEwOsUgEd50IpKy,Baarish Ka Asar,Twin Strings,59,245500,0,0.59,0.63,9,-6.735,1,0.0279,0.469,1.02e-05,0.15,0.227,119.962,4,0
54tHbuVRyr4HwyEvpBdi4k,Pierre,Stephen Lynch,23,121080,0,0.391,0.384,9,-12.102,0,0.931,0.812,0.0,0.756,0.241,170.27,3,0
59WN2psjkt1tyaxjspN8fp,Killing In The Name,Rage Against The Machine,80,313573,1,0.466,0.833,7,-4.215,1,0.304,0.0266,0.0,0.0327,0.661,88.785,4,1
2VvTMIXG760UiG9OSiFt9j,Real Estate,Adam Melchor,60,216000,0,0.493,0.284,2,-12.815,1,0.0309,0.953,0.00739,0.151,0.199,79.959,4,0
1SqYuY5S4sRHcccnjckhhm,Hunting Grounds,Hans Zimmer;Adam Lukas;James Everingham,26,244494,0,0.111,0.284,2,-15.98,1,0.038,0.396,0.95,0.0726,0.0787,180.118,3,0
52C6LHzXagtDAfa7N9EGST,Jingle Bells,Brian Culbertson,0,251506,0,0.664,0.744,0,-8.318,1,0.0543,0.284,0.858,0.937,0.463,95.138,4,0
77I8biel8soo1I8zqiDNRP,走れ!Bicycle,Nogizaka46,24,222266,0,0.516,0.944,2,-2.793,1,0.0672,0.0724,0.0,0.245,0.597,165.044,4,0
7EjatvVN2Y2GjpvKSyWJR4,Alvida,Pritam;KK,54,338586,0,0.287,0.654,2,-5.57,1,0.0374,0.593,7.3e-06,0.11,0.241,84.015,4,0
2vCWLIZ7wdJ71KNmpfZWAQ,La Timotea,Joan Sebastian,44,140718,0,0.728,0.5,10,-9.436,1,0.0534,0.76,0.0,0.0379,0.938,94.078,4,0
0GO8y8jQk1PkHzS31d699N,Tongue Tied,Grouplove,79,218013,0,0.56,0.936,3,-5.835,1,0.0439,0.00847,0.0,0.161,0.371,112.96,4,1
5PSJKA91GvoI3CRmlUBLyE,Musclehead,Napalm Death,12,50226,0,0.254,0.928,1,-7.543,1,0.0768,1.43e-06,0.966,0.2,0.454,106.79,4,0
7MbfpPG4oVcnyIulMKBkCK,Ojos De Video Tape,Charly García,0,217853,0,0.477,0.459,5,-10.214,1,0.0261,0.715,0.000742,0.228,0.326,105.541,4,0
7eFHtwwiE2T4YAoUw7bItr,Assobio Sombrio - Remix,DJ PATRICK ZS;MC Caja,44,156479,1,0.76,0.571,4,-3.074,1,0.0409,0.234,0.0,0.116,0.212,130.129,4,0
6ESRaxcp7REupnmyNYnJw0,Chicago House Scene - Freaky Mix Silk Extended Edit,"Fast Eddie;Steve ""Silk"" Hurley",6,290145,0,0.961,0.877,11,-5.38,0,0.151,0.00166,1.54e-05,0.275,0.365,117.507,4,0
2olkWk6OjJvsQ9DHb7Qv3u,Ennittum,Libin Scaria,17,203538,0,0.459,0.172,11,-13.136,0,0.0427,0.806,0.0,0.108,0.306,127.395,5,0
1fxoKxiNKMaHoR561zHi19,Прощание с новогодней елкой,Oleg Pogudin,1,254320,0,0.389,0.105,0,-13.362,0,0.0465,0.931,0.0,0.122,0.27,149.111,3,0
1hzG75FpGksAvkeSg6SDj6,你給我聽好,Eason Chan,50,288400,0,0.429,0.356,7,-11.524,1,0.0362,0.891,0.0,0.115,0.431,96.798,4,0
6Hx9gLuAKkOfoZoL79OSI1,Let Me Love You - Marshmello Remix,DJ Snake;Marshmello;Justin Bieber,56,180013,0,0.66,0.814,8,-3.179,1,0.0382,0.0183,0.0,0.139,0.248,120.005,4,0
6XipzjrsT6p1zVKzrNHpNx,Red Dressed - Ben Böhmer Remix,Worakls;Ben Böhmer;Eivør,40,358587,0,0.588,0.492,9,-9.111,0,0.0931,0.000573,0.726,0.256,0.328,123.991,4,0
24Jh5ZcRVUQCFnWVO1j8DY,Eu Vou Vencer,Gerson Rufino,48,311750,0,0.605,0.828,0,-4.932,1,0.0403,0.278,0.0,0.38,0.555,149.947,4,0
1H8lL6KK0auSsErQb0V83H,X Offender - Private Stock Single Version / Remastered,Blondie,21,193706,0,0.32,0.783,4,-6.834,1,0.059,0.0088,0.000484,0.165,0.852,154.123,4,0
1hBdAohS9PQAmIOGe98SbL,Two Letters,Bayside,34,245946,0,0.424,0.96,7,-4.13,0,0.14,0.00101,0.0,0.0935,0.412,165.046,4,0
6IYrkhrJZlDUcUpz0sl21d,World Outside Your Window - Studio,Hillsong Young & Free,36,298764,0,0.414,0.639,9,-6.234,1,0.0305,0.0684,0.0,0.102,0.347,136.789,4,0
1ChulFMnwxoD74Me8eX2TU,You Spin Me Round (Like a Record),Dead Or Alive,76,195146,0,0.554,0.963,6,-3.762,0,0.035,0.000244,0.0702,0.431,0.918,128.175,4,1
2ftKsLTGZDgFw5BuBL2ixy,Falling In Love,Phil Wickham,37,285586,0,0.321,0.123,5,-14.226,1,0.0354,0.918,8.49e-06,0.0934,0.192,146.611,4,0
5erkBzi1uzfVzRotIEDevu,My Paradise,Jamie Jones,59,211029,0,0.749,0.74,10,-8.528,0,0.0313,0.0005,0.154,0.112,0.887,128.012,4,0
6CEXs4A3QhmQ4LLBXl096K,Adorador por Excelência,Nani Azevedo,50,333546,0,0.376,0.364,9,-10.742,1,0.0347,0.817,0.0,0.794,0.389,179.995,4,0
1r5O1Q66t0THBMKChJLyOS,I Feel It - Paul Woolford Extended Remix,Leftwing : Kody;Paul Woolford,30,369189,0,0.673,0.885,6,-7.007,1,0.0327,0.000975,0.807,0.0845,0.549,125.984,4,0
37qR4gabbE17D48m0aerCq,Heroes Arising,Hyjacked,56,270967,0,0.552,0.967,11,-2.01,0,0.0607,0.0207,2.2e-05,0.355,0.451,155.022,4,0
6VaZ84jVkpCXUf5IFXcW2K,"Herz und Mund und Tat und Leben, Cantata BWV 147 - Arr. Robert Bockholt: Jesu Joy of Men's Desiring",Johann Sebastian Bach;Boston Pops Orchestra;Arthur Fiedler,0,204666,0,0.138,0.173,7,-17.603,1,0.0371,0.955,0.928,0.161,0.159,100.657,4,0
3DqMNZ8U8j5Fpk6OzPUjjj,Zwischen allen Stühlen,Lacrimosa,25,256799,0,0.587,0.65,2,-8.891,0,0.0296,0.00118,0.223,0.137,0.358,120.013,4,0
0E1MMx1sGNutWgkNpgDRml,Corazón Guerrero,Willie Colón,27,472506,0,0.467,0.483,2,-10.804,0,0.0482,0.748,0.013,0.0369,0.723,95.889,4,0
7i06j7x2UzGnURlzGV37WL,X ÚLTIMA VEZ,Daddy Yankee;Bad Bunny,5,192477,1,0.812,0.855,7,-3.725,1,0.0554,0.0789,0.000167,0.108,0.573,90.04,4,0
52BLAD9ywTCjpAFZHXJFLJ,Kentucky,The Louvin Brothers,0,159893,0,0.491,0.379,9,-8.686,1,0.0334,0.515,0.0,0.345,0.61,177.08,4,0
6zXyPzGp9AjpbrOYMQ1sc9,Perfect Stranger,Hogland;Mark Klaver,55,150000,0,0.605,0.649,5,-5.794,1,0.151,0.0253,0.0,0.136,0.547,126.029,4,0
6yb0QZdAhqirrsrsN35WTz,"Modulierendes Präludium, K.deest",Wolfgang Amadeus Mozart;Erik Smith,1,98000,0,0.278,0.145,9,-29.531,0,0.0394,0.807,0.004,0.271,0.61,90.405,4,0
1Kg1pUYOa3mYdQG9zi7SjV,Prohibidox,Feid,7,166253,0,0.647,0.801,1,-2.946,0,0.249,0.0451,0.0,0.0628,0.517,180.108,4,0
2Zj30DnM86JYR91PAlHyRW,First Rain in Spring,BigRicePiano,47,176982,0,0.407,0.0605,11,-24.98,0,0.0361,0.978,0.719,0.279,0.328,56.605,3,0
605FZvNjey90GecOzwChB9,Killer Haseena,Tulsi Kumar;Arjun Kanungo;Vayu;Diksha C,56,160380,0,0.615,0.785,1,-6.151,0,0.0402,0.00244,0.0,0.16,0.376,96.946,4,0
2MEkSPRGkN6rTJ8cMNqbnk,"Como Nunca Amei Ninguém - Live From Olimpo,Rio De Janeiro,Brazil/2002",Exaltasamba,38,235133,0,0.477,0.755,0,-8.496,1,0.0377,0.599,5.31e-06,0.761,0.669,147.796,4,0
3cz6xsRlGrajBGplo0WcpJ,Ven a Mi Casa Esta Navidad,Luis Aguile,28,285773,0,0.503,0.483,0,-6.693,0,0.0349,0.95,0.0324,0.146,0.375,86.037,4,0
0X5nCsCCqboEL7AbvyxGuS,Himno de Mi Corazón - Acústico en Vivo,El Bordo,41,222960,0,0.554,0.702,7,-10.33,1,0.0304,0.17,5.73e-05,0.986,0.359,103.984,4,0
6SwLbGkrXDW8DzYGhqhxGD,1979,Deru,36,291146,0,0.299,0.128,5,-16.762,1,0.0367,0.949,0.876,0.118,0.0369,139.45,4,0
3qUDe886N8w7vTWYDLY7X3,Casinha branca,Fábio Jr.,42,231813,0,0.578,0.757,5,-6.481,1,0.0344,0.575,0.0,0.154,0.652,123.944,4,0
6VDdsnE5y6OYV9UTyvv8p6,Vía Láctea,Juanes,0,213186,0,0.671,0.575,7,-8.998,1,0.0575,0.0046,0.000217,0.123,0.647,160.976,4,0
2woOC3CRkSj2Mac0mazL7b,孤獨患者(國),Eason Chan,41,273466,0,0.348,0.497,8,-6.496,1,0.0328,0.783,0.0,0.0643,0.207,136.309,4,0
4HAAeaaufqcx91HCLEIYHt,Obsesión,Alfredo De Angelis;Juan Carlos Godoy,23,197520,0,0.717,0.353,3,-6.821,0,0.1,0.861,0.0146,0.141,0.789,114.961,4,0
20SGd8qUkKOBwoJ8LNUT0y,Georgia on My Mind,Floyd Cramer,12,226106,0,0.32,0.127,7,-13.535,1,0.0298,0.86,0.815,0.113,0.217,181.143,3,0
7q6WQDxck4kIeoACgtV2Gs,Take Me,Wänderlost;MEDEIA,55,136800,0,0.593,0.683,6,-7.616,0,0.0285,0.0431,0.122,0.247,0.303,100.024,4,0
5bNeopFRcJDHsdKwfLr3rV,Afternoon,Anxious,31,231513,0,0.234,0.99,4,-5.627,1,0.0825,2.53e-05,0.213,0.343,0.21,92.245,4,0
0vR2rIVORmgeKiGIgNT0fV,By Your Side (feat. Tom Grennan),Calvin Harris;Tom Grennan,74,189671,0,0.733,0.96,7,-3.597,1,0.0295,0.0514,0.00199,0.287,0.811,124.01,4,1
7nTy3uP0gaUjQsPaRT5Xf9,abc - The Wild Remix,GAYLE;The Wild,0,182903,0,0.693,0.874,1,-3.923,0,0.0693,0.034,8.33e-06,0.289,0.647,123.979,5,0
3JeByA3x9clmj4LmwwVJe0,Sordidez,Riff,22,322693,0,0.37,0.631,9,-12.23,1,0.0919,0.168,0.169,0.104,0.506,182.032,4,0
3nxiy8C130o1rYuUCPb9qc,Christmas In My Heart,Sarah Connor,0,288440,0,0.649,0.517,9,-5.227,0,0.0273,0.54,0.0,0.0601,0.185,119.968,4,0
3pcVsf6ibPqtCuHyJHfJpg,紅玫瑰(國),Eason Chan,46,239973,0,0.425,0.583,9,-6.971,0,0.04,0.744,0.000689,0.116,0.345,128.05,4,0
0pw2SQhAtP0zblvVFQfr3n,UN DIA (ONE DAY),J Balvin;Dua Lipa;Bad Bunny;Tainy,7,232146,0,0.58,0.695,6,-8.244,0,0.0671,0.00638,0.0,0.174,0.402,168.124,4,0
0OtXJQBLb7wPXL2XyN2cFW,Lazarus,Porcupine Tree,53,258586,0,0.354,0.581,9,-6.074,1,0.0302,0.201,0.661,0.177,0.338,171.961,4,0
3H5r6FYXFJ47M2QHqOK3n2,T.V. Caliente,Sumo,36,278986,0,0.646,0.458,2,-9.319,1,0.0304,0.00362,0.0,0.239,0.628,101.68,4,0
03UOeGWSA5tOf1PyG7kf6O,Suena El Dembow,Joey Montana;Sebastian Yatra,1,195760,0,0.69,0.858,0,-4.431,1,0.0529,0.189,0.0,0.113,0.755,91.884,4,0
5fVZC9GiM4e8vu99W0Xf6J,How to Save a Life,The Fray,80,262533,0,0.64,0.743,10,-4.08,1,0.0379,0.269,0.0,0.101,0.361,122.035,4,1
2jRlS0Dwiwkni1lLrtGj5z,Humba Täterä - Stadion-Mix,Tim Toupet;DJ Padre,28,189026,0,0.764,0.986,1,-2.677,0,0.165,0.165,0.0,0.0951,0.384,127.974,4,0
0tngt6JLxGR62PA5cLPTNH,Schmetterling,Terrorgruppe;Skinhead Black,37,204427,1,0.453,0.959,7,-3.597,1,0.0928,0.0433,0.0,0.398,0.625,186.142,4,0
55yvzYuvJYG2RUEnMK78tr,About A Girl,Nirvana,74,166640,0,0.409,0.932,11,-4.538,0,0.0339,1.87e-05,1.6e-06,0.31,0.591,131.761,4,1
4dvRowqJbGcM9LtMnTWYf2,In My Mind,Noyade;Cinnamonrolls,58,181565,0,0.663,0.642,3,-8.107,1,0.0343,0.835,0.101,0.11,0.102,115.006,4,0
0buZaW6BTtH4iVwCkk8llf,Casa,Bernard Adamus,32,205264,0,0.762,0.63,9,-7.401,1,0.243,0.532,0.0,0.0727,0.819,102.23,4,0
63Nv0kF5Pcw887NqMAzT44,Midnight - Mixed,The Breakfastaz,10,292173,0,0.573,0.874,1,-7.135,1,0.0345,0.000146,0.199,0.146,0.648,137.998,4,0
264PIvfCX9wSiYs7wOk3aY,Joy To The World - Remastered 1999,Nat King Cole,0,84986,0,0.553,0.337,10,-10.334,1,0.0303,0.818,0.0,0.113,0.664,102.213,4,0
6DzTcRWP7CANKh7Vbd2mig,Yaaro,Santesh;Amos Paul,29,225333,0,0.801,0.673,7,-4.989,0,0.0657,0.569,0.0,0.101,0.789,90.008,4,0
4V5qbn05Agwhbr7cKxTHxs,Posto dos Cornos,Japãozin,48,138750,1,0.684,0.832,5,-4.44,1,0.0351,0.275,0.0,0.0278,0.96,163.98,4,0
45FE28csfhMjmWQV6REREg,S.E.X - C.G.P (Conant Gardens Posse) Remix,Omar S;L'Renee,34,260047,0,0.914,0.505,6,-10.435,1,0.0516,2.83e-05,0.0773,0.0665,0.964,120.971,4,0
2UUp0OyN2T6eZ2aGctT6tS,A Place Called...,Kevin Bloody Wilson,25,282760,1,0.692,0.643,9,-7.102,1,0.0627,0.549,0.0,0.245,0.8,135.947,4,0
2AAgUikfQ4kTuLEnW5Aqr8,Sao Paulo,Morcheeba,18,268999,0,0.462,0.688,1,-7.369,0,0.0355,0.499,0.0553,0.131,0.387,168.036,4,0
2JNFlKC59hJL6JmWSrvBwv,Ennai Thalattum Sangeetham,Rahul Rajeev;Sibi Mathew Alex,58,120737,0,0.5,0.184,8,-13.323,0,0.0381,0.926,0.0,0.16,0.493,144.322,4,0
5ZpoxUzB2ARcXGMmGJRvKi,INSANE,Kronos,0,225338,0,0.469,0.984,11,-2.954,0,0.255,0.00672,0.000836,0.337,0.237,155.094,4,0
1ZPeaPDjQOOC8hw1mNjyjF,Pied Piper,BTS,75,245620,0,0.583,0.712,2,-4.942,0,0.0326,0.2,0.0,0.268,0.778,94.051,4,1
6FX1AR4pKmvTM8DmqDWkP8,Outsider,Within The Ruins,23,255500,0,0.422,0.997,5,-3.17,0,0.169,7.26e-05,0.0318,0.341,0.044,145.011,4,0
5sfj4DRNPROOx3ZVM093rP,Gloria - Bassline Mix,OnDaMiKe;Tooltime,10,236363,0,0.705,0.922,10,-3.957,0,0.0429,4.94e-05,0.78,0.101,0.614,131.99,4,0
6Bd4eccfo1gmRDCmqYStQQ,Whine up Fimi,Charly Black;Chris Martin,44,212210,0,0.688,0.675,1,-3.929,0,0.0826,0.297,0.0,0.0761,0.605,94.936,4,0
1eLgThRQFLPLIP0nEMMrY4,Mary Had a Little Lamb Song,ChuChu TV,35,154666,0,0.939,0.566,11,-6.296,1,0.0546,0.0413,2.21e-06,0.0782,0.857,109.963,4,0
5QdyS3AH83MKFLn5KmRABQ,Dem Sell We Out,Popcaan,20,136646,0,0.738,0.718,7,-3.166,1,0.309,0.269,0.0,0.0912,0.46,98.332,4,0
4PGkzWsCmmUpwTsQPMFRCq,Dagma,Jeff Mills,11,330760,0,0.685,0.468,10,-17.205,0,0.0401,0.00527,0.902,0.0706,0.648,124.756,5,0
4Zj78Sz461BM6sd9JH7c1M,Tenho Medo - Ao Vivo,Sorriso Maroto,46,203893,0,0.548,0.952,7,-6.934,1,0.339,0.182,0.0,0.971,0.635,143.968,4,0
2DhcpitZoR2mDalUWFUbBG,Silver Screen Shower Scene - Chuckie & Silvio Ecomo Dirty Acid Remix,Felix Da Housecat;Chuckie;Silvio Ecomo,16,349456,0,0.766,0.722,7,-5.652,0,0.0505,0.00106,0.49,0.0865,0.709,124.978,4,0
2DcmVSLAg0ZzfOQxDshZHY,給我一個理由忘記,A-Lin,57,285546,0,0.399,0.512,8,-5.801,1,0.0357,0.583,0.0,0.104,0.197,133.175,4,0
5R234KEG9dj0MhKE5grfZV,Lyra - Broken Minds Remix,Korsakoff;Broken Minds,58,155076,0,0.299,0.982,9,-2.197,0,0.135,0.000352,0.293,0.118,0.0398,195.14,4,0
7Lf5l4hbjlZIV6iQ3nR0YV,UN PESO,J Balvin;Bad Bunny;Marciano Cantero,3,277106,0,0.627,0.675,5,-7.125,0,0.212,0.125,0.0,0.0784,0.961,79.31,4,0
3k7tKpRxM3oBd9BlMw4rRa,Phett,B12,14,352966,0,0.686,0.494,10,-10.809,0,0.0431,0.332,0.871,0.127,0.706,122.745,4,0
1AxJxTBaz5gga6s0XObpZF,Waves Meditative Spirit,Ocean Waves For Sleep,32,75658,0,0.155,0.176,9,-32.33,1,0.0881,0.161,0.169,0.384,0.00492,103.511,4,0
38dVRTsxBhJl2yTbSAyuya,Pity the Sadness,Paradise Lost,21,302333,0,0.28,0.98,7,-8.968,0,0.0859,0.00728,0.606,0.152,0.0662,122.891,4,0
57CIHoD2aM7QHNjQpBPTio,Summe Volume - Aus Remix,aus,11,246480,0,0.543,0.388,6,-13.5,1,0.0512,0.851,0.0911,0.136,0.063,77.025,4,0
11D34qsYDowIcDVzJaHz1X,under the weather,Jillian Rossi;Caleb Hearn,57,151459,0,0.514,0.512,1,-8.775,1,0.135,0.434,0.0,0.112,0.213,184.978,4,0
3DpGyWrBsi29h0ee7KldAe,"Deus Tremendo (feat. Vanilda Bordieri, Eliane Silva, Lydia Moisés, Suelen de Jesus, Célia Sakamoto, Elaine Martins & Shirley Carvalhaes) - Ao Vivo",Elaine de Jesus;Vanilda Bordieri;Eliane Silva;Lydia Moisés;Suelen de Jesus;Célia Sakamoto;Elaine Martins;Shirley Carvalhaes,38,232146,0,0.575,0.898,10,-4.158,1,0.0446,0.256,6.14e-05,0.88,0.619,109.963,4,0
62eMpHTC584YQztqxELhmK,Paula e Bebeto,Gal Costa;Criolo,41,191418,0,0.706,0.563,7,-9.806,1,0.0382,0.0117,0.000115,0.126,0.806,140.015,4,0
48gmTNjtEFROuEWHegOASs,Disposable Heroes,Chimaira,0,500306,0,0.183,0.986,6,-5.133,0,0.0692,1.75e-05,0.000106,0.179,0.291,187.989,4,0
4cXnUi6qulwgj0fLSu0VYE,Rubberneckin',Elvis Presley,59,133813,0,0.623,0.613,10,-10.099,1,0.0698,0.231,0.0,0.12,0.918,144.334,4,0
5GjPQ0eI7AgmOnADn1EO6Q,Eleanor Rigby - Remastered 2009,The Beatles,69,126533,0,0.581,0.28,4,-9.091,0,0.0381,0.936,1.56e-05,0.305,0.813,137.831,4,0
3UQAKY0SUEonxneROvv4jy,Ready to Die - 2006 Remaster,The Notorious B.I.G.,59,264546,1,0.727,0.831,6,-5.713,1,0.31,0.0632,3.63e-05,0.487,0.504,84.991,4,0
1NM2NUzlN9SY8z5k4ZfRJB,Ping Pong - Hardwell Remix,Armin van Buuren;Hardwell,55,180923,0,0.575,0.985,6,-3.493,1,0.0747,0.00379,0.155,0.0471,0.0762,129.956,4,0
0EpPEltnPHAE58h4Q2BVTu,Kriminologi,Skurken,10,248240,0,0.393,0.601,1,-8.019,1,0.289,0.0922,0.0,0.369,0.571,82.889,4,0
63m4kjPpyOlrprRJXSZjPC,Angels From The Realms of Glory,Annie Lennox,0,240146,0,0.523,0.322,0,-8.957,1,0.0285,0.535,0.0,0.132,0.3,126.002,4,0
6tAWgyIwWB6f1ozhA0tadW,Eden,Monkey Majik,48,271519,0,0.53,0.746,11,-5.196,1,0.0281,0.156,0.0,0.362,0.435,84.018,4,0
4kepi2oc1V51oU3h8iaJ24,Alone With You,Arz,0,195200,1,0.768,0.374,7,-12.49,1,0.723,0.288,1.67e-06,0.111,0.398,75.503,4,0
5XxPwkvvnJ7swgUthyCQh6,Silent,Embody,50,186428,0,0.808,0.742,11,-4.227,1,0.118,0.118,0.0,0.118,0.561,99.961,4,0
1ycVm22vaPFNMjgnsGHYjJ,Soul Kitchen,beosound,30,86717,0,0.644,0.562,1,-11.125,0,0.0394,0.648,0.837,0.123,0.384,154.999,4,0
5R8LaP3fPOrj7bRmdG4nKy,bailamorena,MARLENA,57,168434,0,0.479,0.673,1,-4.977,1,0.0531,0.000568,6.13e-05,0.093,0.747,151.799,4,0
0OP07gLuFKLHyV2GhdzyMd,Leva Minha Timidez,Zezé Di Camargo & Luciano,44,232133,0,0.621,0.53,4,-10.788,1,0.0367,0.102,0.0,0.239,0.768,119.044,3,0
5soMJpcVhSrGrB4prvPL6P,Rip & Tear,Mick Gordon,67,257734,0,0.506,0.882,9,-8.683,1,0.0737,0.000655,0.795,0.174,0.14,107.994,4,0
1jg1PPD8oocBDxQt7gLV2o,Christmas In My Heart,Sarah Connor,0,288440,0,0.649,0.517,9,-5.227,0,0.0273,0.54,0.0,0.0601,0.185,119.968,4,0
2pahOrjr32LVOBfrpZIeoY,No Existes,Soda Stereo,40,283680,0,0.421,0.858,10,-4.881,1,0.0574,0.0117,0.000458,0.192,0.411,79.868,4,0
1zxThQ8TWAQOOSn2isGPk0,以父之名,Jay Chou,50,342000,0,0.432,0.564,2,-7.369,0,0.0407,0.298,0.233,0.356,0.398,174.96,4,0
4OtSo1ZTQWRWE53ZvBfBTV,It's The End Of The World As We Know It (And I Feel Fine),R.E.M.,0,246933,0,0.381,0.894,7,-8.638,1,0.037,0.0258,0.0,0.0251,0.797,205.528,4,0
1xeJGNdKyEqqhWfkR31jM2,Aunque No Quiero,Los Caligaris,48,215626,0,0.605,0.79,7,-5.675,1,0.0348,0.0229,0.0,0.0955,0.644,141.819,4,0
0ADZ5dmXhlfzjMw6lefoPl,Far Away,Nickelback,73,238173,0,0.518,0.797,6,-5.153,1,0.0309,0.000681,0.0,0.107,0.293,132.918,4,1
4nzIpIeHWiuFQnOV5ZELnj,Ohms,Deftones,0,250222,0,0.112,0.978,4,-2.64,1,0.117,0.000108,0.0241,0.117,0.371,173.097,3,0
79D1gWUL04fImvO1jlVhOG,What You Gonna Ask For - Dego,Theo Parrish;Lori;Silentjay;Simon Mavin;Perrin Moss;Paul Bender;Dego,16,607121,0,0.789,0.84,4,-8.457,0,0.061,0.178,0.0396,0.0602,0.697,120.076,4,0
3dE99KYI09Vu4EkTTyi6sQ,Status,Márcia Fellipe;Os Barões Da Pisadinha,45,151817,0,0.817,0.871,6,-2.072,1,0.0798,0.581,0.0,0.275,0.967,155.038,4,0
2Dnz0styXaskjv7NmUhYBT,Errors on a Canvas,Hozho,32,560734,0,0.757,0.673,11,-8.338,0,0.0428,0.0111,0.781,0.115,0.447,126.993,4,0
1SSSyYRtTNmrelUuqnv59h,Offshore - Kryder Remix,Chicane;Kryder,2,196012,0,0.63,0.967,5,-4.835,0,0.0488,0.0104,0.784,0.104,0.0743,126.007,4,0
1OQd3XxyHNH6eJmqp5RXfc,Hallucinating,Brothers In Crime,17,145120,0,0.644,0.964,2,-7.143,1,0.057,0.0198,0.291,0.3,0.241,172.1,4,0
4LqkHTCD7pwRtSkrIQSwk2,Lilith's Club,Noisia,40,326400,0,0.543,0.794,7,-5.369,1,0.297,0.00304,0.801,0.168,0.174,124.981,4,0
2mkyXUPD2ndw3hf8Gk6gFP,Mañana Que Ya No Estés,Huichol Musical,45,201770,0,0.736,0.495,9,-5.128,1,0.0425,0.156,0.0,0.125,0.846,168.023,3,0
6AiSx2D70Z5aFCHXWM1by7,Mi Mejor Amiga,Banda Cuisillos,45,178329,0,0.4,0.521,0,-8.986,1,0.0404,0.657,9.2e-05,0.34,0.639,174.086,4,0
3r9TfIOkOIM2Uwr5IW0sxP,Nadhiyae Nadhiyae,Unni Menon,56,409306,0,0.398,0.39,2,-11.841,1,0.097,0.424,0.0,0.946,0.266,74.727,5,0
3W73vndiqDkaYwYjSMaSWu,Ding Dong Merrily On High (The Celebration's Starting),Rend Collective,0,117226,0,0.696,0.715,7,-7.741,1,0.0314,0.34,0.0,0.18,0.959,130.021,4,0
1RLLZU8KLPbezWwPQU0aJg,The Night Santa Went Crazy,"""Weird Al"" Yankovic",26,241720,0,0.593,0.663,3,-7.396,1,0.0329,0.158,0.0,0.0887,0.426,120.372,4,0
20DMYgVdOaR7sjsu8QMSoH,Pedestal,Portishead,46,220400,0,0.411,0.464,0,-10.568,0,0.076,0.154,0.721,0.117,0.377,84.125,4,0
67VWcesScZvjGPpyXSDSSW,feed your anger,Combichrist,20,289986,0,0.586,0.986,4,-7.549,0,0.061,0.092,0.123,0.316,0.248,109.995,4,0
3p8iG863bPsafyReUXaqXO,Breakfast With the Moon,Powfu,50,163108,0,0.697,0.354,5,-15.064,1,0.206,0.892,2.48e-06,0.0539,0.575,78.007,4,0
56GFlp1dkt7dw56pQdTwqW,Red Light Indicates Doors Are Secured,Arctic Monkeys,58,143626,0,0.622,0.846,11,-4.831,0,0.0311,0.00316,0.0,0.0989,0.914,110.683,4,0
0YhWnmiXMwmSVQU9KL1cdf,Say It (feat. GASHI),DVBBS;Space Primates;GASHI,46,192755,0,0.698,0.846,4,-4.245,0,0.0465,0.041,0.0,0.166,0.11,127.012,4,0
7kdY5acuwyv39miZaewnwr,Test & Recognise,Seekae,33,215208,0,0.619,0.601,0,-8.727,0,0.0333,0.148,0.00235,0.146,0.373,126.993,4,0
5ZsAhuQ24mWHiduaxJqnhW,Udd Gaye,Ritviz,67,180413,0,0.595,0.817,11,-6.187,0,0.0474,0.000712,0.0386,0.142,0.483,144.961,4,0
1mKn5hUaKv6R4DSLB3i4Z2,In The Bleak Midwinter,Annie Lennox,0,210840,0,0.322,0.189,0,-13.902,1,0.0331,0.774,0.0,0.108,0.158,141.791,4,0
0SJiu39u0VPgtUEfNWtuW1,One That Got Away,Michael Ray,0,218733,0,0.566,0.825,10,-4.245,1,0.0416,0.00308,0.0,0.0779,0.609,160.003,4,0
7mu3izFaaBjVHvsXkhArLK,Vedergällningens Tid,Månegarm,19,226280,0,0.217,0.965,7,-2.378,0,0.0605,8.89e-06,0.688,0.237,0.253,110.454,4,0
3uJSlXVVZvIz7mqp4ujysy,Los Pájaros,La Rue Kétanou,30,268482,0,0.638,0.65,5,-7.266,1,0.0337,0.813,0.00764,0.21,0.904,88.945,4,0
63nlJMaoiGYK6jnPzBr7UV,Uljhe Hue (Raw),Osho Jain,33,86000,0,0.434,0.0658,5,-14.271,1,0.0429,0.901,0.0,0.351,0.286,104.835,3,0
3gi7gH8JbG0QdBM4Suf3lr,Favela Vive 4,ADL;MC Cabelinho;Kmila Cdd;Orochi;Cesar Mc;Edi Rock,44,759036,1,0.498,0.498,8,-8.809,1,0.424,0.42,0.0,0.101,0.367,76.093,1,0
3g83boWaVYaeEm5fORdbj4,Frühling,Paul Kalkbrenner,23,314226,0,0.758,0.481,11,-10.637,0,0.0365,5.16e-05,0.949,0.615,0.44,129.98,4,0
5y6DhwlDmP9BX83aD5BZnS,Nevermore,Morbid Angel,18,307840,0,0.546,0.897,1,-5.875,1,0.0786,1.31e-05,0.00668,0.629,0.244,116.957,4,0
5KyvxpYGgAUY55lDfnSROX,Run Rudolph Run,Chuck Berry,0,162897,0,0.647,0.876,10,-5.662,1,0.185,0.881,3.59e-05,0.26,0.949,151.925,4,0
20DAUWeuFdO4AWfUVgWpTO,Torna A Surriento,Beniamino Gigli,25,195813,0,0.314,0.465,4,-5.115,1,0.0333,0.973,0.059,0.233,0.325,86.561,3,0
3hEoFyE40yESyQXOALuI3n,Get It Crackin' - Sefa Remix,Re-Style,18,188400,0,0.472,0.929,1,-4.439,1,0.0412,0.0137,0.0262,0.166,0.0663,100.035,1,0
0EQEzy3PNr0jple5OeghES,Não Dá Prazer,Forrozão Tropykalia,41,218906,0,0.731,0.85,11,-5.067,0,0.0412,0.141,0.0,0.272,0.835,108.113,4,0
23BU6vssuoPppnNsBwFgQ3,Kuytu Köşelerde,Şanışer,43,235651,0,0.697,0.376,1,-10.987,1,0.0821,0.565,0.0,0.118,0.14,126.034,4,0
1sPt1dWvsRSet11IR1x2PJ,"The Very Very Very Strongest - Epic Version (from ""One Piece"")",Samuel Kim,49,160270,0,0.489,0.859,0,-7.783,0,0.0327,0.273,0.976,0.0856,0.425,97.555,4,0
1YUn8WogP40RYJNSidN0lJ,Bittersweet Melody,Said The Sky;FRND,38,210668,0,0.594,0.727,7,-4.507,1,0.0536,0.311,0.0,0.0662,0.277,127.91,4,0
5YmCD6XNHTWgQqoxwLGmHG,Furioso Amor,Elizeu Alves,47,411457,0,0.438,0.568,0,-8.865,1,0.033,0.089,0.0,0.0879,0.14,140.073,4,0
69iWQWwGVlbTycJgF9ISXn,Hur och vem och vad,Lars Winnerbäck,41,302680,0,0.367,0.469,7,-8.293,1,0.0275,0.0705,0.0179,0.118,0.28,175.128,4,0
1gtl58TMl0fzivv3jO2IE9,Break Up In A Bar,Eli Young Band,1,216133,0,0.602,0.831,4,-4.887,1,0.0365,0.0164,0.000736,0.184,0.722,119.935,4,0
03eOOLSkBHwjAO05bfhuPy,Check,Kojo Funds;RAYE,1,215573,1,0.414,0.718,3,-6.295,0,0.116,0.21,0.0,0.079,0.566,94.124,4,0
4MO8ZfoBPueBLS7dIm99MM,Vreten,PartyfrieX,26,189600,0,0.546,0.887,2,-5.684,1,0.114,0.114,0.0,0.847,0.626,134.076,4,0
4RJv0GUJMeuxpPMFw8Mh8Z,No quiero vivir sin ti,Ángeles Del Infierno,29,179533,0,0.625,0.638,9,-12.998,0,0.0406,0.183,0.0,0.0798,0.661,135.665,5,0
3Ta5ZwFTSBbClZ2ezFjyTy,Don't Call Me Up,Mabel,0,178480,0,0.636,0.88,9,-2.853,1,0.137,0.296,2.97e-06,0.0793,0.228,98.855,4,0
35kyf1sus3TW7ot6wqqjun,"Le Roi Est Mort, Vive Le Roi!",Enigma,37,117973,0,0.254,0.208,4,-23.672,1,0.0429,0.922,0.613,0.634,0.145,129.63,4,0
7qDP0W2eaxIMvbcsYW7T56,Carneous Cacoffiny,Carcass,17,403493,1,0.223,0.897,9,-11.907,1,0.0971,8.42e-06,0.191,0.131,0.221,95.002,4,0
6HBgYcsC4NqTeHYKmnwOPf,Kollappedum,Ribin Richard;Nihal Sadiq,48,140800,0,0.586,0.856,2,-3.224,1,0.257,0.0172,2.95e-05,0.118,0.31,74.958,4,0
0M6TVQKZLvsk3AVEtqOWKu,La blanche hermine,Les Ramoneurs De Menhirs;Gilles Servat,37,306813,0,0.39,0.997,10,-0.198,1,0.333,0.0942,0.0,0.0829,0.158,172.034,4,0
0y0X9xN3fUVd9CVxOs3aXQ,Ranjha Anbashte Bishomar,Najand,0,60107,0,0.163,0.815,1,-1.066,0,0.084,0.106,0.632,0.219,0.167,128.107,4,0
6JlGpQNMYS1iVjcGArDAfn,"Merry Christmas, Baby - 1991 Remix",The Beach Boys,0,146093,0,0.695,0.494,9,-11.419,1,0.058,0.31,0.0,0.0888,0.816,127.382,4,0
0k6oKzcvfTJh59e20ouMHH,Rockabilly Kangaroo,Snake-Bite,22,160026,0,0.486,0.755,7,-9.549,1,0.0463,0.111,2.76e-05,0.233,0.966,179.482,4,0
3aaoirIsvuAPSO0CEBvaMq,"4 Pieces for String Quartet, Op. 81, MWV Sdr 44: No. 3 in E Minor, Capriccio",Felix Mendelssohn;Arioso Quartett Wien,0,349653,0,0.458,0.231,4,-16.326,0,0.0376,0.855,0.885,0.075,0.232,146.337,4,0
4JsjeOfvN5zzni6LVw4yLl,Universal Child,Annie Lennox;African Children's Choir,0,254320,0,0.516,0.172,0,-12.172,1,0.0264,0.767,0.0,0.113,0.152,78.018,4,0
3A5vbV1V6TrF7S0sg1cHDJ,Белокрылые чайки,Владимир Бунчиков,0,169875,0,0.33,0.367,11,-13.211,1,0.0461,0.975,0.0,0.359,0.394,83.298,5,0
5pYBqgsV99GhopdSJE4dVI,The Birthday Party Song,Blake Rules;Netherfriends,9,132173,0,0.852,0.468,11,-8.738,0,0.257,0.00555,0.0985,0.123,0.532,138.035,4,0
0yS0XhFaCIq85IYdxfVN76,Probably Built In the Fifties,The Gathering,21,446133,0,0.243,0.793,2,-7.546,0,0.0502,0.0225,0.153,0.0522,0.116,154.057,4,0
43UwresvfvNPDl8BQruk4L,You Never Can Tell - 1964 Single Version,Chuck Berry,0,163066,0,0.572,0.848,7,-10.054,1,0.125,0.739,4.67e-06,0.245,0.927,157.621,4,0
70Qlewy7XO46zijMHSjbOG,ALL NIGHT,Tisoki;byblood;Cry4Tre,53,172137,1,0.723,0.89,6,-4.83,1,0.0606,0.157,0.0,0.0571,0.836,144.99,4,0
1dtTRXifeGC51adYy0902s,Bad Boy,Yung Bae;bbno$;Billy Marchiafava,62,187570,0,0.861,0.82,1,-4.807,0,0.0728,0.032,4.76e-06,0.0706,0.781,118.04,4,0
0jo0auZLLZL4PK9ybxkWeH,Resting Upon Jacobs Pillow,John Doan,21,255080,0,0.338,0.193,6,-14.908,0,0.0314,0.775,0.857,0.109,0.066,135.894,1,0
26X6cHqqfUz9i9YKkZO8Dq,Roman Age,Jeff Mills,9,242506,0,0.7,0.549,1,-17.226,1,0.0324,0.541,0.833,0.129,0.831,122.883,4,0
6IskNuvBwK8YzFrjvXIp5h,Yeh Zindagi Hai,The Local Train,45,249160,0,0.633,0.616,9,-7.395,1,0.0288,0.126,0.0,0.078,0.7,131.072,4,0
3EPyTBUgWMA2Ib2vT6XHIt,Dark Places,Manila Killa;Kwesi,39,235012,0,0.614,0.857,6,-5.751,0,0.0356,0.0109,0.33,0.116,0.21,125.004,4,0
4Yf9QLUM8EeHaCS7EnaHnX,Versailles (Hold) - Edit,Christian Löffler,53,218727,0,0.425,0.375,0,-13.693,0,0.0353,0.467,0.525,0.133,0.179,116.99,4,0
2cnMg4R1oPiZ9eQ6q8keTI,Doce amizade,Jorge Aragão,41,213426,0,0.663,0.621,0,-10.973,1,0.0347,0.786,0.0516,0.214,0.973,162.034,4,0
6ZT8IQupnDF9yoXSfddZSv,Fever,Joachim Pastor;Mischa,55,212869,0,0.807,0.485,3,-10.631,0,0.04,0.146,0.19,0.111,0.196,115.017,4,0
0EQ7IBLaVhxF8qOA4E4sF8,進階,JJ Lin,37,218040,0,0.558,0.757,7,-4.404,1,0.05,0.304,0.0,0.139,0.147,92.035,4,0
39tUHDzQ5nlGPtYaA71Y9v,Untravel,Rival Consoles,42,351948,0,0.504,0.271,5,-19.877,1,0.045,0.846,0.815,0.0872,0.0564,125.942,4,0
6utIEcZZHk4AbF3fBVIlNM,Eternal Glow,Soothe My Soul,58,167500,0,0.0791,0.00782,3,-38.003,1,0.0594,0.973,0.94,0.107,0.0345,83.457,4,0
52xFsSvboxrO24hiwSO9x3,Higher - Supersavage Remix,Crazibiza;Supersavage,0,299520,0,0.731,0.951,5,-5.779,0,0.0463,0.00262,0.642,0.163,0.585,124.992,4,0
4iZMmS1vpXOoxlBTCFquSD,Aladin - Tripo Remix,Mandragora;Devochka;Tripo,21,338321,0,0.669,0.678,9,-6.929,1,0.0764,0.000686,0.831,0.425,0.0354,140.053,4,0
5X15W4gnll2D1vUaWkYKtO,Aku Rindu,Koil,38,247200,0,0.503,0.533,7,-8.722,1,0.0279,0.000937,0.112,0.207,0.439,149.999,4,0
1mecmGWlkkXnSWbvcP7ArF,The Carpathian,The Acacia Strain,27,197906,0,0.511,0.986,2,-4.232,1,0.121,3.64e-05,0.00662,0.437,0.286,109.993,4,0
52qkmQRIc05KdnaY4CO8cJ,La Cosecha De Mujeres,Mike Laure,44,103096,0,0.738,0.671,9,-8.821,1,0.127,0.72,2.06e-06,0.0593,0.967,95.059,4,0
6rmlfJjZ2kmMIjKFtOQWjZ,They Distort My Reality,Promoting Sounds;Eredaze,42,185576,0,0.659,0.462,5,-11.42,1,0.11,0.113,0.0,0.115,0.423,155.877,4,0
0FhO4w1pI55ftgMVj8BlWn,Let It Go,D-Block & S-te-Fan;Josh & Wesz,21,338240,0,0.724,0.873,4,-7.402,1,0.155,0.00103,0.514,0.0843,0.492,147.994,4,0
6SDsOrnIDb3f1Pkaqbt34D,"Biste braun, kriegste Fraun - Version 2015",Mickie Krause,0,185217,0,0.819,0.708,0,-4.706,1,0.0605,0.0157,8.62e-05,0.081,0.363,127.992,4,0
5v8LWqqEVnbwCFGqp7jVXP,Wheels on The Bus Go Round and Round (Instrumental),#Kids;Nursery Rhymes;Nursery Rhymes and Kids Songs,34,104000,0,0.58,0.494,7,-13.402,0,0.0453,0.0488,0.787,0.114,0.908,149.908,4,0
74egVDiYlOVreXboKMNPXB,Judge Not,The Interrupters,31,178933,0,0.642,0.877,7,-2.218,1,0.172,0.117,0.0,0.331,0.934,159.92,4,0
4J5w43yUOPzxRg5je5tDG4,Zipbag Happiness,Beat Oven,15,96000,0,0.752,0.313,10,-13.688,0,0.078,0.398,0.847,0.198,0.359,79.961,4,0
5PjdY0CKGZdEuoNab3yDmX,STAY (with Justin Bieber),The Kid LAROI;Justin Bieber,86,141805,1,0.591,0.764,1,-5.484,1,0.0483,0.0383,0.0,0.103,0.478,169.928,4,1
7MjekTAw5llsv2XasOOjD1,Truth Is Fanatic Again,Rotersand,23,289853,0,0.646,0.852,4,-5.111,0,0.0457,0.0965,0.752,0.0962,0.277,130.001,4,0
1X31OKPeVnHC8X1F7YwOPT,Nada Nada - Ao Vivo,Henrique & Juliano,50,156721,0,0.607,0.948,9,-3.282,1,0.0509,0.295,0.0,0.368,0.883,169.863,4,0
0LteBf3TS8NSQISDf887Ph,Overpowered,Róisín Murphy,0,308106,0,0.74,0.818,3,-6.283,0,0.0366,0.0972,0.00424,0.267,0.889,117.02,4,0
712Hktc9DnU5u9uOSn1q1Y,Bazaar - Official Sunburn Goa 2015 Anthem,KSHMR;Marnik,51,172500,0,0.582,0.979,11,-2.492,0,0.0714,0.125,0.00152,0.339,0.196,128.01,4,0
298atiKYvG84VfbXNbZiX5,Adhoore,Vishal Dadlani;Alyssa Mendonsa,60,264210,0,0.799,0.542,0,-7.142,1,0.0308,0.0858,1.5e-06,0.126,0.673,107.993,4,0
2ZWg239gHVNGV8t2h0ci29,I'll Be Home For Christmas,Jim Brickman,0,225131,0,0.248,0.0657,0,-18.973,1,0.0318,0.968,0.877,0.111,0.0793,91.47,4,0
7uyLL06kbAC4DuTctZCA6B,Deep Focus,Study Music & Sounds;Study Alpha Waves;Binaural Beats Study Music,44,123363,0,0.147,0.00604,6,-40.227,1,0.0442,0.95,0.853,0.114,0.035,70.804,4,0
3NigHcNkAIUpS1cNbiqNl8,Angel of Death,AJJ,28,174709,0,0.645,0.626,7,-7.551,1,0.0364,0.259,0.00887,0.115,0.307,118.585,4,0
2m2QV4YsDoVNQ9Y6THdSg4,Aquela Paz,Charlie Brown Jr.,49,176960,0,0.586,0.487,11,-9.29,1,0.0341,0.769,0.0001,0.181,0.693,123.897,5,0
2IgcJ36zkTppzy7rwOWwva,Jesus Christ,The Decemberists,0,181693,0,0.484,0.782,2,-4.656,1,0.0252,0.149,0.004,0.191,0.753,101.06,4,0
1FWsomP9StpCcXNWmJk8Cl,K.,Cigarettes After Sex,78,320030,0,0.454,0.4,3,-10.261,1,0.0265,0.139,0.846,0.137,0.327,93.719,4,1
6Xqr4ZNyNs82araxoyT4PT,Numb,Lithe,55,158677,1,0.903,0.241,0,-12.643,0,0.0833,0.62,0.00298,0.109,0.275,121.006,4,0
1ydKLmtx7LYnDe1udTu96w,Suffocate,Hayd,58,241967,0,0.653,0.0584,4,-21.98,1,0.0442,0.847,0.000361,0.175,0.163,122.057,4,0
54U0kh2xXLPoGT9WZrO5U4,Timeless Worlds - Radio Edit,Energyzed,20,192812,0,0.364,0.92,5,-6.584,0,0.0687,0.00768,0.0738,0.378,0.163,149.895,4,0
228ZhwXbX1nzXDlRHwJoDk,High Way,ShitKid,26,166624,0,0.602,0.935,5,-0.971,1,0.0412,0.000803,0.079,0.722,0.187,130.221,4,0
7mbd55vVvtqHOfxL2L5zRM,Bésame (I Need You),R3HAB;TINI;Reik,0,136200,0,0.839,0.701,9,-6.029,1,0.0944,0.0165,0.00365,0.0513,0.273,99.984,4,0
5qRRnuJuzSzGOCAbCCeuqn,Tokyo,Alexander Alar;Sonita,34,445052,0,0.789,0.853,10,-6.294,0,0.0485,0.000345,0.818,0.0431,0.317,122.003,4,0
6RWhxVhLfVNxvE3ubp97SN,Mercy (Live),AJ Ghent [ j-ent ],25,457738,0,0.453,0.27,11,-9.874,1,0.0457,0.122,9.13e-05,0.0865,0.378,118.181,4,0
7EsVGqMKR6ZpGTIoeITKPj,Losing - Just Kiddin Remix,Becky Hill;Just Kiddin,0,369611,0,0.738,0.617,8,-8.334,0,0.0377,0.000152,0.129,0.0651,0.624,120.017,4,0
4aoN6rHl9SkAZJw8BFh4yf,Nefesim Nefesine,Zülfü Livaneli,38,338866,0,0.398,0.318,3,-12.283,1,0.0299,0.544,6.02e-06,0.0875,0.137,105.849,4,0
2TtezxgSqQUpkTuomfiJDM,Back from the Dead,Royal Republic,41,182866,0,0.571,0.944,7,-5.28,1,0.196,8.57e-06,0.692,0.442,0.616,97.984,4,0
0xad4yuDkjVlI53EIIkoIW,Carta Aos Missionários,Biquini Cavadão,41,216893,0,0.436,0.981,2,-5.52,1,0.104,0.0217,5.03e-06,0.91,0.489,157.986,4,0
2E1mx4rDATTPxZV1ANsXCL,Priyane,Sujatha,32,262013,0,0.587,0.726,4,-4.345,1,0.0301,0.372,0.000744,0.12,0.527,92.03,4,0
2bIllkzKKCotWs0AuCsIoh,B. D’OR,Burna Boy;Wizkid,2,189800,0,0.873,0.658,4,-8.031,0,0.108,0.00858,0.0061,0.0999,0.483,104.033,4,0
6IPNp9PfaEqrzotY47TIWy,"SG (with Ozuna, Megan Thee Stallion & LISA of BLACKPINK)",DJ Snake;Ozuna;Megan Thee Stallion;LISA,77,225600,1,0.8,0.837,6,-2.807,0,0.0491,0.00406,0.00313,0.0904,0.702,100.015,4,1
15ymCBGBgIGXLPNKMbA8k1,Top Ranking - Upgrade & T>I Remix,Ed Solo;Deekline;Upgrade (UK);T.I,19,267589,0,0.701,0.829,10,-0.564,0,0.052,0.152,9.23e-05,0.36,0.333,87.007,4,0
0v9JszVQes7SlJ3UKqkdt2,TENGO FE,Feid,4,146426,0,0.757,0.571,7,-4.547,0,0.0906,0.264,8.97e-06,0.313,0.538,159.933,4,0
43qIVkhox6QU979YJHCW3E,FIREBALL,B'z,36,252502,0,0.466,0.926,7,-4.457,1,0.114,0.194,0.0,0.0837,0.509,98.049,4,0
6yJBlQBjdYtzNai4lLyiRf,Mi Princesa,David Bisbal,36,202853,0,0.528,0.374,4,-8.554,1,0.0364,0.781,0.0,0.243,0.49,102.74,4,0
772RNUmhqPXcPX10OCJfnf,Artillery Stockpile,Deterioration,11,103005,0,0.302,0.828,6,-8.878,1,0.0953,0.0252,0.293,0.387,0.557,130.706,4,0
5hSPcIoXyAMn8qkhxi0dI6,吼えろ 2021,Momoiro Clover Z;Funky Kato,18,261932,0,0.602,0.867,3,-1.859,1,0.054,0.153,4.91e-06,0.145,0.686,134.013,4,0
5C0ngbdNdOEfnB64DyQQhO,Bailando sin salir de casa,Ole Ole,25,239320,0,0.619,0.95,9,-5.294,0,0.0874,0.00552,0.0169,0.188,0.872,128.129,4,0
1mIs4BBwwlXS0A4UT7RbaC,Destiny,Mokhov,7,266379,0,0.484,0.76,7,-6.752,1,0.223,0.00177,0.0105,0.0907,0.194,73.014,4,0
6CmuT4GB0mCTviUq2jB9Fe,Atmosphere,Joy Division,1,249478,0,0.616,0.387,6,-11.813,1,0.0314,0.227,0.514,0.116,0.435,120.03,4,0
4nbQx3shQNLs8ySv4uUV9L,Malandro - Ao vivo,Jorge Aragão;Elza Soares,42,334586,0,0.533,0.697,10,-8.384,1,0.101,0.59,0.043,0.869,0.636,84.298,4,0
7Lhg4PKia0fKjv7A9jDHBk,Generation,Audio Bullys,15,204146,1,0.789,0.661,5,-2.798,0,0.283,0.0888,1.87e-05,0.0645,0.65,124.964,4,0
6yz2HojEuzMLx1yJoMYVSH,Eat What You Kill,Confess,27,315789,1,0.419,0.95,3,-4.41,0,0.0847,0.000853,0.679,0.112,0.105,95.065,4,0
7HEU8bKdVH2esVY6c0RKqK,Cuckoo - Original Mix,Colombo,18,376571,0,0.749,0.821,1,-6.497,1,0.0571,0.00132,0.862,0.0602,0.539,133.984,4,0
0FLBNqc5oAiTt4J2e3fe3y,Blurry,Puddle Of Mudd,65,303920,0,0.432,0.936,3,-4.537,0,0.0562,0.00691,0.0,0.14,0.499,157.469,4,0
2TjnCxxQRYn56Ye8gkUKiW,Desperado - 2013 Remaster,Eagles,68,213712,0,0.228,0.224,7,-12.749,1,0.0311,0.946,0.000222,0.273,0.18,60.3,4,0
5jWlcGpLaRs4Rd8JXrm4xE,Pot-Pourri: No Compasso Do Criador / Recado a Minha Amada,Péricles,44,208026,0,0.571,0.761,2,-6.512,0,0.0385,0.486,0.0,0.554,0.881,79.896,4,0
4txD6pWjdumTnNVr7pxZrQ,"Ding, Dong (Remastered 2014)",Traditional;Les Chanteurs de la Vierge,0,103237,0,0.403,0.367,10,-15.286,1,0.0425,0.992,0.0117,0.287,0.153,91.099,4,0
7gyhWg9k5HkgWZq9V8nsrT,Santa Monica,Everclear,0,191506,0,0.491,0.942,7,-5.333,1,0.109,0.156,0.0,0.367,0.398,100.441,4,0
37yh5wsdlKofBy3uyCqUzt,Epílogo,Manger Cadavre?,13,215293,0,0.244,0.939,7,-4.964,1,0.126,4.91e-05,0.532,0.0819,0.0546,101.255,4,0
06Q3gof2rs8ErXzBrW1aVg,Breakfast,Sly Withers,39,174480,1,0.531,0.876,3,-4.253,1,0.0382,0.003,1.67e-06,0.127,0.205,130.969,4,0
412luShbmlgqqgYFStIB1s,Wish You Were Mine - Radio Edit,Philip George,67,177560,0,0.654,0.832,7,-4.164,0,0.0293,0.0126,0.0901,0.102,0.407,123.002,4,0
70ctQzBQmXnX5lnHfm2EFp,Ela,Gilberto Gil,37,175760,0,0.643,0.886,0,-8.651,1,0.0536,0.226,0.0,0.0461,0.961,86.247,4,0
2xM5sYHiXYo2baYbC3tiC2,Maha-Kali,Dissection,41,364460,1,0.569,0.836,1,-4.912,0,0.0296,4.69e-05,0.0862,0.1,0.655,109.01,4,0
6RXI2dGFYwWNdi2fWthp2w,6 Atzen,Teuterekordz,40,173725,0,0.965,0.482,4,-8.959,1,0.356,0.112,3.78e-06,0.0784,0.424,125.058,4,0
0DHOIbYfrjzlhF6IFEH08c,The World (Death Note),Kato,46,83999,0,0.645,0.406,11,-11.286,0,0.0381,0.882,0.899,0.0887,0.226,120.006,4,0
4dVbhS6OiYvFikshyaQaCN,My Hero,Foo Fighters,76,260026,0,0.398,0.927,9,-4.212,1,0.0567,6.2e-05,0.000177,0.0575,0.311,77.106,4,1
3FOaym5lHj9N5QcDIgQXQ0,Janaina,Otto,39,280440,0,0.499,0.705,7,-6.589,0,0.0548,0.355,0.000107,0.135,0.881,172.355,4,0
2YwZnJ1nlsP5gJA2NbxOy0,Bam Bam - Benny Page & Deekline Remix - Mixed,Deekline;Ed Solo;Benny Page,12,120685,0,0.871,0.719,5,-6.124,1,0.0508,0.115,0.0,0.281,0.249,87.503,4,0
4TNZTT33erLVg31KU4RJvf,Khanabadosh,Mohan,32,279475,0,0.734,0.867,11,-5.632,0,0.0456,0.0968,0.0,0.1,0.962,131.947,4,0
51QVVAL3beHaRsoVRadDYo,Smile,Bigwig,29,202187,0,0.372,0.976,2,-3.367,1,0.0664,0.0138,0.0,0.332,0.699,104.733,4,0
1BkY0N8ChFk2mdLbAUu8ZK,Pass The Dutchie,Musical Youth,78,205426,0,0.805,0.418,7,-14.374,1,0.0979,0.459,0.0,0.288,0.966,149.724,4,1
3kqgRB172POGve1EgmYnrJ,Loopable Soft Rain,Rain for Deep Sleep,32,201198,0,0.185,0.994,10,-23.446,1,0.0475,0.805,0.988,0.278,1e-05,80.462,5,0
2MjnGtsgfqllql2ndWdGn8,Ho Gaya Hai Tujhko To Pyar Sajna,Lata Mangeshkar;Udit Narayan,56,347680,0,0.404,0.662,7,-8.606,0,0.059,0.547,2.99e-05,0.346,0.507,100.195,4,0
18lSBq4bUQg32GeQ8gIu1e,Planet Zero,Shinedown,6,222738,0,0.416,0.964,9,-2.967,1,0.112,2.35e-05,0.000875,0.473,0.212,157.925,4,0
1iQ1BpOGF1Umd3lpTV4OPO,With or Without You,Roses & Frey,55,166943,0,0.641,0.147,11,-14.812,1,0.0337,0.954,1.91e-06,0.111,0.287,111.913,4,0
70rtpDRKKrpw7sx5U8OQAc,The Christmas Song (Merry Christmas To You),Nat King Cole,0,192373,0,0.525,0.0623,1,-16.836,1,0.05,0.994,0.157,0.106,0.17,91.205,3,0
2kK1gF7qxgcoTUYy4i1xyT,Soushkin - Original Remastered Mix,Dream Your Dream,23,389572,0,0.714,0.891,1,-7.649,0,0.119,0.315,0.788,0.389,0.106,156.049,4,0
1zj4qCcAbMer2WEYD27Rp2,Little Saint Nick - 1991 Remix,The Beach Boys,0,118840,0,0.602,0.553,11,-9.336,1,0.0328,0.108,0.0,0.0512,0.971,130.594,4,0
1OMyYLAtYUlAKmZjnDKNgP,Say It Isn't So,Bon Jovi,1,213333,0,0.454,0.805,7,-4.947,1,0.0313,0.0229,0.0,0.358,0.591,91.251,4,0
7CYS0ibZaJm201ZKonnqih,The Sound Of Space,Enrico Sangiuliano,56,498461,0,0.707,0.893,7,-7.449,1,0.0543,0.00712,0.819,0.0802,0.159,130.009,4,0
73z1JwmldEYCqPfvpcUxr7,Daydreamer - Night Mix,KC Lights;Leo Stannard,4,202250,0,0.563,0.916,9,-6.58,0,0.0397,0.00139,0.37,0.356,0.19,126.0,4,0
7hqnPCIIWfEa6x9ygnhZen,Immersed,VNV Nation,26,384680,0,0.632,0.694,9,-10.35,1,0.0331,0.000324,0.612,0.117,0.117,123.995,4,0
5cinRwHiqT4b1CpOlDdLWx,Elevator (Lift Me Up) - Jerry Ropero Tech Boom Mix,Todd Terry;DJ Pierre;Vonny;Clyde;Jerry Ropero,0,403809,0,0.798,0.698,7,-7.823,1,0.0971,0.0285,0.837,0.686,0.202,125.994,4,0
4bY2oZGA5Br3pTE1Jd1IfY,月の大きさ,Nogizaka46,57,236293,0,0.555,0.941,9,-3.294,0,0.0481,0.484,0.0,0.266,0.813,92.487,4,0
1P0ooWu6ITsbPpJ7B51bYq,I Do,boom boom kid,38,139733,0,0.383,0.599,7,-5.511,0,0.11,0.197,0.0,0.0747,0.419,163.172,4,0
6zFUmsa8mXX1bF4jRAYHI5,P.B.C.,Moodymann,15,78933,0,0.795,0.729,5,-17.626,1,0.0542,0.0235,0.939,0.0733,0.747,110.204,4,0
0FXEr1tdiBcLsnLSG8ol2l,Call Me Papi (feat. Dawty Music),Feder;Ofenbach;Dawty Music,58,140631,0,0.868,0.634,4,-6.122,0,0.212,0.0493,0.000383,0.085,0.352,120.949,4,0
0KOIFcNVh1vALklJ9Stwyr,Seven Serpents,Wraith,18,235416,0,0.493,0.937,10,-6.66,0,0.0592,0.00381,0.283,0.137,0.345,105.033,4,0
2BnKcgWGYRgUnvzjhECMAv,春はもうすぐ,Sayaka Yamamoto,21,353613,0,0.467,0.653,7,-4.288,1,0.03,0.156,0.0,0.112,0.262,74.972,4,0
6YNdQ5utvFnK4CTAnBga06,Fever Dream,Jillian Rossi,64,171000,0,0.561,0.519,2,-8.467,1,0.0395,0.223,0.0,0.156,0.2,119.882,4,0
18cXHds9l6ZlzXgO78D2aW,Communications from the Lab,Laurent Garnier,18,315200,0,0.549,0.694,1,-7.444,1,0.0591,0.00072,0.818,0.415,0.122,196.112,4,0
0PNUZ8Pjm0ilxRB0poWXtt,Son de Amores,Andy & Lucas,0,232426,0,0.684,0.824,2,-5.723,0,0.164,0.447,0.0,0.529,0.704,81.94,4,0
1ntcV7ah5Bgh3xacDcR8qP,Cabelo Rapunzel,Kawe;KayBlack;Vulgo FK;Lucas Lucco;OTRAFITTA;Pedro Lotto,45,253333,0,0.635,0.577,2,-5.913,0,0.286,0.297,0.0,0.103,0.574,144.052,5,0
1C64MJBqmR3kl32px5BX3r,Insomnia 2021 - Epic Mix,Maceo Plex;Faithless,42,465865,0,0.719,0.948,9,-5.591,1,0.0613,0.0024,0.226,0.0875,0.19,126.001,4,0
4BoFJMLSO3ZoD48KgnslSe,Mere Humsafar (Original Score) [Female Version],Yashal Shahid,68,351250,0,0.442,0.444,4,-9.804,1,0.042,0.744,0.0,0.0671,0.386,143.691,3,0
0kHwTHf8ye0mSd66pwcrEN,How You Like Me Now,The Heavy,61,217493,0,0.647,0.71,0,-4.692,1,0.029,0.000973,0.703,0.0777,0.268,110.059,4,0
6BeODAFUXgrscucnq8xDAs,someone like u,lullaboy,59,232000,0,0.588,0.178,8,-17.502,1,0.0489,0.877,0.0,0.107,0.358,129.763,4,0
5UkeMZvaNppcttFM9O6qzN,Obituary,Weekend Nachos,27,71760,0,0.29,0.946,4,-2.736,1,0.0899,1.08e-05,0.601,0.126,0.0486,62.659,4,0
6Ug8Q77sgu81hEjiVH96t6,190 Tage,Schwesta Ewa;Adones,41,265116,1,0.678,0.721,0,-5.237,0,0.376,0.526,8.91e-06,0.152,0.36,85.647,4,0
5unjgc6VkA0TqDfxZiOBYy,Mai,Videoclub,50,218706,0,0.622,0.697,5,-8.666,1,0.0285,0.401,0.00163,0.339,0.316,105.005,4,0
3EtXo9cEurLpblcdWHuBjT,How Do I Sleep Now,Dallerium;Olive,57,194362,0,0.74,0.759,0,-7.911,1,0.0379,0.139,0.116,0.0707,0.147,123.992,4,0
0ar1TXFVks0WAjJAjkNByF,Afterstorm,Tony O'Connor,20,603000,0,0.215,0.158,7,-25.836,1,0.0436,0.947,0.846,0.691,0.238,95.096,3,0
2gmXozUIMGUCj36u5ARhB4,Canaro en Paris,Orquesta Juan D' Arienzo,23,161000,0,0.679,0.466,4,-9.988,1,0.0495,0.544,0.683,0.06,0.7,128.306,4,0
4sAgnJgFJjhG8wNfqc1tlj,you & me,Gunna;Chlöe,0,144373,1,0.744,0.535,6,-9.499,0,0.0736,0.279,0.0,0.143,0.106,132.86,4,0
2EstAAPQZJAFF1MYDZJmJB,Farda az Ane Shorahast,Najand,0,53098,0,0.24,0.907,4,-4.051,1,0.0941,3.15e-05,0.757,0.421,0.0357,75.748,4,0
1srXTfCSDQZZcIdaLNpgSz,Only the Strong,Burgerkill,23,346186,1,0.3,0.997,5,-2.443,1,0.095,0.000166,0.0241,0.463,0.196,122.021,4,0
7aAUBn95iXUX67K9AzUyzN,dropout,sadeyes,43,121575,1,0.541,0.849,5,-6.773,0,0.146,0.00487,5.09e-06,0.126,0.498,150.285,4,0
4yZFRsi0Jn2Ws7bLeyY67b,Fine Lines,Felon;EKE,60,189910,0,0.64,0.945,10,-3.359,0,0.0678,0.0113,0.00025,0.0627,0.261,125.005,4,0
0uIYFHlplgxgrJDD7XgMt4,Skate,Bruno Mars;Anderson .Paak;Silk Sonic,4,203122,0,0.708,0.598,5,-8.365,1,0.0291,0.037,0.0,0.17,0.698,112.027,4,0
4bTvf4iHFXDGvaeUfrhJjh,I Dreamt Music,DJ Icey,11,116345,0,0.765,0.742,1,-5.462,1,0.145,0.012,0.0896,0.103,0.508,131.912,4,0
2AHctrKhJekyp7wIykP83U,Shoot Me a Smile,Red Hot Chili Peppers,62,222737,0,0.576,0.798,9,-6.691,0,0.0351,0.125,0.134,0.137,0.399,146.8,4,0
61n7TIudKqHdaIZwCIS8IL,El Toro,Antonio Tarragó Ros,42,163986,0,0.67,0.521,10,-13.571,1,0.119,0.122,0.742,0.315,0.788,95.868,4,0
69bWj2jifC1fbuiMxyGcw5,Alla Etelän Taivaan,Jaska Mäkynen,18,193293,0,0.558,0.552,0,-9.254,0,0.0248,0.125,0.0,0.146,0.748,102.544,4,0
24vNJIb0lDqw9R084eYiQ6,Heard'chew Single,Omar S;John FM,39,592085,0,0.808,0.727,6,-8.291,0,0.0841,0.00619,0.784,0.198,0.303,122.982,4,0
0q7oMII7kWTj1ZSX6GT6LU,Crawl Outta Love,ILLENIUM;Annika Wells,59,242011,1,0.377,0.723,7,-2.951,1,0.046,0.181,0.0,0.0815,0.167,84.139,4,0
1TdHueeRrDSNQd7xiK7UUC,Stay,Cradle Of Filth,34,296240,0,0.532,0.772,2,-7.622,0,0.0434,0.0168,0.0164,0.112,0.189,120.077,4,0
0bhf5QzhPVVDrRnEK938gx,Girls Like Us,Zoe Wees,0,190668,0,0.529,0.648,1,-4.955,1,0.0422,0.288,0.0,0.0569,0.164,100.146,4,0
4a0qRi121ryIbl3jfcSROV,Dilemme (feat. Dely Kate),Keen' V;Dely Kate,33,191500,0,0.788,0.673,0,-4.98,1,0.095,0.0787,8.26e-06,0.123,0.361,90.013,4,0
0FYD3N8NI3yQ8mKvIMDJol,Normal,Feid,0,171880,1,0.709,0.56,4,-4.867,0,0.171,0.034,0.0,0.315,0.541,170.082,4,0
5dzKCZHfugPNGZn6VolIiE,For Tammi,Gary Stadler,22,264760,0,0.231,0.0404,0,-21.792,1,0.0387,0.853,0.884,0.114,0.179,52.347,4,0
5nbzkaoGC4Ga3mxgezGo51,Link,Tierra Whack,0,129505,0,0.86,0.547,0,-10.638,1,0.0786,0.231,1.02e-06,0.146,0.467,150.074,4,0
37EJtTS7jT5WUyXGZzrwnI,Santa Monica,Everclear,71,191506,0,0.491,0.942,7,-5.333,1,0.132,0.156,0.0,0.367,0.387,100.446,4,1
64IW9B6v46KqKD3DadcQ7g,イカロス,GReeeeN,35,190360,0,0.605,0.941,0,-3.391,1,0.0869,0.136,0.0,0.391,0.612,159.932,4,0
399qLycR0H4b1fN0FZTLy5,Any Old Road (Will Take You There),Balsam Range,23,206280,0,0.635,0.627,4,-8.103,1,0.0313,0.874,4.55e-05,0.311,0.619,119.529,4,0
0MCmBvjVa6Jzo1az3uWghV,Dynamo,Wehbba,42,253880,0,0.644,0.979,7,-7.925,1,0.0531,0.000593,0.844,0.184,0.0383,134.021,4,0
7lTWdUAtKRdaRS0UbQD9y7,Morado,J Balvin,2,200666,0,0.881,0.696,11,-3.838,0,0.0797,0.136,4.06e-05,0.0927,0.781,97.002,4,0
0uyvc0R0wJ6Fu3E01UtlzJ,Shadows Inside,Miss May I,54,236549,0,0.381,0.969,10,-4.956,0,0.141,4.59e-06,1.47e-05,0.143,0.338,179.987,4,0
42wrGE9uzMGFettCcPThfl,God Only Knows - Mono / 1997 Remastered,The Beach Boys,0,173040,0,0.524,0.487,6,-7.525,0,0.0299,0.253,0.0,0.0579,0.482,117.108,4,0
5tzcReCKuj6qYbQQVS0ehG,Cryptic Speech - Original Mix,UMEK,50,354503,0,0.741,0.948,2,-4.822,1,0.0439,0.00398,0.827,0.103,0.177,131.011,4,0
0FkcmHJOsWE80rlpzfT0Pq,God's Gonna Cut You Down,Marilyn Manson,57,160538,0,0.504,0.754,8,-5.182,1,0.0424,0.139,0.0,0.126,0.583,82.009,4,0
0nSda38ueNMdJgoSkwhC8u,Orchestral Suite No. 3- II. Air on a G String,Henrik Janson,28,198128,0,0.741,0.0484,8,-18.962,0,0.0596,0.961,0.899,0.107,0.202,117.062,4,0
7DYaCUAbEaQoEcVVOF81BS,All The Best For Me,Banty Foot;Thunder,20,167151,0,0.641,0.538,5,-5.208,1,0.0415,0.469,0.0,0.204,0.762,101.894,4,0
55KYlnsC6nYnr3IykbmJwE,The Good Life,Three Days Grace,64,173173,0,0.548,0.911,10,-3.701,1,0.0397,0.000345,0.0,0.23,0.654,128.036,4,0
1PpdWBJtZLDqDncfPOJH3p,Blue,Seinabo Sey,0,143455,0,0.509,0.287,5,-11.02,1,0.0636,0.693,0.0,0.335,0.545,134.254,4,0
6hwWPRDh6wL6VsemOZEsl8,Polizisten,Zaunpfahl,39,118413,0,0.384,0.927,9,-4.997,0,0.136,0.188,6.99e-06,0.428,0.479,145.27,4,0
0bbaUMJLmpkzBpsGN6rjdE,Oye Mi Canto,N.O.R.E.;Daddy Yankee;Nina Sky;Gemstar;Big Mato,32,240973,1,0.677,0.946,6,-2.887,1,0.0548,0.184,3.73e-06,0.274,0.948,96.011,4,0
4jQCJchULcVfb3LTjJ5rn1,Have Fun,Bleeding Knees Club,28,112640,0,0.149,0.981,9,0.803,1,0.0552,0.0768,0.0872,0.12,0.915,197.893,4,0
3Jm1zyEniYRhfjdTuzqqaa,"Ma mère l'Oye, M. 60: Apothéose: Le jardin féerique",Maurice Ravel;Michael Davis;London Symphony Orchestra;Claudio Abbado,0,223266,0,0.182,0.0436,0,-20.946,1,0.0358,0.908,0.82,0.112,0.0391,100.533,4,0
0CDucx9lKxuCZplLXUz0iX,Song for Rollins,Buena Onda Reggae Club,16,219346,0,0.841,0.577,0,-7.544,1,0.0438,0.238,0.86,0.0571,0.843,90.522,4,0
4QNnM083UVPRBh6vDZzKTo,Jestem niewinny,BAJOREK,29,195772,0,0.844,0.737,0,-7.398,1,0.0405,0.0584,0.0,0.122,0.954,140.001,4,0
3ksIpMf8hNYWAyTiMZJ6Xb,Piece Of Your Heart,MEDUZA;Goodboys,0,152913,0,0.677,0.744,10,-6.806,0,0.0296,0.0405,0.000153,0.074,0.631,124.077,4,0
3M9Apu4OZfylLTFKvgEtKa,Ritual,Tiësto;Jonas Blue;Rita Ora,67,198995,0,0.647,0.726,3,-4.389,0,0.0552,0.157,0.0,0.0844,0.767,114.996,4,0
4g1dMXihqGqrl3LCyvnXhb,Everyday - Netsky Remix,Rusko,50,251669,0,0.363,0.934,2,-5.034,1,0.0485,0.000341,0.777,0.329,0.132,173.965,4,0
5momcZeBnYAHWzxTxVO0pq,Fazendo a Cabeça,Planet Hemp,42,200106,0,0.698,0.73,4,-8.146,0,0.094,0.00786,8.57e-05,0.214,0.537,116.189,4,0
3vICQMmq6wjrPrbwsv6wSZ,Письмо к любимой,Александр Цфасман;Владимир Захаров,0,171976,0,0.432,0.227,8,-12.213,1,0.0554,0.993,0.00165,0.413,0.282,126.018,4,0
2wHTMZwkLbpM6LNkUBs2Xt,Calaboose,Sidhu Moose Wala,60,245200,0,0.747,0.758,11,-6.289,0,0.0742,0.0568,0.0,0.331,0.56,149.776,4,0
0JCerv0mCCyf5IBIny6sYh,Cue Points,Dusty Decks,21,145219,0,0.648,0.357,0,-8.105,1,0.0399,0.597,0.835,0.169,0.528,83.084,4,0
3DjikuHBJ4XGVgKBDjOxzy,Estremecem - Ao Vivo,Central 3,40,306689,0,0.266,0.563,9,-7.234,0,0.0333,0.341,7.77e-06,0.26,0.255,147.925,4,0
63zBKEb0jpYXYrasyfGr4S,M&M,Rvssian;Future;Lil Baby,1,192301,1,0.739,0.525,2,-5.52,1,0.386,0.257,0.0,0.111,0.418,139.086,4,0
4vuJBFn3pjgac1NPJoVvly,It Is Done - Live,Planetshakers,41,213523,0,0.5,0.937,0,-4.606,1,0.0886,0.00633,0.0,0.686,0.341,131.988,4,0
7mMkw0JFKnyMS6oGRT6b3O,Mannipaaya,A.R. Rahman;Shreya Ghoshal,61,416320,0,0.389,0.485,3,-8.961,1,0.0348,0.7,3.28e-05,0.122,0.249,175.991,4,0
6T1E8SoRoxLuVvdtGREVY2,Weed song,Tommyknocker;The Braindrillerz;MC Ghost,17,219656,1,0.532,0.754,7,-8.811,1,0.0559,0.0199,4.51e-06,0.0636,0.309,95.043,4,0
2vVVKj5p0Lb3Kc3Grs37Ls,Santa Claus Go Straight To The Ghetto,James Brown,0,181052,0,0.639,0.61,0,-6.101,1,0.0446,0.481,0.0,0.203,0.812,139.608,4,0
2c00DlvpzthGKcyXpe5GHa,Bad Influence,Omah Lay,63,138652,1,0.861,0.508,0,-10.648,0,0.176,0.586,0.323,0.109,0.728,96.909,4,0
27kGlAZVLGtgbWSuCbxXge,奇術師のバイレ,Yoshihisa Hirano,51,66946,0,0.734,0.724,7,-11.339,0,0.0398,0.679,0.842,0.258,0.85,116.982,3,0
65hUTiykNAiAvmGYXazhFJ,Depth Over Distance,Ben Howard,55,288435,0,0.26,0.279,2,-11.095,0,0.0399,0.845,3.94e-05,0.105,0.0526,74.86,3,0
6vrGww8fPiozHDppz2MbIi,Thottu Thottu,Pushpavanam Kuppusamy;Swarnalatha,56,284289,0,0.667,0.917,2,-6.316,0,0.0779,0.0973,0.000669,0.116,0.54,95.039,4,0
1qAf32OMadEU2tBBKigIbB,La Octava Maravilla,Massacre,41,290613,0,0.289,0.837,8,-3.284,1,0.0428,0.00671,2.59e-05,0.388,0.24,175.965,4,0
3AedlLCGKNhQdhtLzObIbR,Pasarela,Daddy Yankee,0,193733,0,0.839,0.907,9,-4.259,1,0.0453,0.101,0.0,0.332,0.737,121.048,4,0
5W3ih1h8VhaLDIvwgMIRvQ,SCREAM,GLAY;EXILE,35,327120,0,0.596,0.927,7,-3.962,1,0.0546,0.0294,0.0,0.0708,0.588,108.043,4,0
4nFXgBdbnvwxaSHKFLimML,Have Yourself A Merry Little Christmas,Sam Smith,0,170964,0,0.438,0.178,5,-9.402,1,0.0414,0.957,1.1e-06,0.316,0.344,75.25,1,0
0UNsQBNr5xCp9ccjNZKxMy,Midnight Sounds,White Noise for Babies,0,206000,0,0.0939,0.746,0,-19.883,1,0.157,0.945,0.98,0.196,0.035,88.947,3,0
4bcTGxE7oljiiStL4jItFB,宝物,WANIMA,32,230326,0,0.608,0.821,1,-3.482,0,0.0379,0.0174,0.0,0.155,0.482,102.562,4,0
4bWlQ8IMyy3PMZt88rTVQC,You'll Be Alright,Milky Day;frad;Hayne,61,199016,0,0.708,0.461,5,-12.25,1,0.0288,0.165,0.000869,0.0865,0.592,92.015,4,0
29A4wZq3zu5SiliT3BbwIR,BLUE VACATION,BOØWY,39,216213,0,0.591,0.959,6,-6.325,0,0.0503,0.183,0.00511,0.399,0.896,170.196,4,0
5XZZE1pniUcNCFHgDIdFnZ,Anywhere's Home,KSHMR,58,177436,0,0.695,0.845,7,-5.026,1,0.0363,0.0465,1.16e-06,0.117,0.456,124.02,4,0
1kcNUj4udKEFesxdclbh8n,再不再見,C AllStar,49,255013,0,0.549,0.692,0,-5.336,0,0.0315,0.379,0.0,0.0853,0.341,143.905,4,0
3nJtKV23cLqdMzurBX49Tq,Det är så jag säger det,Håkan Hellström,43,298426,0,0.236,0.571,2,-7.986,1,0.0348,0.574,2.91e-05,0.0867,0.269,139.113,4,0
5zwz05jkQVT68CjUpPwFZe,N.Y. State of Mind,Nas,60,293973,1,0.665,0.91,6,-4.682,0,0.223,0.0394,0.0,0.227,0.887,84.099,4,0
3H9gYJcdtqeUiM8WX8YrZz,思覺失調,Wilfred Lau,56,205933,0,0.627,0.409,8,-7.355,1,0.0291,0.66,0.0,0.181,0.381,135.989,4,0
2MwjcKcekaSQyecQVkmGEw,那些年,Hu Xia,50,371080,0,0.531,0.566,5,-6.427,1,0.0273,0.226,0.0,0.112,0.182,79.066,4,0
7pXmtwVyhjReFkbb5MiEn0,Full av mig själv,Daniela Rathana,0,199812,1,0.488,0.604,9,-6.465,1,0.0525,0.0421,0.0,0.242,0.32,71.378,4,0
6Xs9eaQXZaKfPkEyETxNl6,Night,Ludovico Einaudi;Amsterdam Sinfonietta,56,330573,0,0.21,0.179,3,-15.954,1,0.0341,0.962,0.934,0.103,0.06,106.705,4,0
6Gllp2FbLgIKa8akyWqINw,Don't Hold Your Breath,CKY,23,242520,0,0.353,0.671,7,-8.974,0,0.0389,0.121,0.279,0.166,0.305,149.603,3,0
4eTIe5eqds88bA9ua6p5p6,Fine Again,Seether,66,243640,0,0.442,0.855,6,-2.985,0,0.0288,0.00049,0.0137,0.273,0.363,175.543,4,0
0UzymivvUH5s8z4PeWZJaK,FEVER,ENHYPEN,77,172106,0,0.6,0.713,6,-5.079,0,0.0592,0.0642,0.0,0.142,0.471,72.999,4,1
5LhYkWANI4MXK2pvYDSmWx,Who Do You Think You Are,Dope Ammo;Jasmine Knight;Porky Paul,27,186857,0,0.436,0.972,10,-2.589,0,0.0782,0.0381,0.0642,0.581,0.434,174.894,4,0
6hVLkc1612BQeD6EQFKECm,Belki - Live,Şanışer,40,205640,0,0.513,0.339,4,-11.336,0,0.0321,0.0414,0.0,0.158,0.305,140.462,4,0
56GJxhcvwYasH2PBCSar6X,Traccion a Sangre,Carajo,32,210720,0,0.42,0.914,7,-4.773,0,0.169,0.00231,0.0,0.0766,0.253,171.975,4,0
77PruZJPEZJ3zCFXc9ngha,Bomba,Don Omar,0,173306,0,0.661,0.576,6,-6.025,0,0.485,0.026,0.0,0.0623,0.924,123.425,5,0
0lwDL9QrfOlSjYtTjiMCvH,Surfer Calavera,Los Fabulosos Cadillacs,36,183946,0,0.446,0.844,11,-5.206,0,0.039,0.0516,0.000186,0.187,0.894,146.361,4,0
3VqylojwMOf3uYSBHoOR88,Have Some Feeling for the Lad,Vladimir Troshin,9,135266,0,0.643,0.17,6,-19.167,0,0.0485,0.948,0.127,0.0806,0.622,93.793,4,0
2DCPy4g8lxYR2e22vhYBxx,Plastic Head TV,Fairmont,35,408869,0,0.81,0.42,8,-9.689,1,0.0585,0.00349,0.547,0.108,0.0362,123.008,4,0
2aewgnU4FvXgiML6qKLkJW,Solo Ideales,La Ley,0,293853,0,0.709,0.392,9,-17.241,0,0.0369,0.193,0.734,0.0631,0.951,124.074,4,0
3cbV252akVZInSvJk7jAYX,Flashdance...What a Feeling - Radio Edit,Irene Cara,72,237053,0,0.572,0.654,7,-7.027,0,0.0344,0.0058,3.21e-06,0.09,0.399,122.491,4,1
5i9LPBnEwrIfikYwASnXjB,Debemur Morti,White Ward,17,547384,0,0.14,0.922,4,-7.429,0,0.161,0.000197,0.355,0.0883,0.0398,63.718,4,0
77NNZQSqzLNqh2A9JhLRkg,Don't Stop Believin',Journey,72,248906,0,0.491,0.802,4,-7.106,1,0.0392,0.25,0.0,0.387,0.472,119.25,4,1
1Lzd3JpXJZrvRAQMSDRuCI,This River Between Us (Bonus Track),Bobby Steggert;Norbert Leo Butz,23,177133,0,0.44,0.467,9,-7.792,0,0.0422,0.785,0.0,0.181,0.288,141.066,4,0
2wZxzBlwt89epiawMTmDfM,Fairytale of New York (Edit) - Radio Edit,The Pogues;Kirsty MacColl,0,275896,0,0.38,0.346,2,-14.313,1,0.0417,0.648,0.000139,0.0511,0.358,117.916,3,0
77VqW84V88aKD8Bi8CzEsP,You've Done Enough,Gorgon City;DRAMA,61,212893,0,0.676,0.782,0,-6.639,1,0.0344,0.0147,0.165,0.704,0.519,125.057,4,0
1kAkUHFb7ryeVkVSRD6Nkj,Wish I Was Better,Kina;yaeow,65,140571,0,0.732,0.304,0,-13.086,0,0.111,0.747,6.13e-05,0.143,0.185,139.965,4,0
5oxgJ11gdrhLGX4y8YTaVL,I've Been There Buddy,Rob Cantor,32,83640,0,0.56,0.179,0,-13.172,1,0.0361,0.944,0.805,0.0837,0.408,144.114,4,0
1ylzRbRcouAgM8iZF4SqCK,Amaka,DJ Flex,15,188844,0,0.821,0.824,5,-5.971,0,0.0334,0.412,0.871,0.11,0.692,119.006,4,0
0CoYJSj7z3XiUqyIyxY0hO,Lei da Periferia,Consciência Humana,43,441493,1,0.702,0.586,8,-9.211,0,0.302,0.469,0.0,0.159,0.82,73.581,4,0
2XWjPtKdi5sucFYtVav07d,365,Zedd;Katy Perry,66,181899,0,0.745,0.693,2,-5.479,0,0.034,0.339,0.0,0.123,0.248,98.039,4,0
2UK4qw712yzFh8vYYJGv2B,Schwarz,Rammstein,64,258108,1,0.559,0.77,10,-5.604,1,0.0319,0.0534,0.00127,0.135,0.145,127.008,4,0
4QBuC8RxPzFPHPryVdnF0m,HandClap,Fitz and The Tantrums,0,193253,0,0.634,0.836,8,-3.004,1,0.0427,0.00609,0.000157,0.0828,0.715,139.957,4,0
0hn1lhRCoTKN0XWKDqsZQZ,Emptiness,Zodiac Wave;IB,59,253100,1,0.619,0.332,5,-13.864,1,0.0243,0.769,0.00551,0.069,0.645,83.023,4,0
3TLXje8bgwjb5gCjUMtDy1,RUN IT BACK!,Craig Xen;XXXTENTACION,54,126798,1,0.867,0.403,6,-8.996,0,0.274,0.0535,7.73e-06,0.185,0.38,138.001,4,0
6Qd7XC9csaFz3dogXXhrVM,Relapse,Wage War,57,179266,0,0.496,0.962,1,-4.087,1,0.11,0.000188,4.76e-05,0.306,0.174,112.53,4,0
3g9HTGAC5dUTY1wtGlN9Yw,Pra Gente Se Encontrar de Novo,Grupo Sensação,47,202710,0,0.619,0.58,5,-10.59,1,0.0405,0.347,0.0,0.158,0.655,138.934,4,0
5nLBO2AfaqbD978cz62oa6,Se Tu Quiser / Quando Tu Ficar Cheirosa (Poema Incidental),"Santanna ""O Cantador""",40,214733,0,0.641,0.628,5,-6.083,1,0.0319,0.334,0.0,0.157,0.963,163.863,4,0
2EgXhbQ9SliIgqWbB4JYHW,Our Fire,Excision;Sullivan King,51,259401,0,0.386,0.739,2,-2.367,0,0.0384,0.033,2.23e-06,0.241,0.0666,75.023,4,0
0cpq28309jfgmz8HKLqjJB,Negra del Alma,William Luna,28,191960,0,0.728,0.702,7,-4.803,1,0.055,0.324,0.00104,0.108,0.936,83.962,4,0
2XcSvY0Ms2eciJNtrlTRKw,Kumm mer lääve,Kasalla,40,263146,0,0.349,0.927,1,-2.968,0,0.0432,0.00639,0.0,0.208,0.542,165.911,4,0
4b4ETAnCPzuL71IhujRpdW,Let's Make A Night To Remember,Bryan Adams,0,378906,0,0.47,0.621,0,-6.763,1,0.0253,0.206,0.000725,0.135,0.396,175.906,4,0
2A98i9soxcUp1Dukrsr6mI,El Noi de la Mare,Miguel Llobet Solés;Suzannah Bee,27,143730,0,0.445,0.217,7,-20.814,1,0.0407,0.965,0.874,0.111,0.168,90.835,3,0
6Hiy6GXkTsVDRUHmn2dBUj,Me Voy A Enamorar,Tatiana,29,191066,0,0.637,0.591,11,-11.325,0,0.0306,0.169,0.0,0.636,0.754,134.756,4,0
7vKfym6hgeJxxyyVpiXBBX,Animals,Martin Garrix,62,303040,1,0.676,0.858,1,-6.698,1,0.0391,0.00148,0.673,0.307,0.0371,128.011,4,0
3fM4uF5RuWugpR29Ue9HHy,50 Horas,Coti,0,213626,0,0.596,0.906,1,-5.654,0,0.046,0.04,0.000184,0.285,0.746,122.045,4,0
3dPR1lBLNDl1kY0oIxF7FU,空とサカナ,Wasuta,19,218800,0,0.523,0.844,8,-2.894,1,0.0666,0.142,0.0,0.267,0.682,167.98,4,0
0nS2xf6yooLnSAthClLCDi,If You Had My Love (Kav Verhouzer Remix),TWOPILOTS;De Hofnar;Kav Verhouzer,71,158536,0,0.73,0.699,10,-7.332,0,0.0434,0.0401,2.94e-06,0.129,0.624,122.968,4,1
2Bq81wqnLtbfhi0x2KYBcO,"Blood, Brains & Rock'n Roll",Zombie Girl;Sebastian Komor of Icon Of Coil,21,267626,1,0.501,0.88,6,-7.465,1,0.0517,0.00845,0.57,0.103,0.141,137.971,4,0
7k2Gfx7sRbecp29SQuNWXv,"Sol, Playa Y Arena","Tito ""El Bambino""",0,188320,0,0.823,0.656,5,-6.141,0,0.11,0.257,0.0,0.329,0.713,94.038,4,0
57xQRVkK1BB4JePQOqL6Xh,The Feeling,La Roux,25,246179,0,0.598,0.625,0,-9.256,1,0.0427,0.026,0.000112,0.12,0.319,125.652,4,0
5RtsmtLsEnwa96TEf56tJQ,GIRI GIRI,Masayuki Suzuki;すぅ,61,258765,0,0.78,0.889,11,-4.053,1,0.0351,0.223,0.0,0.0484,0.961,127.993,4,0
4K1ws716I10MEseMPX1uAl,Unknown Journey VII,Drexciya,14,258273,0,0.547,0.81,8,-8.114,1,0.0464,0.0205,0.00628,0.102,0.397,121.564,4,0
5pDwjmDQQS8xv3FcYMjOSI,Let It Snow,The Temptations,0,215480,0,0.452,0.457,0,-9.66,1,0.0287,0.28,3.59e-05,0.127,0.286,128.518,4,0
5NSdMmd2LnvgDcpLiKeKeD,Bad Girls Club,Falling In Reverse,61,221730,1,0.533,0.924,2,-2.697,1,0.154,0.0139,0.0,0.487,0.756,174.002,4,0
7ArVzlFsFsQXNseVXmdOyk,NVMD,Denise Julia,79,181224,1,0.758,0.674,6,-4.533,1,0.108,0.0903,0.0,0.0902,0.424,97.977,4,1
4XllG9XnknhPfUIekpeZuX,Kathal Tappu Tavaru,Havoc Mathan;Havoc Naven,27,173186,0,0.78,0.773,10,-5.882,0,0.207,0.175,0.0,0.0878,0.557,95.964,4,0
2ZUyxzeqj11CBJwZbnYgb8,Everybody Talks,Neon Trees,1,177280,0,0.474,0.916,8,-3.93,1,0.0624,0.00504,0.0,0.325,0.745,154.948,4,0
4l8RhqkuZa78jaquy24K8m,Pacify Her,Melanie Martinez,0,220013,0,0.576,0.593,9,-6.024,0,0.0305,0.0459,0.000834,0.237,0.366,157.993,4,0
7aPGbYjbgft9MPkUm8bTQQ,Boca Ciega,Jesse Rice,20,226384,0,0.633,0.597,7,-7.583,1,0.0343,0.373,1.22e-06,0.102,0.708,76.993,4,0
4ZAfKSyIX6YuW8sAceC3bf,Unclear Conversions,Antigama,11,111186,0,0.39,0.995,9,-5.372,1,0.142,1.54e-06,0.941,0.306,0.176,132.915,4,0
0aSdsoufzNzGKFkRTkBYzM,Bella Ciao,Gunz For Hire,52,198271,0,0.345,0.954,10,-1.337,0,0.181,0.0143,0.0,0.11,0.246,77.411,4,0
5tJqtSvAfTJkMrV4Wst4Le,100 words,Prateek Kuhad,52,210420,0,0.518,0.44,3,-14.536,1,0.034,0.888,0.457,0.111,0.575,76.154,4,0
4ogKG8W4iXhZ7DijimF3Tl,Sacrifice,ZABO,29,240000,0,0.556,0.771,6,-6.065,0,0.148,0.00215,0.000691,0.116,0.0753,105.006,4,0
2P8ruXnV0coLc7dAa93ZPy,My Daddy Is a Vampire,The Meteors,23,219333,0,0.37,0.683,6,-9.647,0,0.0282,0.142,5.28e-05,0.279,0.271,95.955,4,0
12zekfTE19F1o8kPAKieSa,You Can't Stop Me,Ferry Corsten,0,189843,0,0.551,0.958,7,-4.764,1,0.0395,0.00159,0.00563,0.328,0.366,124.993,4,0
0Z2J91b2iTGLVTZC4fKgxf,Hit 'Em Up - Single Version,2Pac;Outlawz,81,312626,1,0.916,0.844,7,-3.967,1,0.236,0.0394,0.0,0.0778,0.586,95.19,4,1
5XfOuwibC4Ch4RKyYeQ5Dm,El Amor y La Moda (O Amor e a Moda),Roberto Carlos,42,228906,0,0.529,0.524,8,-6.522,0,0.0334,0.814,0.0,0.312,0.74,132.339,4,0
015ASDUjzFvQrKgVI23aki,Night on the River,The Infamous Stringdusters,24,213226,0,0.492,0.681,7,-6.292,1,0.0269,0.46,0.00498,0.192,0.67,108.824,4,0
2z1DR0bNunlqbO3uPRwvYD,There Are Worse Things I Could Do (Glee Cast Version) (feat. Kate Hudson),Glee Cast;Kate Hudson,48,141560,0,0.406,0.494,7,-5.84,1,0.0332,0.561,0.0,0.123,0.223,99.854,3,0
3l3xTXsUXeWlkPqzMs7mPD,End Of The Road,Boyz II Men,71,351466,0,0.64,0.427,5,-9.29,0,0.0241,0.0664,0.0,0.0579,0.529,149.703,3,1
5fIYAGwzMDXx9RjQgD9K0h,Garúa,Pedro Laurenz;Alberto Podestá,20,189120,0,0.612,0.277,4,-8.057,0,0.0462,0.98,0.216,0.15,0.724,121.822,4,0
0zRsByaebl5MgRe51RP6uE,Sóca Fofo,A Dama,54,112941,1,0.774,0.537,6,-11.277,0,0.17,0.387,0.0,0.306,0.759,123.448,4,0
6aaN2LMboLIyNlo7XmPIrP,Patek (Remix),Mr Eazi;Falz;Major League Djz;DJ Tarico;Joey B,0,182029,0,0.848,0.724,1,-6.595,0,0.0362,0.0289,0.000847,0.0666,0.479,112.995,4,0
0ZeKKLfap5XNwLmKIjnPpx,Shapes of Mystery,Tony O'Connor,24,662266,0,0.392,0.601,5,-18.688,1,0.0805,0.889,0.709,0.888,0.375,103.851,4,0
1VDnY8UOAqr3ugFaJWFTYh,Är det kärlek du behöver,Lasse Stefanz,38,192146,0,0.666,0.824,1,-8.59,1,0.0283,0.438,2.34e-05,0.135,0.966,146.23,4,0
6Y5jYLQDocLm5e4RzyPgDb,Marigold,The Ocean Blue,23,186826,0,0.675,0.452,2,-11.492,1,0.0392,0.0149,0.284,0.0714,0.971,127.901,4,0
4JiBM7PxbGj72EtgYvspmG,Demented (Or Just Crazy) - Original Version,Tres Demented,8,485541,0,0.484,0.838,10,-16.897,0,0.0668,0.00509,0.648,0.293,0.253,127.993,4,0
2y7b6A4hhl3ysYlU2kztGD,El Bien,Viva Suecia,54,206226,0,0.264,0.875,9,-3.222,1,0.0551,0.00208,0.00771,0.176,0.403,64.319,4,0
5vW5AHNZDIJ6fmj0cBS0WV,Hypnotized,Unodavid,61,130485,1,0.811,0.508,10,-9.978,1,0.0499,0.0466,0.0,0.0906,0.0719,102.962,4,0
0I75DOENhkPTBpavd8VJgW,Normal,Feid,3,171880,1,0.709,0.56,4,-4.867,0,0.171,0.034,0.0,0.315,0.541,170.082,4,0
1ajmDbaiiibRPxiXUSMGlg,"Piano Sonata No. 8 in A Minor, K. 310: III. Presto",Wolfgang Amadeus Mozart;Mao Fujita,13,178760,0,0.474,0.159,9,-19.083,0,0.0449,0.993,0.898,0.0872,0.585,103.512,4,0
5xLfQuX5YAfog2JgPz0dpA,Moving in Stereo,The Cars,57,286106,0,0.718,0.543,4,-11.238,1,0.0372,0.0606,0.0988,0.0646,0.37,115.522,4,0
1zu2GKHPJIsUu80SUJX4H4,Devil Doesn’t Bargain,Alec Benjamin,80,163613,0,0.448,0.606,3,-4.565,1,0.0609,0.577,0.0,0.217,0.483,121.15,4,1
0wpJR7m3gGrywZbmG20Oai,Promises,Barreracudas,25,182013,0,0.324,0.936,10,-5.967,1,0.129,0.0185,0.000224,0.0782,0.899,164.402,4,0
6aGaVn5i4A5MZCxJ1WrlIc,Espiritu Combativo,Malon,26,226200,0,0.233,0.857,0,-6.5,1,0.0696,0.000211,8.14e-05,0.0651,0.411,66.018,4,0
4LOmO4DYEYqZmVuNWYvoB5,Si Los Hombres Han Llegado a La Luna,Gilberto Santa Rosa,29,295293,0,0.727,0.794,5,-7.988,1,0.0424,0.276,0.0,0.303,0.915,99.411,4,0
2KP76NyUIH8XNvWa84lRPi,ヒカリアレ,BURNOUT SYNDROMES,47,244800,0,0.311,0.944,7,-1.734,1,0.14,0.0116,0.0,0.383,0.398,177.948,4,0
5IE9m0dNaRoVbdYUeRTkSl,Mano,Joris Voorn,14,252053,0,0.719,0.553,1,-12.137,0,0.0404,0.433,0.895,0.108,0.207,126.023,3,0
69UCsdTNjYAgot1sIjviwD,Mr. Sun,Mother Goose Club,56,98857,0,0.756,0.587,4,-5.142,1,0.0286,0.409,0.0,0.247,0.893,89.018,4,0
27sqBDytiRE42WplwCLrj7,RUMBATÓN,Daddy Yankee,5,248768,0,0.685,0.909,3,-4.034,0,0.0396,0.0471,0.0,0.35,0.922,95.004,4,0
3lSOZb5rruEnFbe9xWELF6,Rue des trois frères,Fabrizio Paterlini,65,111442,0,0.348,0.169,1,-18.45,1,0.0413,0.959,0.889,0.1,0.107,138.877,3,0
6adqtz7Gy38l5RZ48T2wJZ,Muita Fé,Mc Kako;MC Marks;Pêpa Beatmaker,50,234084,0,0.694,0.46,6,-8.402,0,0.0699,0.358,0.0,0.089,0.162,141.917,4,0
5kM8weDoNhadBDZyZ4tfq8,Time Marches On (The Bootlegger Sessions),Michael Ray,0,162533,0,0.84,0.507,5,-7.251,0,0.0304,0.29,0.0,0.241,0.703,117.947,4,0
7p2bX5VCmu945fb3NGdgud,Something to Trust,Dub Pistols;Rodney P,13,211146,0,0.765,0.657,2,-7.779,1,0.157,0.356,0.0,0.107,0.595,95.995,4,0
687iFXYr1oiwT8c4RuW1jk,Nossa Historia - Ao Vivo,Novo Som;Lívia Gavazzi,31,294413,0,0.168,0.491,2,-9.047,1,0.0295,0.151,1.99e-05,0.806,0.224,180.124,3,0
71luKQBz27ZRIIwNdaYSOf,Roads,Portishead,0,303973,0,0.609,0.293,9,-11.836,0,0.0761,0.778,0.168,0.106,0.193,76.11,4,0
1KHKeIouP04dDtl0EetgED,The Downfall Of Us All,A Day To Remember,70,209093,0,0.588,0.881,0,-4.62,1,0.0666,0.000252,0.0,0.326,0.709,129.947,4,0
0pjFg3uppmooqP1yqPBhZk,Hooked,Kav Verhouzer;Madism;imallryt,53,167213,0,0.654,0.767,0,-6.307,1,0.0523,0.125,0.0,0.0838,0.404,122.017,4,0
4SrXpaZtMokUhhFkgzDMpK,Não Vai Voltar,Onze:20,53,239072,0,0.641,0.617,5,-7.411,0,0.0307,0.413,0.0,0.112,0.941,139.942,4,0
7dJP4ns1P10f7m1jt0cWeX,I Only Rewind,Tubeway Army,0,250026,0,0.627,0.704,0,-8.415,1,0.0497,0.0458,0.0859,0.113,0.781,141.891,4,0
4h1ZTkXUtAmWSlpmTu5PMk,Life is Good on the Open Road,Trampled by Turtles,31,203026,0,0.376,0.376,4,-8.389,1,0.0281,0.33,0.000105,0.128,0.381,107.41,4,0
6CHYyL3462Y2Bb2uWIIBkE,Algodón de azúcar,Chema Rivas,65,168000,0,0.785,0.732,1,-3.976,0,0.0377,0.248,0.0,0.298,0.64,99.967,4,0
1fUacP7XP697l6ry01oO4d,Antivist,Bring Me The Horizon,56,193640,1,0.494,0.99,7,-2.28,1,0.176,2.01e-05,0.0,0.127,0.283,136.995,4,0
2rlpzC6hz1VW9Quaz3ihHI,Geh mal Bier hol'n - GmBh,Mickie Krause,0,187053,0,0.612,0.997,1,-2.524,1,0.204,0.0185,0.0,0.335,0.545,139.989,4,0
0xCnwK4oewiyRMMM1QXR3d,Soda (Torkey Estanboli),Rashid Beibutov,5,262295,0,0.551,0.494,9,-11.164,1,0.0496,0.938,0.000934,0.339,0.592,118.149,4,0
2y6jrNLONfSqjacoyXfcCe,ANOTHER STARTING LINE,Hi-STANDARD,34,246706,0,0.524,0.969,5,-3.364,1,0.0403,0.000502,8.66e-05,0.0707,0.804,150.041,4,0
5mblm2qeUbMbsDNsIE5OQi,1º De Julho - Ao Vivo,Cássia Eller,45,292306,0,0.32,0.878,7,-5.771,1,0.0909,0.538,0.0,0.665,0.509,170.064,4,0
0UXYMQHbVhzy477hxrEVUe,Gota a Gota,Pense,30,145043,0,0.504,0.996,6,-3.836,1,0.136,7.75e-06,0.000248,0.21,0.218,112.466,4,0
58W0qvadgkqy1AqYEYl9m7,Landslide - 2018 Remaster,Fleetwood Mac,0,200413,0,0.428,0.292,7,-15.157,0,0.0307,0.859,0.00105,0.191,0.508,159.757,4,0
1y0gnbaFQBZVlVNJ16cvbB,Day N Night,Afrojack;Black V Neck;Muni Long,0,179199,0,0.709,0.871,5,-4.126,0,0.175,0.134,0.0,0.316,0.667,125.94,4,0
0Yld4eVEV6rBvpijVU2s6l,Naina,Pritam;Arijit Singh,66,225750,0,0.501,0.445,6,-8.432,1,0.0337,0.772,0.0,0.117,0.388,80.086,4,0
4t53NE3uBLkTwW9rUgiHC8,呼吸有害,Karen Mok,50,192196,0,0.604,0.622,2,-6.568,1,0.0465,0.498,0.0,0.128,0.195,77.981,4,0
6Ck0qJFmeNMp3EvLuK8cux,Masturbating In Bunk Beds,Ryan Sickler,22,102702,0,0.423,0.958,9,-5.639,0,0.834,0.861,0.0,0.862,0.451,86.051,3,0
3YcM62cCaGGlf25Rr1TujM,You Up?,rasya,46,118588,0,0.631,0.277,4,-13.779,1,0.0332,0.275,0.898,0.116,0.166,85.029,4,0
53doONzxweYRP5eoDXWut4,Caruso,Il Divo,23,235760,0,0.247,0.506,1,-7.998,0,0.0379,0.739,0.00163,0.0774,0.184,85.528,4,0
0FoAlOXHI6KJ4RHP9v8jnw,Baby Girl,Guru Randhawa;Dhvani Bhanushali,59,207493,0,0.815,0.801,7,-4.271,0,0.143,0.229,1.14e-05,0.0762,0.533,96.473,4,0
1E5HgkRXPToIFhFeMn4JSx,Let Me Love You,DJ Snake;Justin Bieber,0,205946,0,0.475,0.715,8,-5.371,1,0.058,0.0863,2.67e-05,0.135,0.159,199.892,4,0
6xsGllAEwkmF4SSDwdpmMt,Cold Water,Major Lazer;Justin Bieber;MØ,58,185351,0,0.608,0.798,6,-5.092,0,0.0432,0.0736,0.0,0.156,0.5,92.946,4,0
5hhhrZMKz1NEZM7jRWufbf,Bob,Frank Turner,30,188952,1,0.415,0.713,0,-5.529,1,0.0345,0.0555,0.0,0.0811,0.361,83.69,3,0
6AshXllQhobwSXsdpgp41w,Johnny P's Caddy,Benny The Butcher;J. Cole,63,225000,1,0.535,0.819,8,-6.792,1,0.455,0.584,0.0,0.16,0.581,150.451,4,0
3NGT0Td7H4Is1qrlDQJxma,Check Yo Self - Remix,Ice Cube;Das EFX,71,273106,1,0.934,0.735,1,-6.668,1,0.251,0.031,8.6e-06,0.107,0.768,101.368,4,1
1x9jqnd7tU7qRS2Uwt5PIx,Song to Say Goodbye,Harakiri for the Sky,44,324170,0,0.391,0.942,11,-7.998,1,0.0633,0.000295,0.715,0.181,0.322,159.984,4,0
4BRkPBUxOYffM2QXVlq7aC,Taxman - Remastered 2009,The Beatles,58,158853,0,0.469,0.596,7,-8.348,1,0.0749,0.0101,0.0,0.321,0.783,133.586,4,0
2fZeFBqhR1miYusitKjQls,Dead Man Walking,bloodsimple,0,237693,1,0.54,0.98,1,-3.463,1,0.0823,0.000169,1.56e-06,0.319,0.388,107.767,4,0
2x1GoZKREbFkQJ8FUaz3Lc,Lost,Phaxe;Morten Granau,47,560242,0,0.745,0.726,6,-7.816,0,0.044,0.0706,0.868,0.0731,0.259,135.0,4,0
68GFZFc2Fa5HLdv6TXziSD,Stay Where You Are,Yuna,49,209205,0,0.568,0.339,10,-8.661,1,0.0289,0.687,2.52e-05,0.24,0.121,124.819,4,0
1wRsvFf2MuGa0KqnkCbaQw,District Six - Live,Hugh Masekela,0,527506,0,0.778,0.711,7,-11.367,1,0.0643,0.352,0.0473,0.969,0.858,108.127,4,0
3iltRlox3jEeSKuqdW88EK,Going Up The Country,Canned Heat,62,172866,0,0.622,0.239,5,-18.982,0,0.0447,0.859,0.051,0.109,0.737,79.674,4,0
2422sniydbW1AmHoC4smC5,Overgrown,Tenno,55,137910,0,0.493,0.312,8,-15.138,0,0.0386,0.742,0.925,0.115,0.153,134.063,4,0
1H3Q48ARz2ZEwbOl6s53Mq,I’ll Keep You Safe,Vluestar,70,140338,0,0.504,0.401,0,-10.016,1,0.0958,0.805,0.00596,0.155,0.243,114.95,4,0
0qD7FNvGrdwtH3EaUnK2RY,Among Us,Simon Wester,38,194676,0,0.113,0.146,4,-19.294,1,0.033,0.925,0.958,0.0998,0.08,75.822,4,0
1QIIQ1B2syNBSvQULkXgTa,Traingazing,Sam Wills;Honey Mooncie,60,214159,0,0.849,0.361,11,-10.057,1,0.0641,0.692,0.00673,0.14,0.553,137.539,4,0
4AblNv2IZzFJnnifSzb9v5,Lipstick,Ariel Pink,54,200293,0,0.472,0.832,3,-3.278,0,0.0339,0.00058,0.000255,0.256,0.839,134.957,4,0
1ye6Yebp4qcdtDLSpTGbzV,A Leaden Stride to Nowhere,Discordance Axis,15,247293,0,0.365,0.763,7,-6.095,1,0.23,2.71e-05,0.637,0.297,0.0664,130.706,4,0
3uZVW95wL46pTfHDzbaFUd,Vem Cear Comigo,Gerson Rufino,48,243266,0,0.618,0.69,3,-4.311,1,0.0268,0.292,0.0,0.202,0.252,145.989,4,0
1JorgVEvGT4McTPnJSQGtP,"Help Me, Rhonda",The Beach Boys,29,169280,0,0.528,0.716,1,-7.478,1,0.0308,0.104,0.0,0.0552,0.851,139.713,4,0
0NaNzUwgo22RgGAzt9fFwn,Ich bin morgens immer müde,Peter Wackel,0,215651,0,0.67,0.983,3,-2.052,0,0.0779,0.0067,0.0,0.0223,0.822,134.044,4,0
5qHW3YD2L8vvtWtD7j5pmk,Gunny,Dale Howard,57,200648,0,0.74,0.922,10,-7.719,0,0.0436,0.00616,0.691,0.149,0.54,125.021,4,0
4exwQkW1DqtMv3fkCr1jys,More and More,Webb Pierce,32,149800,0,0.531,0.425,9,-12.091,1,0.0315,0.636,1.59e-05,0.0814,0.679,113.265,4,0
6VppCXLthp6U3noHF3GUwO,Destino,Greeicy;Nacho,0,180480,0,0.708,0.76,0,-3.02,1,0.0934,0.0104,8.35e-06,0.0462,0.706,188.124,4,0
0Ja4hLKiUSw01E01pJ1yGr,Breathe,The Prodigy,66,336280,0,0.673,0.808,9,-6.183,1,0.0491,0.0121,0.878,0.037,0.303,130.041,4,0
5eAymAmVU6CyejjFJxvcMI,Move Your Body,Marshall Jefferson,44,405760,0,0.785,0.907,4,-4.15,0,0.118,0.0156,1.14e-06,0.513,0.565,122.311,4,0
3VhI9Y8WXoKSME4BBgUnWx,Ora Iê Iê O,Metá Metá,21,152372,0,0.682,0.815,11,-7.55,0,0.062,0.528,0.0,0.0995,0.964,106.068,4,0
6gBFPUFcJLzWGx4lenP6h2,goosebumps,Travis Scott,84,243836,1,0.841,0.728,7,-3.37,1,0.0484,0.0847,0.0,0.149,0.43,130.049,4,1
6Kg43FGrDGCiSZvXD7m6iv,Kolachathi,Dabzee;ANXZIETY,26,213467,1,0.885,0.763,8,-5.165,0,0.0363,0.73,0.00042,0.302,0.746,135.016,4,0
7j56HrjR9cGzvekvZY3Faz,HandClap,Fitz and The Tantrums,65,193253,0,0.636,0.836,8,-3.004,1,0.0427,0.00609,0.000157,0.0828,0.715,139.956,4,0
2uyTefoLGU2pg0V467quGM,Days Go By (Technikore Mix),Hardcore Masif;Technikore,27,388284,0,0.537,0.994,4,-5.152,0,0.0776,0.000131,0.685,0.28,0.356,170.013,4,0
4mA8VXKSpyfTZ66uuyQnw7,The Road I'm On,Ranji;Bingo Bango,51,260868,0,0.572,0.743,8,-7.129,0,0.0418,0.0349,0.61,0.109,0.183,103.477,3,0
4SH8m1dOlwUV8Bsi0jytbN,Maine Bheja Hai Sandesh,Sujatha,22,90693,0,0.479,0.166,4,-12.125,1,0.0282,0.757,9.06e-06,0.127,0.207,81.993,3,0
0z5x3VmmQ7cyTeOP7VAf3T,Perfect Sense,Arctic Monkeys,40,167379,0,0.52,0.478,4,-10.862,1,0.0276,0.61,0.00122,0.105,0.545,82.932,4,0
0Elfdj2gQ0Ib0h49kCKb2R,Caserón de Tejas (feat. Jorge Calandrelli),Maria Graña;Jorge Calandrelli,17,250133,0,0.444,0.121,5,-14.244,1,0.0366,0.968,0.000676,0.17,0.28,92.64,4,0
64vBCC1lpjEnF10CkDiDhv,Every Morning,Chris Lorenzo,58,196406,0,0.795,0.981,6,-4.665,1,0.0517,0.00119,0.91,0.0519,0.666,128.0,4,0
1NB92HB88keG4Iw94agom2,Valkyrie,Opposite Ways,36,353520,0,0.652,0.675,7,-9.37,1,0.0405,0.0052,0.563,0.112,0.0364,124.982,4,0
0RqQLF5N7q1dVW9hb0Dezb,Monster,Lady Gaga,0,249253,0,0.7,0.808,9,-4.522,0,0.0446,0.00141,0.0,0.611,0.664,120.032,4,0
5DXt0rgXsJPkU6sBCh4L4J,達爾文,Tanya Chua,51,265106,0,0.57,0.283,7,-10.073,1,0.0326,0.854,0.0,0.101,0.409,78.01,4,0
50OfadQYJlnlEBK6QOWqNQ,出走太平洋,Denise Ho,31,264240,0,0.491,0.486,4,-7.91,0,0.0318,0.261,0.0,0.0964,0.346,133.903,4,0
65HA9FsYyA2xro9RzNlNmy,Kickstart My Heart,Mötley Crüe,36,282653,0,0.363,0.982,7,-3.621,0,0.3,0.00123,0.00218,0.284,0.275,179.23,4,0
4bmFTB79L8PUgBgNvXL3ra,Little Bright Star - Stereo,The Supremes,0,146000,0,0.711,0.774,3,-6.769,1,0.0564,0.549,0.0,0.103,0.553,115.007,4,0
0RPpZrP4e0OwfAFdrUj9eQ,Solen Försvann,Tommy Tip;Roffe Ruff,32,231520,0,0.756,0.697,11,-3.588,1,0.319,0.545,0.0,0.761,0.968,82.473,4,0
3LiU1IMIbzPR5MpOmo8HDt,The Only Way,Daxson;Numa,44,286222,0,0.463,0.9,3,-5.477,0,0.0811,0.014,0.00445,0.0958,0.0775,134.973,4,0
6hHXft1nFyvfVv6UoRToPZ,Our Last Summer,ABBA,61,259733,0,0.504,0.528,2,-7.889,1,0.0244,0.72,6.28e-05,0.432,0.414,98.341,4,0
3KhwEuqLNjHfsKaBDo1yVh,Boku no Sensou,Shinsei Kamattechan,66,280466,0,0.473,0.936,2,-4.877,1,0.0704,0.00916,0.0422,0.31,0.416,144.014,4,0
63mL1DdcSFfxVJ9XGnSRQz,Basics,TWICE,73,176973,0,0.778,0.8,2,-3.529,1,0.227,0.254,0.0,0.139,0.585,137.997,4,1
5xz5dUtU2xooSP75BwRJ3H,Ten Tigers,Bonobo,41,243780,0,0.711,0.836,2,-9.156,0,0.0452,0.152,0.636,0.157,0.321,99.984,4,0
5g1BARk25uUJtEPSUwcjnU,Hero (feat. Christina Perri),Cash Cash;Christina Perri,67,197840,0,0.47,0.85,1,-2.825,0,0.0363,0.0627,0.0,0.118,0.148,149.876,4,0
2JvMQAUGqvGIk1uhCqW0Qy,玉虫色ホモサピエンス,Dempagumi.Inc,18,238901,0,0.386,0.84,10,-4.586,0,0.233,0.0138,2.31e-05,0.354,0.878,189.745,4,0
13bJVNCInJ4OzCm6Hi8mRU,From A Twinkling Star To A Passing Angel - Demo Medley,ABBA,0,547880,0,0.4,0.178,7,-16.76,1,0.0351,0.719,8.22e-06,0.3,0.209,120.152,4,0
1RdD6om9qJgYyCyVT5OdKe,Quiero Volver A Enamorarte,Yan Collazo,36,259522,0,0.738,0.806,0,-6.383,1,0.0467,0.582,0.0246,0.113,0.646,100.084,4,0
4FmlL5OdnOLPLzTJNstL3n,Liebeslied - Neue Aufnahme 2022,Die Toten Hosen,40,195257,0,0.518,0.995,0,-3.412,1,0.0901,1.11e-05,0.00161,0.0931,0.342,135.013,4,0
6QWWAAktMqnx50kzSzjLVd,Yajña,6091,25,305263,0,0.859,0.633,9,-9.894,1,0.0637,0.0157,0.863,0.0977,0.0457,109.998,4,0
1P8XDdN12CndYWcNikq1MJ,Fight For The Right,NEO JAPONISM,47,262973,0,0.605,0.94,1,-2.645,0,0.141,0.00064,2.23e-05,0.19,0.52,149.914,4,0
62qUTJAM7dZgOebu2qB7QB,Overwhelmed,Royal & the Serpent,0,159293,0,0.804,0.323,0,-11.127,0,0.305,0.308,0.0,0.15,0.456,87.019,4,0
31qJ6MTYlqfZCWOdX5kSkK,Above with Eagles,Tony O'Connor,21,466706,0,0.424,0.057,7,-20.102,1,0.037,0.96,0.908,0.0599,0.16,75.913,4,0
38DylDHZqbZ8zzIasbWFab,Chuva de Sangue,Voz da Verdade,40,311373,0,0.322,0.702,4,-4.988,1,0.035,0.511,0.00149,0.123,0.212,75.096,4,0
7skyROG3OyzkpkrYTQOWf3,La tablada,Juan D'Arienzo,18,146200,0,0.741,0.278,9,-11.485,1,0.0538,0.66,0.775,0.0603,0.799,132.138,4,0
2Qczuu8EryIy0uqHNU0xSP,Baki vs Oliva Rap. Pentágono Negro,MegaR,37,235671,0,0.582,0.958,10,-4.685,0,0.247,0.567,0.0,0.348,0.29,96.248,4,0
6t58qlz1raetB5H5dbT0py,forget-me-not 〜ワスレナグサ〜(version2016),Flower,21,291426,0,0.68,0.921,6,-3.138,1,0.0459,0.201,0.0,0.314,0.697,125.464,4,0
12JXx8U1YoOyvjE7BJy5tx,Taxi,Mariah Angeliq;Guaynaa,0,173653,0,0.727,0.796,7,-3.918,0,0.125,0.0627,0.0,0.166,0.701,180.069,4,0
2TI0STKG1kgevz10OxF3Pm,"Você E Eu, Eu E Você (Juntinhos)",Tim Maia,44,292670,0,0.791,0.858,8,-9.45,1,0.072,0.114,0.0923,0.0781,0.872,125.791,4,0
6WCeFNVAXUtNczb7lqLiZU,Crocodile Rock,Elton John,73,235440,0,0.621,0.8,4,-7.284,0,0.0344,0.0263,1.51e-05,0.0591,0.968,149.91,4,1
3VOgOT6SNjrRjhjuisphY7,"eyes blue or brown, can't remember",untrusted;pretence;11:11 Music Group,66,180833,0,0.751,0.354,10,-14.518,1,0.446,0.885,0.179,0.206,0.781,143.87,4,0
3ot7yfRXpFYYmBBZ8XrM2f,I'm a Survivor,George Jones,10,190213,0,0.506,0.279,8,-13.727,1,0.0271,0.729,3.01e-06,0.187,0.313,89.825,3,0
5ITw1gs95vZpnZlS0JUwkS,Wicked Ones,Dorothy,0,173901,0,0.563,0.647,5,-4.675,1,0.0398,0.0337,0.0,0.359,0.691,96.386,4,0
5vHLwhxxlGzmClMcxRRFPr,Lithium,Nirvana,73,257053,0,0.678,0.656,7,-6.41,1,0.0381,0.00174,0.0,0.0631,0.485,123.207,4,1
2jz3CiLG3MLOqZ9gOv6z1A,Frosty The Snowman,Ella Fitzgerald,0,131733,0,0.579,0.502,8,-7.57,1,0.0513,0.733,0.0,0.281,0.836,76.783,4,0
1EU3VuKGZOvd1HTkxLPUXK,Nobody's Listening,Linkin Park,57,178866,0,0.502,0.831,2,-3.723,1,0.295,0.105,1.3e-06,0.174,0.451,199.972,3,0
6kZfQkBGXymVb0UD89MkHJ,Arabian yöt (2019),Joonas Saartamo,19,193084,0,0.45,0.581,0,-7.806,0,0.04,0.496,0.0,0.118,0.463,61.227,3,0
7vNEDUsDuUZ4MOkrl3REj2,Walking Target,Fitz and The Tantrums,0,156960,0,0.65,0.956,4,-4.113,1,0.0564,0.0153,3.86e-05,0.364,0.673,104.018,4,0
7e0s9v16WhjWLU5pPLxgdZ,The Lunatics Have Taken Over the Asylum,Collide,24,334866,0,0.686,0.765,1,-6.524,1,0.0374,0.131,0.000224,0.103,0.856,115.157,4,0
3YEU603mIs6nCwe0ndiyfp,Real Life - Murdock Remix,Duke Dumont;Gorgon City;NAATIONS;Murdock,27,225198,0,0.512,0.95,10,-4.07,1,0.0814,0.0281,0.00196,0.0703,0.489,172.025,4,0
0UF0BzhkR95Nltx8cwCvUC,Educadamente - Ao Vivo,Tayrone;Gustavo Mioto,45,164995,0,0.55,0.905,2,-4.096,0,0.0819,0.21,0.0,0.491,0.644,159.933,4,0
0AT08pe7CNV34sDKmTyh5b,Ravin',Charly Black;Sean Paul;Greeicy,43,198120,0,0.845,0.676,8,-5.459,1,0.133,0.104,1.36e-06,0.129,0.713,104.971,4,0
6dSVppeLhFIN2tZaOSjCH1,Stoneface,Veruca Salt,25,163933,0,0.408,0.933,0,-2.828,0,0.0398,9.38e-05,0.0,0.124,0.51,136.037,4,0
6N0Z9weSdoXUzL0wbqQD4h,Chekuthan (Reprise),Ribin Richard;Nihal Sadiq,60,100816,0,0.362,0.437,9,-6.29,0,0.0271,0.807,0.0,0.0715,0.215,75.474,4,0
7J3pqJ4DlGcm1aGku5Qj4G,"Baby, It's Cold Outside",Dean Martin,0,143733,0,0.439,0.196,0,-16.093,1,0.0601,0.88,0.0,0.0513,0.525,129.581,4,0
70qFAgAe5um0yDgBN9AS7a,Halloween Is Here,Lonesome Wyatt and the Holy Spooks,21,147852,0,0.758,0.309,2,-9.982,0,0.0365,0.833,0.0,0.109,0.44,111.986,4,0
2hebQblF1Y1HAkXEP1cnTA,いらない ツインテール,=LOVE,34,224680,0,0.577,0.958,1,-3.162,1,0.112,0.000595,0.0015,0.11,0.492,96.467,4,0
7ExIAULxz8L1mWrqq4YpKF,KILL EM FOR ME (feat. KA$HDAMI),Dro Kenji;KA$HDAMI,56,158280,1,0.737,0.5,11,-8.791,0,0.191,0.0321,0.0,0.11,0.459,139.835,4,0
4upK9OgMepvBFEGD8CDE9A,"I Hate You, But I Love You",Lil Yung Pharaoh,50,132951,0,0.462,0.371,10,-11.201,1,0.0522,0.503,0.0,0.135,0.255,139.637,4,0
4a9tbd947vo9K8Vti9JwcI,Boy With Luv (feat. Halsey),BTS;Halsey,80,229773,0,0.645,0.862,11,-4.761,0,0.0845,0.0933,0.0,0.193,0.803,119.947,4,1
2N613DmbmBx7pimAC79RkP,"Requiem in D minor, K.626: 3. Sequentia: Dies irae",Wolfgang Amadeus Mozart;The Monteverdi Choir;English Baroque Soloists;John Eliot Gardiner,2,106000,0,0.288,0.372,7,-16.74,0,0.0358,0.973,0.289,0.144,0.346,161.746,4,0
4MMzKyN1TcFpx97LqOzht2,Let's Get It Right,Röyksopp;Astrid S,36,305666,0,0.685,0.627,4,-9.216,0,0.0516,0.0863,0.83,0.275,0.635,97.0,4,0
679DdSdnTxOT1PXF8fp2aX,A Viagem - Ao Vivo,Roupa Nova,43,246400,0,0.384,0.354,9,-11.27,1,0.0306,0.836,0.0,0.977,0.305,83.53,4,0
7l9cCg3EBqVfBikbc21Kb0,White Christmas,The Drifters,0,158413,0,0.555,0.213,8,-9.262,1,0.0449,0.939,5.33e-05,0.113,0.498,125.126,4,0
7oIq8nq5ft6cdFW16gN2pM,My Heaven Is Your Hell,Lordi,22,220986,0,0.489,0.864,9,-4.68,0,0.0462,1.08e-05,0.177,0.0876,0.655,135.074,4,0
7rRus1tQw1WnLHDpxDJ1SC,Vaga Lembrança / Pretexto - Ao Vivo,Rodriguinho;Gaab;Mr. Dan,47,175488,0,0.602,0.922,9,-4.229,1,0.0982,0.725,0.0,0.543,0.844,147.046,4,0
6bfDSsy4wnpn6B0de8Qrbx,Good Morning World!,BURNOUT SYNDROMES,58,249480,0,0.486,0.953,0,-2.244,1,0.0766,0.0505,0.0,0.115,0.595,95.574,4,0
6P05Vvy9h2eFyWSu98BGWk,Vendetta,Low-E;Alter Egosz,24,226385,0,0.686,0.867,11,-4.298,1,0.0442,0.00659,0.921,0.21,0.104,148.001,4,0
7M62cpl1L8v53XwfCZ2GYD,Surviving the Game,Skillet,4,238870,0,0.535,0.979,8,-3.593,1,0.0597,0.000666,0.0,0.084,0.432,103.996,4,0
3XmlyO6IhBbhvWszwk0ZDW,Só Posso Dizer (São Paulo),Nando Reis,46,198765,0,0.511,0.541,4,-8.841,1,0.0316,0.398,0.0,0.0986,0.719,73.931,4,0
4y7l0LemO3ZXKPjP87oDeS,Moth To A Flame,Swedish House Mafia;The Weeknd,3,234000,0,0.553,0.659,8,-7.295,1,0.0391,0.0027,0.0,0.105,0.105,120.146,4,0
5Xak5fmy089t0FYmh3VJiY,Black,Pearl Jam,74,342653,0,0.36,0.684,4,-6.457,0,0.0308,0.323,0.0,0.34,0.2,77.15,4,1
6siVzabZfJL41Se70bonmq,Fly Trouble,Hank Williams,10,164933,0,0.809,0.402,5,-12.753,1,0.0941,0.776,0.0,0.352,0.938,123.383,4,0
1ax8ZuwRVkSdzzsIqyCNWQ,Tumse Milke Dil Ka,Sonu Nigam;Sabri Brothers,65,359253,0,0.853,0.745,9,-8.636,0,0.109,0.0642,1.87e-06,0.0274,0.882,107.985,4,0
1qQpPLrf24dlipQw32Oo0b,Jaan - E - Jigar Jaaneman,Anuradha Paudwal;Kumar Sanu,54,312440,0,0.41,0.72,7,-7.675,0,0.0476,0.827,0.00123,0.338,0.728,82.133,4,0
3jf5303mzzJ96O8xFTcEn4,"Mann Bharryaa 2.0 (From ""Shershaah"")",B Praak,69,266005,0,0.428,0.467,2,-4.904,1,0.0327,0.68,0.0,0.135,0.193,90.831,4,0
2B7GMkCUExLpG5lM2ICbXF,O Futuro Já Sabia,Mariana Aydar;Chico César,39,201806,0,0.641,0.614,9,-8.296,1,0.0846,0.176,4.73e-05,0.123,0.551,157.969,4,0
5lNsWVHFmthAxTw3IwetrD,Y Nos Dieron Las Diez,Mariano Barba,45,368506,0,0.566,0.518,2,-6.892,1,0.042,0.779,4.5e-06,0.0767,0.923,155.711,3,0
333mKnEIccxUgOwQCCTPD8,Minimal,Deborah de Luca,54,390447,0,0.723,0.769,11,-8.244,0,0.0634,0.226,0.892,0.0764,0.241,133.984,5,0
1MfSho5QSHYxSAZ2nxZFDt,Thrasher's Abattoir,Carcass,15,110426,0,0.148,0.998,6,-3.958,1,0.232,3.1e-06,0.184,0.184,0.0615,197.312,4,0
13QlmzEg89fD2DmW3f503g,I Got U,Duke Dumont;Jax Jones,0,285596,0,0.636,0.761,9,-7.752,0,0.035,0.00383,0.00784,0.0851,0.462,120.842,4,0
5VujK2veNOmeh7jNj9zq1p,Talk It Out,dwsdmusic,61,170482,0,0.646,0.491,8,-13.106,1,0.0443,0.465,0.18,0.0834,0.68,145.033,4,0
5VlMQFam95UFxWqOKlKyIW,Cavalcata,Astor Piazzolla,18,237293,0,0.446,0.484,7,-9.006,1,0.0373,0.855,0.641,0.113,0.337,120.687,4,0
65c7u6UByQmVdH6ZJcKTHq,Got Bounce (Arch That Back & Bounce It),Mvntana;Pyt Ny,15,84427,0,0.849,0.665,9,-8.336,1,0.511,0.0079,0.00822,0.314,0.436,164.943,4,0
1TDHZUpqzJu4aL8PzSCHCM,ネオンライトセンセーション,夜光性アミューズ,23,196786,0,0.61,0.953,0,-4.689,1,0.0656,0.0306,5.84e-06,0.181,0.718,170.086,4,0
22V0rqyOn48nni9e9Ct5mR,Secreto,Anuel AA;KAROL G,2,258799,0,0.807,0.803,11,-4.156,1,0.126,0.6,0.0085,0.136,0.706,91.982,4,0
1CNG0jEBY50ivvLchRkE8A,Energy,NERO,20,366171,1,0.544,0.937,11,-3.917,0,0.171,0.00279,0.888,0.0806,0.485,174.095,4,0
36VJrVTuKwedxqftzsIXXU,Canción para mañana,Los Bunkers,47,195133,0,0.17,0.878,9,-3.934,1,0.0576,0.0215,1.76e-05,0.217,0.43,174.74,3,0
5ioG5e4NoqadpwvQ7rYN0d,Del Mas Allá - En Vivo All Boys,Almafuerte,24,214479,0,0.23,0.96,4,-7.282,0,0.082,0.00265,0.000838,0.924,0.404,139.579,4,0
2RTePbeArmBjQ4ZBZh0U1U,Aprender Com a Vida,Gabriel Brito,49,258044,0,0.424,0.248,9,-9.764,1,0.0295,0.891,0.0,0.127,0.318,130.153,3,0
15fWioEiZPc6YunpDPjn9c,15' Bonnie & Clyde,Akin Jensen,40,196440,1,0.621,0.74,8,-7.1,1,0.187,0.378,0.0,0.131,0.939,105.839,4,0
640qGOXw20YB2MkZX0wGaq,You'll Be in My Dreams Today,Screeching Weasel,22,158960,0,0.537,0.938,10,-6.029,1,0.0468,0.00221,0.0,0.125,0.737,100.283,4,0
4xZhTlrUnyPQE3AfzrZ9aR,WHAT'S HAPPENING?,Seikima-II,24,440933,0,0.337,0.734,0,-6.357,1,0.0341,0.00094,0.00658,0.327,0.313,79.998,4,0
5OYUtKjALXnNjXRwTVStCK,Llama In My Living Room,AronChupa;Little Sis Nora,57,181885,0,0.773,0.654,5,-7.796,0,0.284,0.53,0.0,0.109,0.607,128.989,4,0
0fTiDOXRNEN0lUeYGoSHml,Somebody,The Chainsmokers;Drew Love,62,221986,0,0.32,0.63,10,-7.019,0,0.0493,0.192,0.0,0.102,0.323,203.443,4,0
5o8OPxIhE4Qcq3fBb2yh03,Fogo na Inveja,MC Menor da VG,47,173011,0,0.767,0.621,6,-7.093,1,0.434,0.162,0.0,0.256,0.502,86.767,3,0
3BetTMu2yQqdMPiW4HqWfr,I Will Build The Future On The Ashes Of Past Memories,Crows in the Rain,3,834939,0,0.122,0.418,9,-11.981,0,0.0382,0.029,0.804,0.127,0.0812,79.893,1,0
59jtYA1e9xURCqBiDM60IX,Feel,Misanthrop,45,294127,0,0.552,0.858,0,-3.247,1,0.0389,0.000398,0.872,0.118,0.0743,172.036,4,0
6PVx8IYQJdeLa2AIJnnFrj,Revvin' My Cj7,Summer Salt,55,168205,0,0.762,0.468,10,-7.969,1,0.0464,0.934,0.102,0.115,0.347,119.88,4,0
4aVBWmgp19jJJkUGN7mypV,Formula Mágica da Paz - Ao Vivo,Racionais MC's,46,680880,0,0.556,0.944,1,-3.955,1,0.353,0.495,0.0,0.915,0.639,148.579,4,0
5momcZeBnYAHWzxTxVO0pq,Fazendo a Cabeça,Planet Hemp,42,200106,0,0.698,0.73,4,-8.146,0,0.094,0.00786,8.57e-05,0.214,0.537,116.189,4,0
2UJy2HHo4afrQbI5FizxLM,Left for America,Ciaran Lavery,50,170786,0,0.498,0.384,4,-10.752,1,0.0976,0.818,0.000937,0.13,0.25,79.856,4,0
4LtSTc3xANVhYeeN69nscM,Aaftaab,The Local Train,58,233471,0,0.464,0.391,6,-9.884,1,0.0384,0.755,9.64e-05,0.105,0.418,106.887,4,0
3bxZhauuIU4ubctdRZwPYW,Chan Chan,Buena Vista Social Club,22,258693,0,0.529,0.421,2,-14.15,0,0.0341,0.847,0.00699,0.118,0.694,82.923,4,0
7GARzfC1mwhDuk4t9WOACq,MORE,j-hope,74,180022,0,0.783,0.722,2,-4.864,1,0.0357,0.00537,0.00209,0.105,0.306,97.031,4,1
54hqgmRmvGyWEUNfXkkbQr,Camarão Que Dorme A Onda Leva / São José De Madureira / Dor De Amor - Ao Vivo,Zeca Pagodinho;Beth Carvalho,39,299000,0,0.592,0.853,7,-6.81,1,0.163,0.548,0.0,0.864,0.775,106.738,4,0
6dNUykCNYFSrTkDToXYrGH,"Turandot / Act 2: Straniero, ascolta",Giacomo Puccini;Dame Joan Sutherland;Luciano Pavarotti;Sir Peter Pears;Montserrat Caballé;John Alldis Choir;London Philharmonic Orchestra;Zubin Mehta,23,409066,0,0.262,0.25,6,-15.801,1,0.0981,0.974,8.61e-06,0.625,0.0372,78.215,4,0
623gGZodjlmHNV30lE5aSr,Industrial Rave Revolution,X-RX,23,221213,0,0.602,0.997,9,-3.831,1,0.066,2.98e-05,0.945,0.0917,0.571,145.003,4,0
2MCUHzFEXf39cyzcNyKw7B,All My Favorite Songs,Weezer;AJR,0,170720,0,0.605,0.7,4,-6.47,1,0.0277,0.00998,0.0,0.116,0.588,84.962,4,0
2bageubuN1HjNZwTNlyh0v,Naaloney Pongaynu,Harris Jayaraj;VV Prassanna;Harish Raghavendra;Devan Ekambaram,61,372600,0,0.714,0.495,9,-7.226,1,0.0361,0.328,0.0,0.104,0.238,114.979,4,0
5O9Dz0h08LuBi0aVvDcylh,The Resistance,Skillet,69,232066,0,0.483,0.941,2,-3.598,0,0.0575,0.000526,3.5e-06,0.31,0.503,156.033,4,0
71BRjOzgS7GLAut8pOlElG,Sinais,Sorriso Maroto,60,243493,0,0.698,0.711,9,-6.037,1,0.0296,0.74,0.0,0.104,0.683,134.097,4,0
2aT06RersgvrpMCMRlMxkE,Pennies From Heaven (Remastered),Inner City,5,198159,0,0.649,0.946,0,-3.291,1,0.0595,0.00696,0.309,0.0551,0.849,123.016,4,0
7CYS0ibZaJm201ZKonnqih,The Sound Of Space,Enrico Sangiuliano,56,498461,0,0.707,0.893,7,-7.449,1,0.0543,0.00712,0.819,0.0802,0.159,130.009,4,0
1E7qCptwRPfvZrIDyDDgjh,Been down so Long,The Doors,53,279866,0,0.81,0.376,4,-7.941,1,0.0411,0.208,5.52e-05,0.0622,0.635,122.618,4,0
1jcQ040aWKeiUGJ2IcnFtV,Sunset Bird,Yiruma,60,191000,0,0.349,0.191,0,-16.111,0,0.0463,0.992,0.936,0.132,0.0414,140.422,3,0
08DI4uBH0nA6YGRCvv2TYK,Lofi,Broilers,32,172773,0,0.599,0.887,7,-3.295,1,0.041,0.0633,0.455,0.113,0.926,92.047,4,0
2PAfTfDKOKQs8WHPS3NV4B,Shake - Gregor Klamra Remix,Protassov;Gregor Klamra,0,318826,0,0.797,0.663,4,-8.799,0,0.0539,0.0564,0.848,0.0669,0.344,121.981,4,0
2GmDKB7skBipPXBBkM0RBt,Kehvu Ghanu,Meghdhanush,44,262500,0,0.56,0.314,2,-10.601,1,0.032,0.525,1.48e-05,0.104,0.172,140.044,3,0
3UYeTr8hsTPi5rfKd7zUsm,Down Yonder,Del Wood,15,146520,0,0.684,0.654,10,-9.647,1,0.0378,0.734,0.932,0.103,0.975,135.028,4,0
7iv6u8KM5GVTt01WbDLQAO,Yuri on Ice (Yuri!!! on Ice Original Soundtrack),F.B. Piano Anime,34,235998,0,0.253,0.239,3,-16.741,1,0.0306,0.95,0.908,0.125,0.0599,77.321,4,0
3715OFFs0TnnHNRcrfQNs4,Happier,Marshmello;Bastille,0,214289,0,0.687,0.792,5,-2.749,1,0.0452,0.191,0.0,0.167,0.671,100.011,4,0
4g1TUIuoKWYYnJD0a8hrzb,Caution,Projexx;Juls,46,155295,1,0.902,0.48,1,-7.684,1,0.087,0.154,0.000115,0.105,0.553,102.021,4,0
6TFUGAC1zk57FICwy1wZNW,Dura - Remix,Daddy Yankee;Natti Natasha;Becky G;Bad Bunny,0,242160,0,0.772,0.803,1,-3.035,1,0.0468,0.187,0.0,0.434,0.853,94.98,4,0
7MSehijy3QmQLtv0S14uDn,Cristal Silence Section 5,Robert Haig Coxon,21,394866,0,0.237,0.0453,0,-25.535,1,0.0375,0.913,0.917,0.102,0.0795,65.576,3,0
1NWS6hujc1n3GIVHiDdo7B,Casa mais feliz da rua - Ao vivo,João Gustavo e Murilo,40,165750,0,0.565,0.719,4,-8.41,1,0.0509,0.25,0.0,0.158,0.624,160.004,4,0
3672DNEisN5yExyR4KUPww,No Rain,Blind Melon,0,217200,0,0.359,0.573,9,-6.054,1,0.0326,0.665,0.000178,0.136,0.562,73.368,4,0
5ynxx6zC4dgzsMHLYQ04Dc,Remedy,Seether,70,207213,0,0.55,0.952,8,-4.664,1,0.0924,0.000193,0.000666,0.0614,0.391,127.804,4,0
4255amV4enzl28KAn16rUO,Are You With Me,Lost Frequencies,74,138013,0,0.763,0.608,5,-8.1,0,0.035,0.262,2.5e-05,0.12,0.393,121.02,4,1
0aWMVrwxPNYkKmFthzmpRi,Blue in Green (feat. John Coltrane & Bill Evans),Miles Davis;John Coltrane;Bill Evans,63,337733,0,0.421,0.0162,2,-25.358,0,0.0388,0.808,0.0024,0.0978,0.154,110.479,4,0
43rKKMlA9F7Xdzzk2OdTVX,Beer on a Beach,Jesse Rice,23,212844,0,0.61,0.631,9,-7.124,1,0.0288,0.129,1.21e-05,0.161,0.604,77.017,4,0
107K6xieSp2ihzoA2vTv2q,Can't Find My Way Home,Blind Faith,54,196133,0,0.561,0.257,7,-17.417,1,0.0343,0.858,0.00185,0.0949,0.579,88.276,4,0
6TqNKjiEZoOAw3r4OpiCjT,Apologize,OneRepublic,0,208106,0,0.596,0.74,8,-6.127,1,0.0338,0.341,2.05e-05,0.102,0.493,118.031,4,0
1jJiM8kiIRSZ95xhLmoQZr,FEEL,Delta Heavy;Koven,52,220711,0,0.45,0.914,9,-0.513,0,0.0376,0.0121,0.000402,0.121,0.424,174.087,4,0
7skh6P9IoZ4wQBqTHd0xku,Calamatraca,BaianaSystem,33,181706,0,0.657,0.72,9,-6.375,0,0.0858,0.00356,0.000948,0.0809,0.413,142.006,4,0
3ZbbTKiMX1p7S1hUXtb9SO,Quando Te Vejo,Thiago Ramalho,48,194631,0,0.639,0.339,1,-10.937,0,0.0373,0.486,0.0118,0.155,0.176,127.91,3,0
14GkOLSlvq2Q09fFbIgK2u,Something Like a Love Song,Yusei,13,293403,0,0.492,0.416,0,-11.569,1,0.393,0.925,0.856,0.15,0.468,67.202,3,0
1ObSvlzYuc5PDhklq2iLoJ,Watchers of the Sky - Original Mix,UMEK;Mha Iri,44,402518,0,0.691,0.985,9,-4.384,0,0.0683,0.000685,0.695,0.217,0.0348,132.997,4,0
02hLeVpizdFbyt7MaZ8aUr,Let It Go,Jon Sarta,21,248661,0,0.68,0.154,8,-20.01,1,0.0407,0.975,0.824,0.114,0.149,120.076,4,0
6NI3argvAq77Pc76uSG1NO,Acorazados,Carajo,36,250386,0,0.534,0.938,3,-4.299,1,0.0623,0.00559,0.0,0.239,0.578,146.979,4,0
3V2ricb6fi4OCJu2rjhL1A,Naan Un,Arijit Singh;Chinmayi,62,288360,0,0.47,0.521,6,-11.142,0,0.0391,0.579,3.39e-06,0.112,0.329,142.268,3,0
308Ir17KlNdlrbVLHWhlLe,The Feels,TWICE,78,198053,0,0.808,0.903,9,-2.179,1,0.0729,0.0899,0.0,0.0816,0.922,120.044,4,1
5nVCN27s9SCrIdKQ7oNN0p,I've Got to Change,Stonewall Jackson,11,129773,0,0.544,0.318,4,-11.036,1,0.0357,0.883,0.0,0.161,0.535,114.294,4,0
51mkxlKoGL1bAj8uR2gE7d,Heaven,Bazzi,0,153391,0,0.798,0.575,5,-5.515,0,0.035,0.14,3.62e-06,0.056,0.683,114.986,4,0
3k64vNcgYPkETG7TNgpW4o,裸の勇者,Vaundy,68,201973,0,0.442,0.888,9,-5.747,0,0.121,0.0127,0.000727,0.2,0.435,163.032,4,0
74dP5hqakjK6WAs05TqOwb,Ishaqzaade,Amit Trivedi;Javed Ali;Shreya Ghoshal;Kausar Munir,59,316865,0,0.32,0.337,0,-10.91,1,0.0611,0.709,0.0,0.0662,0.206,79.098,4,0
1nE1VjP943pIuFdNWcLgYM,Feel Again,OneRepublic,49,185080,0,0.471,0.822,7,-8.017,0,0.0538,0.0201,0.0,0.105,0.363,140.007,4,0
6ilTR3RpLCAHDt3Z6YuQGx,シンデレラ,Cidergirl,62,212310,0,0.572,0.955,7,-2.617,1,0.0626,0.0141,0.0,0.315,0.717,129.981,4,0
1A1YlVucS5hugYaeWXfCA8,Mankatha Theme Music,Yuvan Shankar Raja,52,184866,0,0.678,0.375,5,-6.992,0,0.0293,0.25,0.908,0.209,0.202,89.994,4,0
3QCL4FJOSqLrFDJmcdNSbA,Sathi,Ritviz;Nucleya,52,216219,0,0.585,0.625,6,-5.13,0,0.0765,0.0444,0.0,0.0376,0.666,164.066,4,0
3Y69S43VeVX8T2FR8DsWGJ,Оу щит,kizaru,49,166992,1,0.795,0.571,4,-7.1,0,0.0431,0.0164,0.0193,0.103,0.311,134.047,4,0
3JsQxnpgou52j7f5Jy3cPu,Adi Yendi Pulla,Yuvan Shankar Raja,44,223255,0,0.681,0.477,5,-12.117,0,0.239,0.538,0.00501,0.156,0.452,172.047,4,0
3xr8COed4nPPn6XWZ0iCGr,River Flows in You,Yiruma,64,218293,0,0.287,0.292,9,-19.285,1,0.0541,0.968,0.978,0.09,0.346,145.703,4,0
17ZyJI8Za0GXrlygzlKGuf,Такси,Александр Добронравов,0,221538,0,0.314,0.61,4,-6.855,0,0.0685,0.0659,0.0,0.13,0.643,69.027,3,0
7sJf9eFhqUFKiR4JaXp7dd,Good Day,Surfaces,0,181000,0,0.937,0.353,11,-12.17,1,0.0458,0.691,2.77e-05,0.133,0.863,124.966,4,0
2h9eJrxNG298kW8ar3Oci9,Ebrio de Amor,Valentín Elizalde,42,166276,0,0.573,0.593,5,-5.761,1,0.0389,0.207,6.97e-06,0.338,0.964,104.666,4,0
0zKVsJQbeWL59hisI4vXNo,Ángeles Con Una Sola Ala,Dragonfly,19,385066,0,0.552,0.974,7,-3.352,1,0.0886,0.00659,4.26e-06,0.222,0.174,110.002,4,0
2M3pgB4TfBkY5s4lTgFIO0,Nem Dói Mais - Ao Vivo,Matheus & Kauan,51,188102,0,0.498,0.93,9,-3.958,0,0.131,0.0793,0.0,0.754,0.427,159.833,4,0
0ox0AhILvRzvOLXEAgNSdQ,"Hakuna Matata (From ""The Lion King 1½"") - From ""The Lion King""/Soundtrack",Nathan Lane;Ernie Sabella;Jason Weaver;Joseph Williams,31,212346,0,0.441,0.597,0,-7.958,1,0.123,0.573,4.07e-06,0.113,0.657,80.538,4,0
3bCp61o3h46Yvr0vgMJlaL,Close To Me,Ellie Goulding;Diplo;Swae Lee,0,182626,1,0.572,0.75,1,-5.042,0,0.0604,0.0946,0.0,0.378,0.475,144.081,4,0
75JhYhGyekZtPgDyLbyRqS,Jellyfish Chute,Jobii,37,161379,0,0.654,0.519,4,-10.262,0,0.198,0.284,0.909,0.143,0.271,174.019,4,0
75B4aRb2mpubbZNG6YMeur,Aurora - Mixed,alva noto;Ryuichi Sakamoto,13,302050,0,0.507,0.0454,5,-28.97,0,0.0576,0.857,0.955,0.109,0.0757,119.95,4,0
6oilrypHWm0iylwgX6ujQc,知足,Mayday,46,256626,0,0.519,0.232,4,-9.029,1,0.0269,0.877,0.0,0.104,0.364,80.449,4,0
3EDbqYLrCNBP7J2CqcMPZO,The Power,Duke Dumont;Zak Abel,52,197449,0,0.625,0.831,5,-6.757,0,0.0541,0.00447,0.0624,0.0923,0.191,121.929,4,0
6t9q7owmdBEYaePgV8u4kG,Mantaro,William Luna,24,260653,0,0.607,0.584,2,-7.353,1,0.0368,0.0636,6.5e-05,0.495,0.874,102.021,4,0
6ddyizbXKAF46BDLahptk6,櫻花草,Sweety,54,283826,0,0.541,0.583,2,-4.913,1,0.0329,0.733,0.000329,0.0841,0.39,148.118,4,0
0FzGKD3N0jK6nNOyOJBvNG,While My Guitar Gently Weeps,The Beatles,53,226756,0,0.417,0.163,5,-14.445,1,0.0369,0.676,0.000211,0.112,0.216,122.61,4,0
3rcabUHPdv5Ulw8B6Khkxc,Welcome To London,Charlie Sparks (UK),61,415594,1,0.596,0.964,6,-8.336,1,0.041,0.000194,0.763,0.119,0.478,144.995,4,0
45oxtVfleBBYG9ps80hyTL,Ova Dweet (Mixed),Popcaan,3,151500,0,0.503,0.673,1,-7.685,1,0.395,0.126,0.0,0.607,0.539,128.454,5,0
0F5GuukYSgfX6ALuyrCgMH,It's Christmas,Jamie Cullum,0,194706,0,0.598,0.447,8,-7.932,1,0.0404,0.224,0.0,0.0704,0.365,123.855,4,0
59tolr22QPXGEfykN5Y3lD,Heart Problem,Caroline Dare,44,167507,0,0.648,0.598,0,-6.751,0,0.0623,0.154,0.000132,0.106,0.431,76.025,4,0
1nAqLID4ZQTgDx4mkL4Ikt,All I Want For Christmas Is You,Jamie Cullum,1,253388,0,0.659,0.274,7,-11.686,0,0.186,0.694,0.0,0.148,0.479,127.862,4,0
2zvAon77qSlqp1fWHyyFvR,Cassandra,The Naked And The Dead,22,206160,0,0.144,0.987,0,-4.283,1,0.179,9.11e-05,0.28,0.348,0.399,177.502,4,0
4blUHVZ0P242n0OM3LvvHp,Six Million Dollar Rock Dub,King Tubby,0,214000,0,0.75,0.751,0,-8.97,1,0.107,0.01,0.0858,0.132,0.614,67.803,4,0
5jyLgNLPKalEycqNxAK6Rd,Snapshot,Roni Size;Reprazent,13,261826,0,0.551,0.863,11,-3.394,1,0.207,0.0516,2.56e-06,0.189,0.796,169.839,4,0
7c6AxRHaO6nfzhOxLShc94,Ladrón de Mi Cerebro,Patricio Rey y sus Redonditos de Ricota,47,214053,0,0.566,0.784,9,-7.609,1,0.0294,0.0875,0.00792,0.115,0.572,109.851,4,0
67TCXNNzlPLBpga4ygHgY7,Dark and Lovely Clouds with Thunder,Thunderstorms;Thunderstorm;Calming Sounds,33,77883,0,0.196,0.448,10,-23.336,1,0.0706,0.65,0.93,0.208,0.0235,109.135,4,0
2W4HNWdpmrg64swTIK6TLI,About Damn Time,Lizzo,0,191822,1,0.836,0.743,10,-6.305,0,0.0656,0.0995,0.0,0.335,0.722,108.966,4,0
0whtrgZYUHHKd1OGmb9FbE,Face Mask,Koo Koo Kanga Roo,19,117476,0,0.91,0.776,10,-6.669,0,0.151,0.058,1.15e-06,0.131,0.619,99.972,4,0
6tisytwaOaBA4CAZPPdlFP,Menino do Rio,Baby Do Brasil,45,263733,0,0.38,0.548,0,-9.26,1,0.0333,0.73,0.000142,0.31,0.395,152.498,4,0
6YTcjfbKZQArfPzZ5tbTMZ,Ring in the Season (Reprise),Idina Menzel,44,76125,0,0.34,0.0836,9,-12.937,1,0.0386,0.988,0.000298,0.101,0.203,171.64,4,0
1hZnDaUq0F8VLn800aAbJK,Fue en un Cafe,Los Apson,47,191040,0,0.734,0.458,4,-5.547,1,0.0287,0.685,0.0,0.0877,0.718,106.25,4,0
3sqRODOZ1Z6hR4F2tnFAlg,Sakhiyaan,Maninder Buttar,73,179325,0,0.706,0.674,9,-5.932,1,0.044,0.3,0.0,0.202,0.359,83.001,4,1
52ajPhs8jo0XjmQE8WjaJu,Easier to Run - Live LP Underground Tour 2003,Linkin Park,45,202466,0,0.499,0.92,3,-4.723,0,0.0589,0.0714,0.0,0.116,0.315,105.018,4,0
1SXnEl6HKPKea9nG4nh2uJ,Werewolves of London,Glee Cast,22,189413,0,0.691,0.904,9,-6.162,1,0.0295,0.0872,3.96e-05,0.108,0.866,110.025,4,0
1VB4sadHjFcFklHcZuoROi,Como Camarón,Estopa,66,202026,0,0.499,0.721,9,-9.615,0,0.0564,0.216,9.74e-06,0.295,0.843,140.4,4,0
5ENZmalv3TTuZyZpihKyg1,Underneath (feat. Linney),Gammer;Linney,35,161333,0,0.546,0.949,4,-4.353,0,0.0534,0.00652,0.00256,0.192,0.246,134.956,4,0
0wNf3Yk11625KJ6mDkEjzu,Aao Chalein,Taba Chake,53,185305,0,0.705,0.637,10,-7.367,1,0.084,0.126,0.0308,0.233,0.819,127.656,4,0
1oQ3ZeVziQn3302diECtk4,Bread Over Bed,Omar S,10,361492,0,0.811,0.899,7,-8.484,0,0.0662,0.00328,0.914,0.0975,0.491,122.961,4,0
47KFrBgysM9cBF9BYL74lw,Dont Go Away - Zombie Disco Squad Remix,Kolombo;Loulou Players,19,406461,0,0.809,0.564,6,-8.028,0,0.0583,6.87e-05,0.599,0.0651,0.639,123.986,4,0
1eR6d1EuujPXYHXEKgK6VU,Hum To Bhai Jaise Hain,Madan Mohan;Lata Mangeshkar;Javed Akhtar,44,257645,0,0.728,0.804,7,-6.191,0,0.0481,0.238,0.00162,0.163,0.578,97.991,4,0
5zd5E997WvnVztMHoO5BM3,Paw Patrol Opening Theme,The Party Cats,0,147091,0,0.729,0.84,2,-7.395,1,0.0274,0.0162,0.0,0.0761,0.771,109.976,4,0
7HSOdzvgyS0Cr822oyWQV3,Battle of Evermore,Blind Faith,0,247866,0,0.534,0.416,4,-13.251,0,0.0309,0.572,1.87e-05,0.376,0.374,145.092,4,0
0v9mFL6DK8xiyJWNPYjXca,Abra os Meus Olhos,Jozyanne,44,336271,0,0.479,0.693,9,-5.845,0,0.0442,0.242,0.0,0.922,0.352,139.93,4,0
79oZZpI6Z8OODY8CRy5IT3,Coconut Grove,Deep Chills,53,148005,0,0.652,0.725,0,-6.542,1,0.047,0.439,0.699,0.156,0.956,119.998,4,0
0n3mB1nLmwh55MZaqQllEq,The Wedding,Jóhann Jóhannsson,49,102584,0,0.241,0.231,10,-16.365,1,0.0322,0.85,0.939,0.112,0.274,134.836,3,0
12W9unXMYgQhUmTpFzHVv3,Chama Ela pra Mim - Ao Vivo,Eduardo Costa,44,210162,0,0.6,0.608,2,-9.467,1,0.0475,0.205,0.0,0.797,0.305,141.679,4,0
68Rnp6Cev6ESnEwlpQI2Ll,Trampoline - Jauz Remix,SHAED;Jauz,64,236170,0,0.49,0.606,7,-6.604,0,0.0424,0.169,0.00106,0.0704,0.119,126.553,4,0
3PVxFrXLdtISm3MSyfkWUk,Setentista,Attaque 77,43,229746,0,0.421,0.907,4,-4.422,1,0.0476,0.0167,6.55e-05,0.198,0.668,156.023,4,0
5QWCYlbkt3Kd4ZG837k7oI,Diante do Rei,Vida Reluz,49,230133,0,0.555,0.324,9,-10.63,1,0.0282,0.438,0.0,0.264,0.117,129.839,4,0
6eTRQbYbCnrnm0ghn4eUNd,Allt finns kvar,Eleonora Feldt,65,239224,0,0.173,0.0112,0,-35.577,1,0.0333,0.912,0.952,0.107,0.0379,59.386,3,0
4NcW4k39BVv2KzqXzg7gYt,Heaven Is A Place On Earth,Nora Van Elken,55,154615,0,0.623,0.845,4,-3.957,1,0.0602,0.0625,0.00276,0.249,0.307,122.854,4,0
5wvmIBkBcqg1y5kniumrQk,Cold Shoulders,Prateek Kuhad,34,218269,0,0.669,0.213,10,-15.379,1,0.0398,0.778,0.0146,0.0849,0.204,129.604,3,0
7fpvwvVR2zhNaWUAUDXznF,Melhor Lugar: Sessão Acústica,Marcelo Markes,46,252874,0,0.335,0.298,8,-12.329,0,0.0328,0.859,0.00183,0.109,0.105,126.957,4,0
7CZKnz9mEt8Z638tyY5cKL,Eden,Monkey Majik,54,271520,0,0.54,0.752,11,-5.212,1,0.0267,0.159,0.0,0.363,0.462,84.033,4,0
3bbqxT5UGZsvTy1r3txs0t,Mosaïque,Ash,58,221935,0,0.671,0.773,7,-5.789,0,0.0289,0.247,0.797,0.245,0.236,92.968,4,0
5Y11HxYsm8YPbYVzfll1qi,De Mandadores y Mandados,Ricardo Iorio;Cianciarulo,20,166693,0,0.357,0.986,2,-5.393,1,0.0654,4e-05,0.132,0.302,0.617,145.307,4,0
6vQTZKCbXMHlorFFWbznTW,Long Live Cowgirls,Ian Munsick;Cody Johnson,0,184746,0,0.233,0.432,10,-5.957,1,0.0321,0.291,0.0,0.279,0.286,195.663,3,0
4KjlO4yts8Oe8slM4aeCBe,Los,Plaid,11,290156,0,0.687,0.847,1,-9.404,0,0.0676,0.00779,0.821,0.102,0.227,192.019,3,0
1Mbv3EJOUo6twpjn1p5oWY,O Tannenbaum,Dave Brubeck,0,215400,0,0.572,0.0134,3,-29.694,1,0.0632,0.995,0.925,0.104,0.0873,113.888,4,0
55kDJdv7pymmG4URJlVTYR,Tankwa Town,Oliver Koletzki,50,453506,0,0.736,0.401,7,-11.285,1,0.0476,0.102,0.293,0.0938,0.0543,100.008,4,0
62HWUAEVA2H3COerlBY4FN,backseat - remix,TJ Hickey;Bino Beats;Abstract,41,140040,0,0.687,0.486,8,-10.767,1,0.0548,0.626,0.0,0.0722,0.722,93.034,4,0
0rAuw3mWHHQZm5iczkEJHU,First Class,Jack Harlow,0,173947,1,0.905,0.563,8,-6.135,1,0.102,0.0254,9.71e-06,0.113,0.324,106.998,4,0
359PHdNHrEdBeFXzLC7TJJ,Für Dich,Mickie Krause,0,229740,0,0.643,0.996,5,-2.635,1,0.0775,0.0059,0.0,0.163,0.382,139.966,4,0
0YHuruiHL4Vzna7jeOdfJt,Nevermore,Lamb of God,54,275924,0,0.496,0.988,4,-4.409,0,0.11,8.33e-05,0.323,0.155,0.199,102.005,3,0
3UHv8SSIkNUDRBUHJx3Cg6,Oh! Darling - 2019 Mix,The Beatles,52,207146,0,0.437,0.669,4,-6.524,1,0.0395,0.0344,0.00395,0.347,0.514,173.67,3,0
0G1QJXeeYKChFaYm5oMd6u,Lumen,Matteo Tura,38,230727,0,0.498,0.909,7,-6.096,1,0.0331,0.000336,0.954,0.109,0.0396,100.01,4,0
7InCJS4uYocZm0SHh0Doro,Go Tell It On The Mountain / Ain't No Mountain High Enough - Medley,Gregory Porter;Anita Wilson,0,256040,0,0.559,0.79,2,-5.057,1,0.0535,0.0507,0.0,0.269,0.589,101.946,4,0
1XwCMlrS2Idp9kKQyXMyCP,"Flynn Wanted - From ""Tangled""/Score",Alan Menken,20,171160,0,0.32,0.516,1,-11.792,1,0.17,0.84,0.0474,0.226,0.141,146.921,4,0
5c0lWlmIyCq7hzBhpZasYL,Weekend Vibe,Jubël,65,166909,0,0.688,0.742,5,-6.363,1,0.0496,0.00912,1.37e-06,0.186,0.74,110.026,4,0
3KDZ70hGCblHi2XO6DYLUV,Boomerang,Lalo Ebratt;Trapical,0,181045,0,0.603,0.661,0,-5.857,0,0.088,0.221,0.000303,0.0997,0.919,92.135,3,0
5QtEFRYavs5S3GHtFEq7A4,Tujhe Kitna Chahne Lage,Arijit Singh,68,284779,0,0.395,0.397,11,-7.556,1,0.0368,0.735,0.0,0.11,0.303,70.568,4,0
6H8qW0UoLvVWFaE0sms6NK,My Wicked,GG Magree,42,233048,0,0.333,0.805,0,-4.376,1,0.0433,0.0856,0.0,0.285,0.175,163.969,4,0
3Z3qXBFfGKYpzSZRvcHRy5,Take Me Up (Lego's Mix),Ralphi Rosario,24,384219,0,0.887,0.651,5,-7.895,1,0.0421,0.027,0.105,0.0503,0.652,123.004,4,0
5U94kDnOenuSxzkUM6KNfh,Lullabye,Emitt Rhodes,49,65773,0,0.483,0.0584,0,-21.374,1,0.0322,0.919,0.154,0.0953,0.695,97.57,4,0
0lozAj904nKA5sb3C6aAPu,Deixa A Vida Me Levar,Zeca Pagodinho,50,275466,0,0.631,0.845,11,-8.08,1,0.236,0.486,0.0,0.0864,0.807,105.103,4,0
1ox7rM1pfLt0xhXsRVxDma,Did You Get My Message?,Confess,0,266040,1,0.502,0.988,2,-3.033,1,0.0923,0.000572,0.0,0.196,0.455,130.029,4,0
5mN3xSyvCmFy1jkdA98IfS,Fever,Wizkid,56,252244,0,0.755,0.806,0,-4.618,0,0.0479,0.544,0.000114,0.0908,0.892,98.008,4,0
4pp9Yhne1AavWHck7OzGFD,"Don't Ask, Don't Tell",Chelsea Grin,50,321746,0,0.467,0.983,9,-3.443,0,0.153,0.00209,0.105,0.349,0.0833,120.01,4,0
7aeAyToos4zz03yj7oFgYh,Sloop De Bleumkes,Szeukers,28,183759,1,0.617,0.665,8,-6.291,0,0.242,0.00583,0.0,0.0862,0.285,159.959,4,0
7cTOHp4e3lQjt6UlHRjwPM,Nggak Perlu,Slank,37,242520,0,0.397,0.467,4,-13.932,1,0.0304,0.0138,0.000897,0.114,0.396,142.851,4,0
5saBHi3sDRRcrtLUC4zwuZ,Я Вас любил,Nikolai Erdenko,0,199280,0,0.305,0.201,3,-13.253,1,0.036,0.926,0.265,0.17,0.04,102.865,5,0
20hq7nXNC6sy3M636qTMI7,Song of Storms,Kato,44,103705,0,0.76,0.366,5,-8.91,1,0.0479,0.837,0.907,0.0945,0.317,84.998,4,0
1ZCKHOhHGPRD6sbjVAedlv,Make It To Christmas,Alessia Cara,0,211013,0,0.535,0.522,2,-7.87,1,0.0363,0.131,0.0,0.438,0.305,77.054,4,0
60KZzvMOCeuDMwT8yVp84N,El Sirenito,Plastilina Mosh,23,235186,1,0.671,0.898,7,-6.861,1,0.0771,0.11,2.61e-05,0.117,0.875,92.953,4,0
12Oywn6DYHxxnq1DUFrwRR,Pomalu,Marie Protivová,62,204000,0,0.0656,0.0272,2,-34.766,0,0.0449,0.967,0.956,0.0821,0.0638,68.828,3,0
2aJDlirz6v2a4HREki98cP,Glue,Bicep,74,269149,0,0.853,0.798,4,-7.995,0,0.068,0.0158,0.948,0.0967,0.42,129.983,4,1
6pArG37G17mn5yBeDepzml,千秋万歳!電波一座!,Dempagumi.Inc,17,291460,0,0.547,0.99,8,-2.858,1,0.218,0.00581,0.0,0.123,0.734,168.097,4,0
7y0aQ62mgR5ASfA6HL6iwW,Underwear,Chris Robinson,23,173252,1,0.58,0.33,8,-16.166,1,0.948,0.718,0.0,0.802,0.702,84.172,3,0
28X3oUkHJBD0H6Paal3rJX,Reloader,Priest,25,204000,0,0.661,0.556,11,-10.241,0,0.0285,0.0552,0.000274,0.0645,0.567,115.019,4,0
0kPXtyPmSXjU90Mf3lOIlt,Jetzt ist der Teufel los - Single Party Version,Tobee,23,239394,0,0.556,0.999,0,-1.876,1,0.293,0.0818,0.0,0.829,0.643,150.996,5,0
01xdiGuSuIf5qZulm1uqkY,Feel It!,D-Block & S-te-Fan;D-Sturb,64,236903,0,0.459,0.941,9,-2.053,0,0.0777,0.0191,0.0,0.371,0.399,155.023,4,0
0RywTYPLSmDNiVOwzo0K1h,Judia de Mim (Ao Vivo),Seu Jorge;Zeca Pagodinho,42,132320,0,0.5,0.841,0,-6.456,1,0.163,0.805,0.0,0.641,0.911,126.034,4,0
1dvnUfL3Ne47QlSoIo8Y3a,Lew to pech,Ewa Konstancja Bułhak,31,105693,0,0.493,0.544,2,-9.919,1,0.0481,0.67,1.66e-05,0.0364,0.773,175.498,4,0
0AFDe9XA8JjerFSsnsP1K8,Lovely,Lauren Babic;Seraphim,55,181043,0,0.523,0.563,4,-8.398,0,0.0439,0.235,4.01e-06,0.0876,0.323,115.1,4,0
2pYaGdqXBrl8MdvuwgtBb7,Legendary,Skillet,63,244538,0,0.548,0.924,11,-4.48,0,0.0689,0.00033,1.42e-05,0.162,0.242,124.031,4,0
16LSXbobYBqw92c8DDEfS1,Still Loving,Andrea Roma;Leusin,44,218536,0,0.856,0.672,7,-6.848,0,0.0497,0.407,0.605,0.244,0.0579,123.04,4,0
4rMLQycynM5w0fmZregNe7,5 Foot 9,Tyler Hubbard,1,189780,0,0.602,0.796,5,-5.609,1,0.0465,0.146,0.0,0.125,0.53,106.005,4,0
2gKDcx33x3s7anJxhBLVz5,Águas Limpas,Ministerio Ipiranga,37,387146,0,0.546,0.601,4,-6.522,1,0.04,0.676,0.0,0.918,0.253,124.921,4,0
3yuCAw61jqfyv2KzMoVdXA,Fly,Ludovico Einaudi,58,278933,0,0.174,0.178,1,-18.717,0,0.0362,0.994,0.861,0.0737,0.0347,167.972,3,0
0eei3Q3RLKtA9HkvYCQC7t,Khone Do,Prateek Kuhad,44,239360,0,0.514,0.123,10,-11.512,1,0.0379,0.851,0.0394,0.127,0.169,122.782,4,0
1B5YsfY3azhY2WBsyK0NgC,I've Earned My Time,Upon A Burning Body,23,187733,0,0.459,0.995,7,-2.107,0,0.131,0.000123,0.0,0.183,0.29,127.343,4,0
18PRNYTB4Y282IbNnt8RI8,Julianne Johnson,Uncle Earl,24,153720,0,0.556,0.494,2,-9.875,1,0.0403,0.72,0.91,0.215,0.908,131.212,4,0
6UKrqWqzDTCYBCH2OXAMC3,I've Never Been There,Yann Tiersen,57,95093,0,0.638,0.384,7,-7.193,1,0.047,0.926,0.341,0.44,0.766,99.967,4,0
2e8hLllj0W2BV54QWPIt9U,Gabriel - Scroll Mix,Roy Davis Jr.;Peven Everett,14,417165,0,0.846,0.448,1,-13.209,1,0.0575,0.0138,0.837,0.0746,0.467,127.979,4,0
5UcpS8tiqIBonv1O145xlq,Devil On My Shoulder,Chelsea Cutler,0,212493,1,0.661,0.323,7,-9.579,1,0.0412,0.649,1.82e-05,0.193,0.372,129.955,4,0
5FtemPS1ZEhULQnIN8gmVT,Agoya,The Souljazz Orchestra,20,306733,0,0.739,0.88,7,-5.531,1,0.0723,0.59,0.811,0.198,0.783,115.967,4,0
4mTLnLuHoGhA2xd595OMg1,Shiawase - VIP,Dion Timmer,43,181750,0,0.557,0.98,8,-0.563,1,0.154,0.00612,0.000176,0.665,0.5,150.096,4,0
4ypHsbn2y6aXKuDCHDrYT6,Acapulco,Jason Derulo,0,139672,0,0.774,0.792,10,-4.021,1,0.0523,0.051,0.0,0.155,0.507,122.062,4,0
6beSXVbbvppuDsgD1pAZuG,"Iko Iko - From ""Alvin And The Chipmunks: The Road Chip"" Soundtrack",Alvin & The Chipmunks,48,120200,0,0.751,0.867,7,-3.411,1,0.179,0.253,0.00419,0.0653,0.962,169.933,4,0
4GiVJNc7DUa8xxmRuecZsB,Wildshit,Hanumankind,20,194000,1,0.694,0.561,9,-10.436,1,0.344,0.0461,0.0,0.163,0.42,180.105,4,0
6d2ztWPZcsIX3UrxuCVROf,I Can't Be - Ilkan Gunuc Remix,Hakan Akkus;Ilkan Gunuc,37,254237,0,0.722,0.536,10,-7.868,0,0.0287,0.0678,0.129,0.0935,0.337,117.997,4,0
2Qm7HUXiXKIKRlfGGyEHL5,When The Woods Were Young,He Is Legend,29,216170,0,0.244,0.964,2,-4.663,1,0.119,4.07e-05,0.436,0.244,0.216,177.6,4,0
6unYNtRRSI65tn3GJUFYlZ,Gang Outside,kizaru;Milian Beatz;Lil Gotit,52,194117,1,0.865,0.594,10,-8.888,0,0.252,0.136,1.02e-05,0.273,0.545,118.974,4,0
2bEBafnFsw7a0X8rjJxdBh,Jumpin' Jack Flash,Thelma Houston,31,205400,0,0.532,0.697,8,-11.461,1,0.0393,0.0632,0.341,0.258,0.817,132.751,4,0
5uBKhKWTJ4E47rcLQqu3YH,I Shot The Sheriff,The Wailers,60,279720,0,0.801,0.641,8,-9.349,1,0.173,0.34,4.5e-05,0.0693,0.741,96.96,4,0
7DY2nRhvYwOOiOWWqydNvN,Back From The Dead - Original Mix,Paul Elstak;Partyraiser,17,248662,0,0.582,0.867,6,-4.35,0,0.127,0.00434,0.000158,0.306,0.539,92.563,4,0
5SbE5ptbYNFahUdICaS6kp,OK Not To Be OK,Marshmello;Demi Lovato,0,159862,0,0.743,0.837,1,-5.025,0,0.0649,0.0172,0.0,0.0743,0.263,103.072,4,0
7MvUTgehqKITlwxPTNfPuU,Growing Pains,Alessia Cara,0,196533,0,0.354,0.753,1,-6.274,0,0.743,0.0836,0.0,0.314,0.455,191.139,4,0
0OF6WSdeVmYEGBZlxvwvLq,Anything You Synthesize - Ambient,The American Dollar,53,248125,0,0.496,0.0936,1,-22.248,0,0.0359,0.43,0.94,0.0997,0.0308,120.116,4,0
4rjkDg26WVRWMZ1XL02z8m,King Of Kings - Live at Hillsong Conference,Hillsong Worship;Brooke Ligertwood,45,291565,0,0.454,0.427,2,-8.049,1,0.029,0.0205,0.0,0.69,0.184,135.887,4,0
0WyIhAFBnroUJ8Decba0j1,Singin' to Strangers,The Wood Brothers,26,230986,0,0.422,0.772,7,-5.386,1,0.0307,0.000496,0.0,0.338,0.653,152.819,4,0
3Cx4yrFaX8CeHwBMReOWXI,We Didn't Start the Fire,Billy Joel,76,287733,0,0.712,0.967,7,-5.206,1,0.047,0.0771,0.0,0.356,0.895,145.024,4,1
37Vpwl1B9rV95igWTpDiUp,LENTITO,Alvaro Diaz,0,203546,0,0.584,0.803,1,-4.953,1,0.273,0.0392,4.71e-05,0.0973,0.339,108.049,4,0
4viZNXLsmhCsSVjiRZ7GC1,Baa Baa Black Sheep,CoComelon,49,147780,0,0.711,0.396,0,-11.266,1,0.0486,0.829,3e-05,0.119,0.969,199.955,4,0
4CuXyFGGXns7BvvYYCaWA0,Omega,Greyboy,19,64693,0,0.755,0.876,2,-8.079,1,0.0729,0.014,0.826,0.0641,0.894,108.383,4,0
3HKiR4t12GW18bnPUVhx5l,Island (feat. Nevve),Seven Lions;Wooli;Trivecta;Nevve,51,278400,0,0.427,0.836,5,-3.323,0,0.0466,0.0456,0.00238,0.369,0.248,150.128,4,0
58DLcRczOIATNmqrUDosCU,Duas Vezes Você - Ao vivo,Bruno & Marrone,52,226960,0,0.632,0.789,7,-6.98,1,0.0414,0.406,0.0,0.708,0.681,134.96,4,0
4YZFBZr3x5kEWRhKDU6WYz,The Little Drummer Boy,Stevie Wonder,0,185453,0,0.523,0.448,2,-13.53,1,0.0593,0.442,0.0,0.111,0.351,134.511,4,0
4YrNMRi01sLoeidswaezgA,I Took A Pill In Ibiza - Seeb Remix,Mike Posner;Seeb,0,202440,1,0.671,0.806,7,-5.198,0,0.0889,0.0305,1.2e-05,0.298,0.646,104.39,4,0
0WrxJn5wWUgU9U2gY0khWf,Puro êxtase,Barão Vermelho,45,248600,0,0.754,0.874,9,-5.847,1,0.047,0.144,6.15e-05,0.834,0.682,114.445,4,0
3zHq9ouUJQFQRf3cm1rRLu,"Love Me Like You Do - From ""Fifty Shades Of Grey""",Ellie Goulding,79,252534,0,0.262,0.606,8,-6.646,1,0.0484,0.247,0.0,0.125,0.275,189.857,4,1
4IM0eSvgcbFwuwMx0iYOUu,I Don't Like To Sleep Alone,Paul Anka;Odia Coates,0,198826,0,0.471,0.557,10,-9.696,1,0.0277,0.413,7.61e-06,0.267,0.26,127.164,4,0
7y3MmRQ8IowzGMo18DD5oh,Frederick's Soliloquy,Roger Bart,19,47013,0,0.405,0.292,3,-8.178,0,0.091,0.742,0.0,0.082,0.535,161.191,4,0
0t5vqlqckfz7j27aL4Hz1c,Medea,Kerala Dust,50,308728,0,0.826,0.303,6,-15.485,0,0.0603,0.591,0.496,0.152,0.035,108.016,4,0
1Ukz0CbWzSxCx8IEMGvvIE,Midnite Cruiser,Steely Dan,0,246600,0,0.64,0.644,1,-10.273,1,0.0283,0.273,0.0,0.0449,0.722,99.197,4,0
6XxGhgnq91CRRNdzTUi4Dj,Ordinary World - Acoustic,Duran Duran,1,309160,0,0.437,0.434,1,-7.739,0,0.0274,0.46,1.04e-05,0.101,0.253,140.714,4,0
3h2WUCujW310vIT0Dd2hCa,Da.vironment,Proem,14,203280,0,0.485,0.614,1,-16.593,1,0.0578,0.189,0.91,0.13,0.337,113.354,4,0
3Maqlu2aPlU8NluW19O8JD,Paper Mache World,Matilda Mann,55,179083,0,0.479,0.754,2,-5.818,1,0.0849,0.455,5.82e-06,0.127,0.575,180.109,4,0
10TcaC8gPaLnUTixaAiSWC,"Слушайте, если хотите",Надежда Обухова,0,125133,0,0.465,0.0819,8,-15.578,1,0.0448,0.989,0.0,0.117,0.19,131.712,4,0
1WqKCdqgzthIO1MpBq76Bv,"Lieutenant Kijé, Symphonic Suite, Op. 60: IV. Troïka",Sergei Prokofiev;Chicago Symphony Orchestra;Claudio Abbado,0,164000,0,0.375,0.145,2,-18.732,1,0.0361,0.963,0.889,0.128,0.329,77.903,4,0
6R1Im770Tq8UzZ2uKT01fh,Sound the Alarm,The Knocks;Rivers Cuomo;Royal & the Serpent,0,171587,0,0.688,0.788,5,-3.064,0,0.0436,0.0164,0.000306,0.541,0.774,101.006,4,0
7AWLGa1ttY56igP0NhHYXT,Acid Attack,Ann Clue;Boris Brejcha,44,462720,0,0.85,0.369,6,-15.336,1,0.145,0.000203,0.837,0.0812,0.221,124.988,4,0
2ek5KjrttDKD3cTEJYwR6S,Road to Nowhere - Original Mix,Delano Smith,8,428083,0,0.692,0.3,7,-14.378,1,0.075,0.357,0.843,0.0891,0.243,123.935,4,0
7mf75mbPFLmtlcofz9mkk2,Бублички,Yuri Morfessi,4,167560,0,0.693,0.353,4,-8.167,1,0.111,0.993,0.0,0.419,0.883,142.443,4,0
5e3YOg6fIkP0wD5TyxcHOH,Cult of Personality,Living Colour,68,294826,0,0.504,0.918,0,-3.463,1,0.0517,0.00164,2.12e-05,0.78,0.539,92.031,4,0
5aQe0faFOjeskrHwpleXLJ,Yellow Paper Daisy,When Chai Met Toast,55,199772,0,0.428,0.442,7,-10.485,1,0.0303,0.775,0.000132,0.0818,0.687,105.829,4,0
1Cv1YLb4q0RzL6pybtaMLo,Sunday Best,Surfaces,77,158571,0,0.878,0.525,5,-6.832,1,0.0578,0.183,0.0,0.0714,0.694,112.022,4,1
0CQPPHjPpG4kAzvfOcKvh8,For God Is With Us,for KING & COUNTRY,58,196846,0,0.338,0.643,4,-7.093,0,0.0681,0.0102,1.98e-05,0.11,0.15,75.571,4,0
6ASkheRUcaSa2TiP8fNPXB,Nobody Said It Was Easy [Mix Cut] - Original Mix,Evil Activities,57,206160,0,0.247,0.834,0,-6.64,1,0.0515,0.00657,0.00088,0.38,0.058,172.792,4,0
5IfkPX8IQP35lYoR2ILOEx,Here to Forever,Death Cab for Cutie,0,226320,0,0.62,0.773,2,-8.324,1,0.0382,0.0741,0.000606,0.158,0.934,157.991,4,0
0OoPk96TtCA3gNFT3jfime,O horizonte é logo alí,O Rappa,42,228080,0,0.497,0.917,10,-4.996,0,0.0843,0.00753,0.000652,0.198,0.645,159.968,4,0
32nusAofV3372piP7Thg8w,Danny Boy - 2013 Version,Celtic Woman,19,197693,0,0.271,0.101,3,-14.4,1,0.0383,0.977,0.0,0.0969,0.211,150.204,5,0
6zyrb7dW1IR4Hrc8nXJsln,In the End,Linkin Park,54,216800,0,0.555,0.844,3,-6.567,0,0.0553,0.00818,0.0,0.0895,0.464,105.193,4,0
0hvaFbXyQGo7He66hmmGFh,Wildfire,Against The Current,0,166779,0,0.569,0.884,6,-5.654,0,0.0316,0.000158,0.000619,0.199,0.429,121.01,4,0
2po4ihyng69XdgRgmwGIcT,Girls Love Snoop,JANE HANDCOCK;Snoop Dogg,3,191861,1,0.787,0.445,4,-8.575,0,0.212,0.0112,0.0,0.0935,0.904,91.981,4,0
4vQnWwYBGabKpAoYLfinQp,Anacrônico,Pitty,40,192106,0,0.483,0.868,0,-6.083,1,0.14,0.014,0.0,0.487,0.561,138.111,4,0
7nudwi49ZHlgt6AtNNgVnJ,Long Way Home (Tritonia 400),Tritonal;HALIENE;SCHALA;Jorza,0,304390,0,0.584,0.77,11,-3.514,0,0.0644,0.0113,3.39e-05,0.418,0.411,129.913,4,0
4C4pU60ahf7UjFwxnQdetc,Ich geb uns nicht auf,Matthias Reim,26,222000,0,0.486,0.79,2,-5.358,1,0.0393,0.00385,0.000101,0.166,0.296,172.041,4,0
3yTRxKoTqRfvU1vrsGMjYx,Coração Radiante - Ao Vivo,Xande De Pilares,37,151263,0,0.574,0.754,0,-6.838,1,0.0497,0.797,0.0,0.98,0.95,98.005,4,0
61mWefnWQOLf90gepjOCb3,Duality,Slipknot,80,252613,0,0.354,0.982,4,-3.026,0,0.168,0.000237,0.000294,0.204,0.194,143.772,4,1
4d82n6rQPwKAku8DgDPCQl,No hay amor,Los Apson,35,153026,0,0.651,0.339,2,-9.859,1,0.0286,0.611,5.77e-06,0.0762,0.78,104.965,4,0
0XSA1QFx0nJk4m5wdh2omn,Então Pode Ir / Se Não Tivesse Ido (Ao Vivo),Ícaro e Gilmar,45,311195,0,0.551,0.576,2,-4.951,1,0.0279,0.621,0.0,0.729,0.544,104.141,4,0
7pXuB2ZfTEmltCxaVCxhWf,Santería,Lola Indigo;Danna Paola;Denise Rosenthal,0,184000,0,0.74,0.892,11,-2.756,0,0.0664,0.025,0.0,0.188,0.826,105.003,4,0
293xyTq2gy7G5PFaMeBbmd,La Luz de un Fósforo - En Vivo,Ariel Ardit;Orquesta Tipica,25,174693,0,0.505,0.436,7,-5.975,1,0.0453,0.866,0.0,0.966,0.46,113.526,3,0
0FjwrnkoCQOVu67Urzkq3P,Somewhere Only We Know,Keane,3,236160,0,0.453,0.655,9,-4.22,1,0.0257,0.0794,7.06e-06,0.0849,0.366,172.01,4,0
239yM7BAQ2CkNc61ogPGXo,Shot in the Dark,John Mayer,63,249080,0,0.741,0.556,2,-9.184,1,0.0266,0.0629,0.041,0.103,0.587,122.008,4,0
1T5C6ENvpM3IiYeezsK9uI,Karate,Kollegah;Casper,40,195813,1,0.436,0.717,9,-6.055,1,0.305,0.00559,0.0,0.334,0.357,78.632,4,0
2VEyRBSTePcHdGoWTwPgS9,Smack Alors On Danse - Dub Edit,Shade k;Terrie Kynd,14,199711,0,0.735,0.901,9,-5.798,1,0.106,0.0104,0.646,0.057,0.825,132.035,4,0
2wnjZXcAT3rCjjqxLeHjv7,Going Down,Freddie King,61,204333,0,0.565,0.526,0,-11.352,1,0.0365,0.0339,0.000119,0.11,0.637,167.936,4,0
1JAMQgaE6RaYk3L81nn3fq,Dying Freedom,Paradise Lost,25,223760,0,0.397,0.92,7,-9.214,1,0.0702,0.0105,1.42e-05,0.192,0.372,130.189,4,0
4iObEYRE4FLm0D90gmZFef,Since U Been Gone - Acoustic Version,Thomas Daniel,50,221170,0,0.538,0.162,5,-13.31,1,0.0299,0.847,0.0,0.114,0.366,94.981,4,0
1YQE7CCiRWAxJWkJcbjxCa,Overtime (MIRAMAR Remix),JADED;MIRAMAR,39,212957,0,0.773,0.897,2,-4.855,1,0.139,0.00301,0.612,0.118,0.372,123.978,4,0
0dLbrlAVPPjpPqnYfmJsWk,Tera Hone Laga Hoon,Atif Aslam;Alisha Chinai;Pritam,73,299827,0,0.684,0.771,8,-5.353,1,0.0307,0.548,0.0,0.112,0.539,119.982,4,1
37f4ITSlgPX81ad2EvmVQr,Fight Song,Rachel Platten,77,204013,0,0.564,0.714,7,-4.987,1,0.129,0.0549,0.0,0.155,0.33,175.924,4,1
2ZiJidFdQ30nVJEP4u44l3,Blank Space,I Prevail,63,240927,0,0.437,0.863,11,-5.28,0,0.0941,0.00302,0.0,0.144,0.233,194.073,4,0
1YnLthg0HOs8YTzgN5hVh2,God Only Knows,Kina Grannis;Imaginary Future,55,136542,0,0.658,0.125,8,-15.901,1,0.0323,0.877,0.0,0.287,0.507,106.686,4,0
0WwbnrNcJf6IXdfZIMdwuM,Tack Och Förlåt,Terra ,25,216586,0,0.387,0.858,8,-5.562,0,0.0417,2.32e-05,0.000239,0.155,0.56,144.959,4,0
7nojPrUwjypEwo5HVV5TXg,Omni,Numb,24,404000,0,0.514,0.34,7,-15.91,0,0.0292,0.554,0.914,0.116,0.0391,160.004,4,0
6KHeC3PaXJrsrzkMuop9Gl,Cumprirás,Central 3,39,340493,0,0.414,0.482,2,-7.948,1,0.0317,0.212,1.34e-05,0.0773,0.152,146.752,3,0
0HLhptvI8NozbOHRLNniFz,"Family (feat. Bebe Rexha, Ty Dolla $ign & A Boogie Wit da Hoodie)",David Guetta;Bebe Rexha;Ty Dolla $ign;A Boogie Wit da Hoodie,67,158994,0,0.687,0.717,11,-6.61,1,0.0755,0.0744,0.0,0.134,0.685,88.063,4,0
5y1b477Yh9qQxNMF9zD8EL,If You're Happy and You Know It,LooLoo Kids,38,100337,0,0.777,0.873,5,-4.491,1,0.0718,0.282,0.0,0.0743,0.967,147.989,4,0
6PiIbpaBg3RKXpcGpgRHwQ,Ocidentes Acontecem,Nomade Orquestra;Edgar,18,343306,0,0.454,0.743,0,-6.306,0,0.0394,0.124,0.00373,0.665,0.471,132.043,1,0
6o1oqcWqExA2OkEZR9leig,Słońce,Vivat,29,232904,0,0.728,0.815,4,-4.55,0,0.0487,0.186,0.0,0.109,0.904,127.995,4,0
0EfdF8WWM6tSCM9V04fnKv,Charlie Brown Jr.,Charlie Brown Jr.,36,191982,0,0.705,0.953,1,-3.128,1,0.149,0.038,0.0,0.0586,0.633,108.243,4,0
4cQJ27R11K634x5qCOwKW5,One Way Or Another - Remastered/2001,Blondie,67,215106,0,0.45,0.914,2,-5.4,1,0.0607,0.0305,1.42e-05,0.152,0.904,162.487,4,0
46POHHZrPa02pimk5bbglN,Earthday ( John Tejada Remix ),Karsten Pflum;John Tejada,11,385920,0,0.774,0.859,11,-9.072,0,0.0536,0.105,0.854,0.158,0.663,133.993,4,0
6Xsayxd27Ez7vcRHAg0Wpt,Open Hands,Urban Rescue,44,203320,0,0.598,0.715,11,-6.036,1,0.0449,0.0111,0.0,0.233,0.319,95.028,4,0
19paG0MgMB5nYjl6Q56aWQ,B2B,James Hype;Tita Lau,36,160000,0,0.8,0.955,7,-6.613,1,0.0725,0.0128,0.809,0.0612,0.908,124.018,4,0
2oZsDq0pwp9yLgHGoI2Y5F,Are You Bored Yet?,Wallows;Clairo,0,178000,0,0.681,0.683,8,-6.444,0,0.0287,0.158,2.32e-05,0.273,0.64,120.027,4,0
2YOZHcypOnfbG5cfsSpW4N,Redentor,Marcelo Markes;Sarah Beatriz,58,382272,0,0.43,0.706,0,-7.743,1,0.0538,0.235,0.0,0.107,0.085,131.816,4,0
10UgAzUUjZ8JQNsaws0LdY,ときめきHighレンジ!!!,SUPER☆GiRLS,18,229853,0,0.53,0.943,6,-3.121,1,0.0553,0.0092,0.0,0.0965,0.846,165.037,4,0
3AA6t8AXUCdOOwVjcbbEpp,重陽,Tang Siu Hau,26,258706,0,0.534,0.339,0,-10.618,1,0.0279,0.904,3.89e-05,0.11,0.315,98.312,4,0
4x87IS1psb0HiBtVzANZxD,Spreading the Dis-ease,Agoraphobic Nosebleed,15,56360,1,0.274,0.996,3,-1.348,1,0.131,0.000825,0.676,0.349,0.0357,110.858,4,0
4EchqUKQ3qAQuRNKmeIpnf,The Kids Aren't Alright,The Offspring,81,180160,0,0.523,0.943,1,-4.203,1,0.0337,0.00704,3.81e-05,0.0579,0.766,99.607,4,1
4PaZP3ZPHCl6IpFUSuY1Rn,Nonsense Bungaku,Eve,54,203761,0,0.524,0.941,11,-1.498,0,0.0555,0.0105,0.0,0.0667,0.848,154.071,4,0
0Hi7B2lRZ2wNjmnDjPjh3D,School road,RADWIMPS,47,68200,0,0.532,0.342,0,-8.153,1,0.0923,0.515,0.228,0.127,0.239,199.743,4,0
0Ki1LxOG8z8ywTCcUT3ugq,Tyson,Los Caligaris,45,196207,0,0.526,0.884,5,-3.359,1,0.0757,0.0469,0.0,0.315,0.657,156.021,4,0
1XA8XwmeBdMUdrcLIlxPTF,"Peer Gynt Suite No. 1, Op. 46: 4. In The Hall Of The Mountain King",Edvard Grieg;Gothenburg Symphony Orchestra;Neeme Järvi,0,178573,0,0.406,0.042,11,-19.736,0,0.0546,0.934,0.691,0.192,0.197,94.292,4,0
7ef4DlsgrMEH11cDZd32M6,One Kiss (with Dua Lipa),Calvin Harris;Dua Lipa,89,214846,0,0.791,0.862,9,-3.24,0,0.11,0.037,2.19e-05,0.0814,0.592,123.994,4,1
1Ghb6uHFIIlDBjzKQJlv0I,Me Dediqué a Perderte,Alejandro Fernández,0,232466,0,0.578,0.471,8,-8.182,1,0.0615,0.498,1.49e-06,0.1,0.54,147.611,4,0
295eqBE9p0h3OKbxN1RiE6,La Forza Della Vita,Renato Russo,45,316813,0,0.391,0.625,4,-5.285,1,0.0306,0.312,0.0,0.117,0.443,78.49,4,0
5hyJ1GbE8vZL1BGKE1MSPJ,Merdu Untukmu - Outro,Tulus,38,62093,0,0.629,0.124,9,-22.22,1,0.0366,0.812,4.83e-06,0.102,0.796,85.258,4,0
5HVOMvAvGBWdLN7fEvTazV,Meu bem - Ao vivo,Ferrugem,42,139210,0,0.476,0.838,0,-5.931,0,0.0542,0.576,0.0,0.61,0.501,84.923,4,0
3ojhxVHTQzpKDK9RpINaRy,I'll Be Home For Christmas - From The Kacey Musgraves Christmas Show,Kacey Musgraves;Lana Del Rey,0,132108,0,0.469,0.183,5,-15.414,1,0.0407,0.829,0.0,0.71,0.381,139.592,4,0
3hTS0dFgLus7rechtNe8pP,I'm Good (Blue),David Guetta;Bebe Rexha,0,175238,1,0.561,0.965,7,-3.673,0,0.0343,0.00383,7.07e-06,0.371,0.304,128.04,4,0
6VLedRqw7wGnNa9epZ503a,Vacation (feat. Veronica),Damon Empero;Veronica,56,220290,0,0.591,0.814,6,-6.644,0,0.0507,0.238,0.357,0.333,0.472,175.991,4,0
6bXuTbOQeHnTobLDUpqPpu,Sunset Bird - Piano Septet Version,Yiruma,49,197611,0,0.395,0.224,3,-15.074,1,0.0301,0.968,0.853,0.146,0.319,143.964,3,0
2L1WVCWCuhbc8IEIiJbrGl,Halloween,Misfits,2,112426,0,0.382,0.937,0,-9.01,1,0.0758,0.0172,0.0,0.271,0.0957,108.729,4,0
71Udwiv5GsZghU6XQ5LXQj,Jaat Da Muqabala,Sidhu Moose Wala,63,204360,0,0.716,0.934,3,-2.431,1,0.0448,0.0561,7.33e-06,0.147,0.749,99.983,4,0
2rU0PsrFGV1H9MtPmW8W8w,Estou Apaixonado por Você,Robério e Seus Teclados,48,162066,0,0.76,0.816,0,-7.082,1,0.0343,0.0395,0.0,0.176,0.933,90.989,4,0
4haXv9IJwOlJJsT6FNJPYk,The Middle,Jimmy Eat World,0,166040,0,0.644,0.848,2,-5.385,1,0.0529,0.0358,0.0,0.0676,0.928,162.151,4,0
2iFgHPoa7FNHwgLnjXzu7F,Puppe,Rammstein,67,273706,0,0.581,0.822,11,-7.341,1,0.0574,0.0229,0.0,0.126,0.3,116.929,4,0
2AX5E86cn9n2dgioZEjirI,Golden Brown,The Stranglers,71,206760,0,0.562,0.383,6,-15.474,1,0.0304,0.143,0.124,0.138,0.599,93.764,3,1
6bOg6vYHAWqH4xewY35sL1,Babička - Stereoact #Remix,Stereoact;Karel Gott,31,179648,0,0.782,0.814,7,-6.305,1,0.0935,0.00261,7.51e-05,0.25,0.41,128.044,4,0
0tdggmRNDpQw6qOwBsbbHm,Laugh You out the House,Everything But The Girl,24,108360,0,0.571,0.671,4,-10.096,1,0.0446,0.0606,0.0,0.112,0.925,102.807,4,0
5MkFrM6BYPkq6CuoQWDfN5,Vechukkava - Remix,Yuvan Shankar Raja;Silambarasan TR;Suchitra,43,282000,0,0.581,0.906,10,-7.15,1,0.115,0.124,0.164,0.103,0.943,152.84,4,0
6Vhd1f9ezZEVxc4BkZMyGX,Horsepower - F.O.O.L & TOKYO ROSE Remix,MUZZ;F.O.O.L;TOKYO ROSE,43,200920,0,0.598,0.765,2,-3.588,1,0.0365,0.00624,0.778,0.102,0.0395,109.982,4,0
4Mdl92lDR0ZlXHyqxKCV2B,Controlando la Nación,Serpentor,19,287586,0,0.29,0.989,2,-1.534,1,0.0876,1.84e-05,0.000281,0.302,0.38,161.377,4,0
10lMebN8fRS2atZKRcbItD,In The Night,Aril Brikha,5,385973,0,0.803,0.559,7,-10.442,1,0.0582,0.000164,0.694,0.215,0.466,122.006,4,0
5N4erncE7kuUccm7zEmwzk,Electricity (with Dua Lipa),Silk City;Dua Lipa;Diplo;Mark Ronson,74,238173,0,0.588,0.67,0,-6.439,1,0.0473,0.0104,3.33e-06,0.338,0.505,118.159,4,1
5kcameNhkFMVPRcOALb979,Barato Total,Liniker,41,244235,0,0.557,0.387,2,-11.601,1,0.0448,0.632,0.0389,0.104,0.867,84.397,4,0
3CdJlOOJZeJjwqFj4KHDAv,Teenline,The Shivvers,22,222053,0,0.4,0.914,0,-7.365,1,0.0459,0.0276,0.0154,0.133,0.884,160.411,4,0
3qkScHBvMrxp4lk2Xi7lyd,Distant Night,Maneli Jamal,25,219757,0,0.733,0.0615,11,-14.922,1,0.0727,0.973,0.763,0.11,0.254,73.69,4,0
67mApPt3dL1gDnYcf6dc9V,Hold That Thought,Local H,27,199334,1,0.328,0.956,9,-4.173,0,0.0713,0.00555,2.07e-05,0.219,0.439,206.071,4,0
5KaVoEhxf1UwParyAjzHVA,Mr. Brightside,The Killers,1,223973,0,0.344,0.931,1,-3.759,1,0.0783,0.00104,0.0,0.0903,0.251,148.104,4,0
7KMxBakqV7SKVrS6qDv2yq,Pasos - Remasterizado 2007,Soda Stereo,39,233706,0,0.469,0.581,5,-10.358,1,0.0341,0.0626,0.0497,0.102,0.356,88.906,4,0
3heUEFjQza3VZFwfYTMIYk,Kakkakarumban,Sujatha,33,283800,0,0.767,0.426,9,-8.632,1,0.0339,0.682,0.000797,0.094,0.772,103.993,3,0
1fbHsIsgVoZsltBtQhSgvc,Nashid,Ata Ebtekar,0,336760,0,0.107,0.936,6,-6.521,0,0.274,0.327,0.0447,0.493,0.204,69.785,4,0
2Db4RDun4YmjGcypDB8Av3,Let Me Love You,DJ Snake;Justin Bieber,0,205946,0,0.475,0.715,8,-5.371,1,0.058,0.0863,2.67e-05,0.135,0.159,199.892,4,0
6NU6jfLqEM6p7X0ZrGCe9D,Unshaved Mysteries,Couple Skate,13,78450,0,0.21,0.939,1,-4.329,1,0.121,1.58e-06,0.525,0.467,0.0865,123.719,4,0
2Ug1U9UQiDL0sabsvcp3kR,Grey Days,S.P.Y,17,304296,0,0.379,0.844,2,-4.633,1,0.0489,0.00477,0.923,0.119,0.13,113.348,5,0
3l0zytWFrcC45NNkMJxrER,Sai da Minha Aba (Bicão) - Ao Vivo,Gigantes do Samba,41,202786,0,0.728,0.944,1,-5.299,1,0.0588,0.213,3.25e-06,0.863,0.473,105.017,4,0
3N0YgcOdru4mvji536vsfX,We Okay,Rytikal,18,165048,1,0.581,0.634,9,-5.783,0,0.258,0.551,0.0,0.0986,0.545,65.073,5,0
5TzpCPx20n4hELdE9Vw6ZQ,Courtside,Tim Atlas,69,146483,0,0.71,0.83,0,-7.208,1,0.03,0.0518,0.00523,0.353,0.936,129.02,4,0
164mALSzQg34QKAkPoS7bV,Chaos Above Order,Trivax,1,322993,0,0.238,0.997,1,-4.809,1,0.113,1.37e-06,0.88,0.305,0.0395,124.149,4,0
5Zp1zCKzXQGZxiBU2FGjdf,Tel Aviv,Youri,35,184616,1,0.655,0.607,10,-8.755,1,0.442,0.00373,0.0,0.16,0.414,106.547,5,0
0JPesMURlkeCSWDB9kPm9p,Transar No Escuro,Charlie Brown Jr.,38,183160,0,0.336,0.968,9,-5.175,1,0.051,0.000416,0.000677,0.428,0.555,170.03,4,0
2FBAM2dVhCex33z30YA7hV,Canciones,Árbol,41,139306,0,0.61,0.829,2,-2.177,1,0.0663,0.0901,0.0,0.136,0.963,147.898,4,0
1xvADDTyr4ZCu5NPPkOJzU,Survive,Jimmy Buffett,0,291400,0,0.448,0.13,0,-16.808,1,0.0318,0.399,1.05e-05,0.103,0.369,146.689,4,0
3xLDLxWr1dLHzHMi02QBV1,The Question,Bodysnatcher,22,312982,1,0.454,0.954,1,-5.559,1,0.15,0.000135,0.0649,0.0924,0.215,131.27,4,0
5rg17cUeCIqbtpKcwWD8s6,Triple S,13 Block,32,170924,1,0.716,0.495,6,-8.997,0,0.188,0.579,0.000112,0.109,0.407,145.04,4,0
35pr45afNblCnBPRmDLJ6Q,Sangrando (Ao Vivo),Maria Bethânia,35,123346,0,0.486,0.522,3,-4.537,1,0.0585,0.572,0.0,0.333,0.358,107.16,3,0
3gGPEpLaeJcEPwndud44Wy,ID2 - Radio Edit,Dimitri Vangelis & Wyman,53,204312,0,0.577,0.906,9,-5.382,0,0.0355,0.000754,0.00257,0.446,0.212,127.983,4,0
2ZKsKEpsHr3beCD4SPpig1,Fable - Message Version,Robert Miles,0,384666,0,0.579,0.724,1,-7.989,0,0.025,0.0081,0.00468,0.171,0.188,136.094,4,0
5LnKmt8Gc9vrqeFdliF3vM,Christmas Time,The Platters,0,124013,0,0.299,0.377,0,-7.425,1,0.0283,0.859,0.0,0.116,0.378,69.272,4,0
5453frA2hsBPjGRVDHm1PJ,Somebody's Story,Solomun,50,548640,0,0.71,0.654,3,-12.174,0,0.0398,0.0396,0.811,0.107,0.579,123.998,4,0
5Y9tt5BF9cjF5tfVoknQxl,Yeh Honsla,Salim–Sulaiman,42,287925,0,0.637,0.574,7,-8.14,1,0.0395,0.741,4.47e-06,0.0912,0.615,125.029,1,0
5sBElUXaf5CtlFeUSQrGuY,Don't Care,Sullivan King,42,235764,1,0.317,0.964,9,-1.389,1,0.261,0.00021,0.000133,0.675,0.21,169.718,4,0
6tLJ6F2PNFmQfZlaJQqblS,Son de la Loma,Manu Dibango;Cuarteto Patria,19,259160,0,0.485,0.741,8,-4.425,1,0.0294,0.317,0.000579,0.0683,0.936,103.72,4,0
4rf0pEYSSku3Tkrm0JEYn2,Get It On Tonite (Re-recorded / Remastered),Montell Jordan,21,288395,0,0.771,0.543,10,-7.633,0,0.0441,0.0324,0.0,0.0846,0.891,99.029,4,0
2kkvB3RNRzwjFdGhaUA0tz,Layla,Derek & The Dominos,74,423840,0,0.404,0.902,1,-3.88,1,0.0665,0.577,0.297,0.287,0.497,115.669,4,1
752n4jKSMASefgd8MpEqq5,Hallelujah,Rufus Wainwright,2,249026,0,0.273,0.196,9,-7.528,0,0.0347,0.885,0.0,0.105,0.421,72.124,4,0
3PbWdhzRwiqdE69Gu1wHd0,今今ここに君とあたし,Creep Hyp,40,181440,0,0.397,0.903,9,-3.038,1,0.108,0.00947,0.0,0.842,0.592,116.276,4,0
6m9TO46YBQu3QYLSLs0Z4J,Mission: Accomplished,Lorne Balfe,39,74979,0,0.483,0.402,7,-10.886,1,0.0323,0.202,0.538,0.0712,0.568,168.635,5,0
4y1LorjiWYkHr2V39q7c1D,Preserved for Pleasure,Gorgasm,14,198946,1,0.238,0.995,5,-3.899,0,0.184,0.00157,0.886,0.403,0.04,134.714,4,0
2jhZ3cnnggRI0lj6L5obmj,Tennessee Pusher,Old Crow Medicine Show,26,330653,0,0.411,0.328,4,-9.602,0,0.0284,0.659,0.000446,0.353,0.529,129.441,4,0
6Db3RiSI7xk3Dxd1N72U5a,Stranger To Yourself,Loving,53,135718,0,0.49,0.409,7,-10.732,1,0.0401,0.957,0.59,0.238,0.151,164.33,4,0
5vOA07xcgUZmvH7ttlYpK3,Querube,Andy Montañez,0,198160,0,0.644,0.55,7,-6.999,0,0.0299,0.526,0.0,0.23,0.636,127.151,4,0
3DQisSEr1TLp9H0BEeKiQS,Uncover,Zara Larsson,65,213543,0,0.556,0.529,2,-4.464,1,0.025,0.4,0.0,0.268,0.308,89.887,4,0
7m5AlHcLKi5KRZjH5B38RM,Baby Do,Randall King,0,206539,0,0.674,0.86,7,-5.498,1,0.033,0.00469,0.00345,0.115,0.637,116.05,4,0
0W5JUrUOQmQbTmUOQwk7vx,I'm in a Rut,Sophie Pecora,43,178277,0,0.836,0.601,4,-5.54,1,0.0619,0.73,0.0,0.0978,0.564,123.969,4,0
1EpWVld69yFDx3uVBryMTS,Pra Começar - Live,Marina Lima,41,266960,0,0.658,0.854,4,-6.796,1,0.0323,0.467,0.137,0.578,0.516,119.562,4,0
5fwSHlTEWpluwOM0Sxnh5k,Pepas,Farruko,86,287120,1,0.762,0.766,7,-3.955,1,0.0343,0.00776,6.98e-05,0.128,0.442,130.001,4,1
74lkEoeMNoDY8k9e81GZOU,Ich bau dir ein Schloss,Jürgen Drews;Matthias Reim,0,186946,0,0.678,0.995,3,-4.599,1,0.0681,0.076,0.0,0.379,0.742,130.013,4,0
7j3QVBjUqWBwxzOZ6Chybp,約定,Faye Wong,47,266200,0,0.557,0.324,4,-12.13,1,0.031,0.888,0.000264,0.612,0.161,80.015,4,0
1QVnc9HLOMlAD4KDxNzzOH,Cores Do Universo,Maneva,47,131198,0,0.689,0.719,9,-6.096,0,0.136,0.382,0.0,0.213,0.674,130.0,4,0
0bOO8YEvkWqodAJDKZqDGd,Boiadeiro Errante,Eduardo Costa,44,302293,0,0.642,0.6,0,-4.884,1,0.026,0.542,0.0,0.149,0.45,82.992,4,0
2hmPqwVqDscVKKu0PAbHao,Guns Out,Vybz Kartel;SSMG Productionz,18,136144,1,0.725,0.865,2,-8.859,1,0.281,0.512,2.32e-06,0.0963,0.889,89.058,4,0
66w5OYw2ja8lnmaA3Ns0PU,Heart-Shaped Box,Nirvana,58,281160,0,0.256,0.641,1,-10.283,1,0.0552,0.199,0.0329,0.0853,0.382,203.006,4,0
3aoIw20fhjGMoXoQ38EbMS,Square Hammer,Ghost,2,239293,0,0.529,0.903,2,-4.396,0,0.0483,3.31e-05,0.182,0.259,0.746,129.986,4,0
175Iw3hMDjeEwjGxzJNO41,Verdammt lang her - Best Of VRR,Andreas Gabalier,24,247399,0,0.654,0.853,9,-3.04,1,0.0344,0.011,0.0,0.213,0.551,129.953,4,0
744IMVuf8wEVECCOLThDHJ,BOUNCE,DING DONG;Dunw3ll,50,153652,0,0.62,0.825,7,-2.869,1,0.309,0.25,0.0,0.077,0.476,199.488,4,0
50YheCecWVIW98B5zkiGxp,Esperando Na Janela - Live,Frank Aguiar;Marcos & Belutti,36,175226,0,0.592,0.811,4,-5.55,1,0.175,0.431,0.0,0.437,0.707,169.849,4,0
4BKlZ0UQOjombKzFFkgSlm,Mila Hai Jabse Tu,Ashwin Adwani,41,200265,0,0.714,0.405,1,-11.358,0,0.0312,0.819,1.04e-05,0.0884,0.441,119.958,4,0
04F42oEuKrRComYJfJuyVR,Backyard Boy,Claire Rosinkranz,71,129240,0,0.817,0.635,5,-7.246,1,0.163,0.323,0.0,0.0738,0.454,138.015,4,1
3WjNhFQ9TMdZ12QJRlJ8jV,İyilik Meleğim,No.1,44,144065,1,0.659,0.664,10,-11.136,1,0.044,0.152,0.00282,0.153,0.546,100.004,4,0
5GvETsREHs4ikWMtd2SUUO,Driving - Acoustic,Everything But The Girl,23,147226,0,0.369,0.19,11,-13.443,0,0.0331,0.885,0.0,0.112,0.359,174.028,1,0
3Cs2cP4ucvaO22LCNljzJY,The Wonder of You - with The Royal Philharmonic Orchestra,Elvis Presley;Royal Philharmonic Orchestra,51,151013,0,0.266,0.735,7,-5.863,1,0.0508,0.421,0.0117,0.17,0.442,136.148,4,0
0fD1fq7QV8CyDweIx0D8qF,"Sotta Sotta (From ""Taj Mahal"")",Sujatha,31,344816,0,0.751,0.414,5,-11.214,0,0.0406,0.145,0.000123,0.0841,0.401,94.991,4,0
2FBRgW06SywHMkN4WtNLtB,Jingle Jingle,Pritam;Mohit Chauhan;Master Saleem;Anvita Dutt,43,267859,0,0.776,0.477,8,-13.406,1,0.173,0.36,0.0,0.25,0.695,92.02,4,0
2SUQN2z5zorT0miLttdmW0,情比雨絲,Paula Tsui,23,189160,0,0.549,0.272,7,-14.558,1,0.0274,0.771,8.89e-05,0.177,0.191,101.332,4,0
2j7KVMviah3jDLrmtt7sx5,Como Dizia O Mestre,Benito Di Paula,39,171666,0,0.579,0.477,2,-9.784,1,0.0327,0.137,0.0,0.0765,0.398,87.092,4,0
2yJEv3BkrYnYb3Qh0vmc8C,Mambalamam Mambalam Mango Song,ChuChu TV,22,92290,0,0.703,0.485,10,-12.522,1,0.0924,0.00978,0.41,0.276,0.905,79.575,3,0
1UKKLHG4DhxuwWph55ABAZ,Girassol,Alceu Valença,40,186866,0,0.406,0.576,0,-6.057,1,0.0275,0.563,0.0,0.327,0.556,109.021,4,0
0WXWiXfd4V6MCkBkrUV0NK,Evening Light,Akira Kosemura,53,141315,0,0.393,0.0399,8,-27.124,1,0.0469,0.982,0.892,0.109,0.147,123.787,3,0
6ihGDKDzGgjAZek0VWQ0Lz,Diamond Body,Mavado;Stefflon Don,45,212038,1,0.725,0.64,9,-4.6,0,0.212,0.393,0.0,0.101,0.398,102.884,4,0
6eomvZJgFnpD87lsPFQEZH,"Shins Up, Tins Up",The Beefs,27,71563,1,0.62,0.93,2,-4.267,1,0.0489,0.369,2.71e-05,0.0674,0.657,105.277,4,0
2CcQSrjcDUvr7U2WQiEdSX,Diagnosis,Iron Lung,17,88513,0,0.244,0.994,7,-7.422,1,0.467,8.43e-05,0.669,0.415,0.0376,70.778,3,0
6VB62g6xGgX2ZUoVM4tMHi,Любовь уставших лебедей,Dimash Qudaibergen,47,299968,0,0.397,0.734,9,-7.529,0,0.0738,0.437,0.0,0.152,0.353,148.062,4,0
1y7bz8R1SUP7Knvw4IYBAH,008 A1,ONYVAA,10,352552,0,0.734,0.701,6,-13.019,0,0.0451,0.000249,0.88,0.112,0.0306,131.99,4,0
2Lu0hYaxra6k0xrJf6xcSd,Ray Laid Low,Randy Newman,18,201880,0,0.157,0.144,0,-17.011,0,0.0447,0.912,0.0497,0.15,0.0372,76.305,4,0
4nmne9J3YCEdhvjTzwiAgu,Black Magic Woman,Santana,62,195866,0,0.497,0.552,9,-7.102,0,0.0307,0.679,0.0314,0.089,0.633,124.359,4,0
0CYelmjEps63DAuqLV9b6J,200度,Sally Yeh;David Ling Jr;Philip Kok;Tom Brown,37,265853,0,0.804,0.576,0,-7.817,1,0.0643,0.321,0.0,0.0842,0.954,134.897,4,0
2VSSRKrbZ8X1Is29UFST80,Worth Every Mile,Travis Tritt,0,306840,0,0.441,0.298,4,-14.499,1,0.0276,0.208,0.095,0.0983,0.169,77.235,4,0
4I2O6pV4gNBw6iteh0UPU0,Fairytale of New York (Edit) - Radio Edit,The Pogues;Kirsty MacColl,0,275896,0,0.38,0.346,2,-14.313,1,0.0417,0.648,0.000139,0.0511,0.358,117.916,3,0
2m9u9utG8EItr05vCBKbYy,Identidade,Jorge Aragão,38,258506,0,0.634,0.625,5,-10.287,0,0.045,0.743,0.00191,0.213,0.834,97.79,4,0
3fUp9mcNjo0ChBXe2QtDGa,Brave The Storm,Frequencerz,20,276800,0,0.465,0.955,9,-2.187,0,0.17,0.119,2.37e-06,0.213,0.114,149.982,4,0
0ECyeGr5Hq67V78YirS9oO,涙がまだ悲しみだった頃,Nogizaka46,19,260493,0,0.506,0.906,5,-2.912,0,0.0544,0.123,0.0,0.308,0.641,163.875,4,0
3v7jHsXQAVusxBupIkDTeK,"Come On, Christmas",Matthew West,0,264293,0,0.586,0.846,7,-3.423,1,0.0433,0.0688,0.0,0.067,0.714,134.98,4,0
2hIsd0F6ZGfHCC1xa7vSad,Each Time You Fall in Love,Cigarettes After Sex,65,290630,0,0.378,0.533,10,-8.843,1,0.0279,0.479,0.508,0.131,0.285,75.927,4,0
4PYeMIt3S9MNAziKhFgFrI,Soul Heights,Glenn Underground,5,555876,0,0.715,0.686,7,-11.002,1,0.0531,0.0119,0.939,0.0587,0.764,120.034,4,0
2i0AUcEnsDm3dsqLrFWUCq,Tonight Tonight,Hot Chelle Rae,73,200466,0,0.686,0.783,4,-4.977,1,0.119,0.0764,0.0,0.163,0.814,99.978,4,1
2KOqMeTVSWQcMpAZ5j4Czl,Superman,Robert Hood,5,444453,0,0.732,0.979,11,-9.394,1,0.0567,0.00153,0.875,0.0969,0.557,138.789,4,0
0nTngWIyuUemR7PpKXTzYP,Mohre,Electroqute,0,238420,0,0.396,0.979,2,-3.125,1,0.058,0.00437,4.47e-05,0.339,0.269,180.071,4,0
1KYqHPwbceagFffliE7fBg,Kanja Poovu Kannala,Yuvan Shankar Raja;Sid Sriram,61,237558,0,0.675,0.692,8,-6.353,1,0.0963,0.29,0.0,0.178,0.514,109.971,4,0
0DBBQaDg8YPePplq7m7Cah,PPP,Kevin Roldan,0,129332,0,0.798,0.625,4,-6.83,1,0.13,0.383,3.33e-05,0.125,0.774,92.994,4,0
60QunvDUtHqusD5sb5VCoQ,BABY BABY,GOING STEADY,38,204840,1,0.346,0.937,8,-4.384,1,0.0518,9.05e-05,0.0,0.24,0.445,146.835,4,0
04sx4DemzEp9Dzopqge2QX,I'm On Fire,Chromatics,50,245133,0,0.621,0.421,10,-11.834,1,0.0286,0.677,0.351,0.0615,0.319,129.957,4,0
3iGGFpSiPHCuTUCUvHloAb,The Melody - Versus Edit Version,Carl Craig,15,208552,0,0.718,0.484,11,-14.844,0,0.0493,0.0123,0.869,0.0788,0.502,123.027,4,0
54iuh2iFkKKEKYeIaFvI1b,Joy & Pain,Ten City,4,309160,0,0.708,0.707,0,-8.954,1,0.0332,0.00181,0.0,0.0432,0.716,123.102,4,0
0uVyZywUNOp6S0dU5r8TS8,Prayer in C - Robin Schulz Radio Edit,Lilly Wood and The Prick;Robin Schulz,67,189399,0,0.76,0.886,9,-5.356,0,0.0258,0.0219,7.43e-06,0.623,0.78,123.002,4,0
1yrUehPArjWJDx8Ptc4g58,Den som ser havet,Jonas Lundqvist,20,225026,0,0.609,0.676,6,-7.129,0,0.0307,0.415,2.5e-05,0.13,0.401,119.007,4,0
4d2Gndzn9dnmUC8jIzI9d4,Time - feat. Jules Buckley,Tale Of Us;Pete Tong;Jules Buckley,55,310986,0,0.555,0.834,4,-11.908,0,0.0381,0.00198,0.88,0.0821,0.0404,126.0,4,0
2G1NkbB4TJj6GlMd6CrwvZ,Ainda Te Amo,Calcinha Preta,47,251053,0,0.595,0.526,9,-6.173,1,0.0255,0.487,0.0,0.373,0.489,101.98,4,0
7AIj86wFWqm7X1TZ2hzHwS,虹,Masaki Suda,62,258733,0,0.548,0.6,5,-5.049,1,0.0297,0.071,0.0,0.192,0.296,143.961,4,0
2SCdjPc4Ip5ZV6Hsi21fhx,Owo Mi Da,Tiwa Savage,0,172142,1,0.637,0.877,6,-2.864,1,0.169,0.0792,0.00325,0.138,0.825,119.027,4,0
1hDYSuW3C7zwf3iOOUZSB8,Take A Break,Scooter,19,255600,0,0.519,0.945,4,-6.302,0,0.0541,0.0124,0.131,0.67,0.103,142.033,4,0
37RDfrKKxwSM4Pgw5MVaxj,"Il Trovatore / Act 3: ""Di quella pira""",Giuseppe Verdi;Luciano Pavarotti;Wiener Opernorchester;Nicola Rescigno,21,133160,0,0.369,0.4,0,-9.135,1,0.114,0.96,0.00825,0.0806,0.197,81.969,4,0
31weWETfEZxvFORVi9o25F,"Carmen: ""Danse des gitans""",Georges Bizet;Francesco Verzillo;Danilo Dellepiane,0,187520,0,0.594,0.0852,7,-20.606,1,0.0533,0.994,0.937,0.101,0.626,127.091,4,0
1BDzkh7g7ZDnmOQgJ82rp5,I Believed,Skinny Atlas;dhan,41,160000,0,0.962,0.265,11,-11.224,0,0.0796,0.525,0.00884,0.106,0.32,120.017,4,0
27ySu5G3hIHmxMp30Gzoo7,Zınk,Rota,38,90800,1,0.68,0.806,7,-7.022,1,0.309,0.063,3.95e-05,0.187,0.528,150.132,4,0
6LH1XvONpFEx4FAdB960Au,Landing Pad,Beat Oven,9,122880,0,0.492,0.31,5,-13.167,0,0.0373,0.246,0.946,0.104,0.367,83.366,5,0
09lVKw5MjMkxUCC1xOAxMH,Ich schicke dir jetzt einen Engel - Version 2022,Michelle,32,182240,0,0.575,0.82,0,-5.642,1,0.13,0.039,0.0,0.0597,0.3,128.005,4,0
5sxhnFWkN6W2zfIOGD2k5t,Lobby,Anitta;Missy Elliott,1,157837,0,0.759,0.711,0,-5.199,1,0.0384,0.0477,1.19e-06,0.143,0.436,111.902,4,0
7lpmIGFw7Kc9qIdq4cGs34,Arsonist's Lullabye,Hozier,60,266611,0,0.281,0.426,6,-9.07,0,0.0526,0.593,0.0446,0.124,0.181,177.714,3,0
52pduFPbWVQ4zqBVhCj9z2,Therapy,Moderat,50,345242,0,0.657,0.63,7,-8.885,1,0.0449,0.149,0.834,0.406,0.106,110.008,4,0
05sCp83gcMm1iecYydKJS3,Let's Hurt Tonight,OneRepublic,63,194520,0,0.359,0.713,5,-4.526,1,0.0366,0.33,0.0,0.324,0.272,61.519,4,0
4sIIHmcTHgi8gezH2ShNxl,Прыгну со скалы,Korol i Shut,52,190506,0,0.304,0.764,9,-5.602,0,0.0634,0.249,0.0,0.263,0.353,151.98,4,0
3WhpHEMike8OaQrBDmsavt,Escapar,Natalia Jiménez,31,200533,0,0.67,0.859,0,-6.065,1,0.0321,0.00246,3.85e-06,0.227,0.456,128.022,4,0
2S72Aie2LSwtFLRtUcFrdD,Gone Away (A Song For Starr),Cold,42,193866,0,0.256,0.8,8,-5.398,1,0.0361,0.0043,2.82e-05,0.114,0.139,113.845,4,0
1iTKpzV6Wgc0vNep3sakFI,Casas Viejas,Francisco Canaro Y Su Orquesta Tipica;Juan Carlos Rolón,21,192826,0,0.532,0.212,4,-10.062,1,0.0408,0.763,0.0,0.295,0.637,126.921,4,0
0APucUguXQIkBwtUpEAgxQ,Carlos Gardel,Carlos Lombardi;Los Românticos De La Noche,19,156360,0,0.459,0.268,7,-12.841,1,0.0433,0.655,0.0609,0.321,0.601,119.944,4,0
5bnH51lYXOGVVjW7ABkKTW,Closure,I Prevail,58,189596,0,0.482,0.748,1,-7.351,0,0.0438,0.00472,0.0134,0.13,0.271,145.948,4,0
7JxjFzQsWq7pLnbIhzgpZW,Adils fall,Månegarm,23,294933,0,0.456,0.93,2,-3.798,0,0.0515,9.53e-05,0.000171,0.457,0.54,155.98,3,0
4xnB2yGAeXOuR3kJ9KTD3b,Nerve Flip,Red Hot Chili Peppers,0,186148,0,0.386,0.936,8,-4.005,1,0.0701,0.0121,1.6e-05,0.266,0.418,176.366,4,0
0S6wkErxrIC9eOLADvFUNl,Nothing Else Matters,William Joseph,44,261571,0,0.509,0.468,4,-12.813,0,0.0256,0.769,0.945,0.116,0.292,142.991,3,0
2IfE8FhnPPEBSS4rL1qhBb,Heartbreak Hotel,Elvis Presley,56,127960,0,0.694,0.295,9,-8.672,1,0.0611,0.843,1.42e-06,0.0856,0.729,93.577,4,0
5ftNbqrdSS7fKNB2G23WFQ,Su Majestad,La Matatena,36,219733,0,0.228,0.729,0,-5.264,0,0.0635,0.0955,0.00161,0.102,0.229,199.97,4,0
6iNMaGdQf5g2KWNEKx7TTC,Polluted Skies,The Bombpops,21,145906,0,0.566,0.948,3,-5.272,1,0.0522,5.5e-05,0.0,0.148,0.574,105.079,4,0
3N0BsG6OnHao4tm6kwGRke,Vas A Quedarte,Aitana,0,226213,0,0.394,0.508,7,-3.522,1,0.0326,0.795,3.87e-06,0.0627,0.167,89.222,4,0
5xdYNr5NPkTo5xg0FK412N,Cynical Entity,Aversions Crown,22,285250,0,0.174,0.972,0,-4.435,0,0.124,2.61e-05,0.856,0.37,0.0381,145.111,4,0
0H5o1FJTPbwPcUTXm8xe8l,Lämna mig inte i det här skicket,Håkan Hellström,32,230733,0,0.587,0.732,9,-6.813,1,0.0287,0.000561,0.000904,0.295,0.389,120.038,4,0
61A1ENhHCjmXxW0SGjsyF9,Silver Lining,Thomas Lizzara,29,301946,0,0.75,0.737,2,-5.015,1,0.0304,0.144,0.000933,0.0982,0.702,121.981,4,0
7oPeylKTrY3ALtZvhQxgR0,"O, pozabud'!",Tamara Tsereteli,0,172710,0,0.35,0.194,7,-15.448,0,0.0973,0.981,0.000629,0.108,0.316,68.762,3,0
7D8uCohbrhlIRNEcJcRM5R,Sleepy Hollow,Roy Orbison,25,157600,0,0.471,0.271,2,-11.448,1,0.0283,0.897,0.0035,0.0967,0.344,90.803,3,0
7u9FSiKwfo5XLLXGrRNKUO,D-Funktional,Mekon;Afrika Bambaataa,11,328533,0,0.596,0.983,11,-2.758,0,0.0488,0.000683,0.0295,0.489,0.822,126.975,4,0
1e1IiUItCGhp8LvU8aZ213,I'm the Mountain,Stoned Jesus,46,961942,0,0.395,0.396,8,-11.641,1,0.0281,0.0102,0.161,0.126,0.0656,136.391,4,0
6khO0U2cbPBDBKwg63hQ8G,Amazing Grace,George Jones,18,203493,0,0.324,0.245,0,-9.678,1,0.036,0.781,0.0,0.156,0.244,97.833,4,0
0cjek5a8iuibb6rf4hdRvQ,Confetti in m'n Sokken,Gekkenhuys;Fleur,39,190601,1,0.573,0.983,0,-4.247,0,0.145,0.0506,0.278,0.131,0.185,161.964,4,0
5q35GiekvBr6oAsCsW8YlR,Animals,Martin Garrix,56,303040,1,0.676,0.857,1,-6.7,1,0.0391,0.00149,0.674,0.307,0.0378,128.01,4,0
24LQNvRzHvO1hVve07K2jj,Dhalti Rahe - Stripped.,Twin Strings,52,256665,0,0.581,0.159,9,-16.91,1,0.0346,0.965,0.00016,0.349,0.447,143.92,3,0
0WgPgM5hEWowvqvLccF1uw,Black Terminal (Upgrade),Blue Stahli;Danny Cocke;Inversion,49,210013,0,0.53,0.938,7,-6.424,1,0.068,0.00029,0.628,0.0828,0.703,160.041,4,0
6f3Slt0GbA2bPZlz0aIFXN,The Business,Tiësto,82,164000,0,0.798,0.62,8,-7.079,0,0.232,0.414,0.0192,0.112,0.235,120.031,4,1
4l5MEhjgvM9whoZFZiDsao,De quién son esos ojitos,Magdalena Fleitas,41,42346,0,0.699,0.106,11,-16.431,1,0.389,0.727,0.0,0.103,0.674,126.69,5,0
0GcU3ZhlnF5k3vKjqPRifa,Sweet Sahumerio - Remasterizado 2007,Soda Stereo,41,363360,0,0.634,0.665,7,-12.186,1,0.0363,0.00119,0.579,0.148,0.206,113.966,4,0
5IhAZmgprQOF7yeEe0faOE,Time Capsule,Amatsuki,2,161337,0,0.473,0.724,4,-10.021,1,0.0771,0.0553,0.0,0.423,0.635,185.135,4,0
6i7DyKzkNHXLbRRnMMinVI,Cordeiro e Leão - Ao Vivo,Central 3;Pevê Brito;Drops INA,39,652137,0,0.303,0.546,4,-7.633,0,0.0338,0.199,0.0,0.685,0.2,101.931,4,0
2dBud3AlOI7HI9Es8oBa8i,Focus On Your Own Family,Off With Their Heads,34,136520,0,0.461,0.988,0,-3.904,1,0.0854,0.00463,1.47e-05,0.12,0.275,109.464,4,0
6Z6SFFFWgLldSgTFyKyI0i,Anastasia Seabiscuit,Chad Daniels,25,94720,1,0.68,0.818,8,-8.723,1,0.916,0.708,0.0,0.622,0.455,86.087,1,0
0xCvya7aYf0D8F6I8iZRew,Juan el Guapo,Mr Black El Presidente,29,240744,0,0.846,0.651,11,-12.075,0,0.0888,0.01,0.00635,0.337,0.971,120.115,4,0
56hNxsAptIl9OTfVSfRJSN,The Maps,Alexandre Desplat,12,197093,0,0.108,0.08,11,-24.875,0,0.037,0.946,0.962,0.119,0.0382,83.613,3,0
0iVuYZTxkkJrzfp56doJ91,Messed Up On Christmas,Lyn Lapid,0,141972,0,0.616,0.233,11,-12.894,1,0.0386,0.791,3.39e-05,0.0978,0.407,93.995,3,0
5Ea6VaQFplATEu2biAQdlB,Silence,Popcaan,56,215776,1,0.547,0.558,9,-6.745,0,0.309,0.112,0.0,0.112,0.422,93.872,4,0
16uXRCvEKCwATSpmzq5rqE,Tuuduuu - Original Mix,Frontliner,21,348489,0,0.726,0.896,10,-8.187,0,0.0851,0.0148,0.942,0.0514,0.272,150.005,4,0
0d1ujEcFwTqA4kWliTSJim,Don't You Hold Me Down,Alan Walker;Georgia Ku,66,132597,0,0.773,0.839,5,-4.046,1,0.0566,0.0276,0.00797,0.132,0.303,123.975,4,0
7a6dKghXRh8XAiwJAdigfG,Never Say Goodbye,SWAY;EXILE SHOKICHI;SALU,23,211413,0,0.615,0.915,1,-3.56,0,0.0582,0.0394,0.0,0.243,0.354,105.001,4,0
4ngv7whSPSAwD8ZP3zMHsd,The Worth Of The Wait,Ivan & Alyosha,55,171800,0,0.48,0.618,2,-7.335,1,0.0501,0.844,8.93e-05,0.325,0.344,82.051,4,0
35vN8C4w1JT1nf0S7WqlqQ,Traición,Hermetica,30,194333,0,0.439,0.826,4,-10.0,0,0.034,0.000193,0.0,0.0879,0.497,104.533,4,0
1HX9Dujo4yG0PG0thLTlAb,Summer Love,Rudimental;Rita Ora,0,258140,1,0.56,0.724,1,-6.263,1,0.0458,0.174,0.00321,0.149,0.279,159.916,4,0
0bFgyBeGeoxmS3OLAUoQYO,Phoenix,Anagramma;Helen Engels,43,418937,0,0.755,0.596,7,-10.511,1,0.0443,0.0246,0.555,0.135,0.224,112.013,4,0
3SENbbTSToIN6GMrryJiwc,Rakshithavine Kanka Paapi,Don Valiyavelicham,27,374468,0,0.537,0.565,4,-8.517,1,0.0347,0.27,0.0,0.367,0.192,119.967,4,0
1G950qfSStXZLjScolxmmv,Fuschia,Dark0,16,289018,0,0.786,0.461,7,-6.281,1,0.0841,0.0597,0.941,0.138,0.252,142.04,4,0
6NcruLjcmzmgwwpW09HXzT,Mama Laudaaa - Apres Ski Edition,Almklausi;Specktakel,0,215976,0,0.614,0.974,11,-2.153,1,0.102,0.199,0.0,0.358,0.896,140.027,4,0
76fdtNvwn6hkOmBvgOom7L,Parfum thérémine,L'Impératrice,53,304993,0,0.662,0.591,6,-10.907,0,0.033,0.454,0.878,0.105,0.204,102.045,4,0
5dQRYJYKpQO3ZF4CTO6AQJ,Highway Donkey,Millencolin,33,148933,0,0.4,0.984,11,-2.551,0,0.0887,0.000744,0.0,0.334,0.57,134.89,4,0
53c2fnFh1JvmsQtgH5cjPn,Eutanasia,La Polla Records,26,191333,0,0.482,0.769,9,-9.992,1,0.0304,0.00101,0.00102,0.34,0.759,153.901,4,0
4pLFckcqak2ESbU07dcZ6V,這款的情愛,楊宗憲,23,229643,0,0.401,0.442,8,-11.979,1,0.0304,0.209,1.2e-06,0.0543,0.314,139.844,4,0
4OJXEwWF5CKqWmCRx8vuks,Theme From The Addams Family,The Party Cats,11,103813,0,0.898,0.431,5,-11.645,1,0.0708,0.198,0.00076,0.041,0.9,120.052,4,0
2z6PQ65b5pTBnI8lqMMwrR,Nuestra Promesa,William Luna;Magaly Solier,33,290853,0,0.573,0.743,10,-6.573,1,0.121,0.747,0.0,0.0734,0.729,143.971,4,0
399J96pvyrrDAHDXBY1qnf,Дремлют плакучие ивы,Oleg Pogudin,0,178920,0,0.4,0.22,2,-14.161,0,0.0384,0.896,0.0254,0.114,0.186,89.595,3,0
3A6Ty55vQ1NC06EiB1fi9z,No More Heroes - 1996 Remaster,The Stranglers,54,207440,0,0.293,0.933,0,-8.082,1,0.0701,0.000109,0.145,0.336,0.837,150.994,4,0
28LShwDy6gR9hKDUNKWCWX,La Novia de Mi Mejor Amigo,Los Hermanos Carrion,27,169520,0,0.638,0.789,7,-4.888,1,0.0278,0.37,4.12e-05,0.102,0.849,129.389,4,0
6bvZRLLkBKkmgpBJTTj3QK,How You Like That,BLACKPINK,75,180956,0,0.813,0.787,11,-4.254,1,0.0777,0.0452,0.000107,0.0506,0.326,130.018,4,1
232gT5IspcqSA7PwAqCCQh,Le temps des cathédrales,Alessandro Safina,19,231513,0,0.196,0.453,0,-8.227,0,0.0416,0.885,0.000794,0.248,0.202,75.155,4,0
7w7e9BHRU87XLwyZsXTn5J,Ayrilik,Düş Sokağı Sakinleri,35,344960,0,0.692,0.284,5,-11.293,0,0.0298,0.956,0.0332,0.0998,0.264,103.895,4,0
1SN1vSPsr4V4tIUTR3s8YW,Fast Car,Jonas Blue;Dakota,73,212424,0,0.672,0.578,9,-6.621,1,0.0569,0.469,0.0,0.312,0.548,113.945,4,1
4ToqbHMm2DZrk9hG01RHh7,Fulminante,RDN;Vitinho;Caju Pra Baixo,38,102989,0,0.487,0.702,4,-7.961,1,0.0356,0.189,0.0,0.671,0.905,163.979,4,0
0SiPuRVGFgm57RyhM1RBFF,Nada Me Separa Desse Amor,J Neto,37,253654,0,0.488,0.32,10,-16.489,1,0.0368,0.669,0.0,0.199,0.705,81.871,4,0
2S0VcTxcNm44R3TyoIcUup,Pede Pra Voltar (Ao Vivo),Ícaro e Gilmar,51,179761,0,0.484,0.698,2,-4.245,1,0.0299,0.677,0.0,0.435,0.74,105.917,4,0
3EEJ63VT1FN3sQod8vd4e8,(RE)EVOLUTION VOL. 2,Dirt Monkey,24,1556883,0,0.528,0.78,2,-5.549,1,0.121,0.0277,0.0168,0.185,0.329,125.065,4,0
54OR1VDpfkBuOY5zZjhZAY,YMCA - Original Version 1978,Village People,70,286800,0,0.723,0.969,6,-4.516,1,0.142,0.0643,0.0,0.115,0.728,126.653,4,0
5JZGFSGzpRkEksBPu8n1kY,Edhirthu Nill,Yuvan Shankar Raja;G. V. Prakash;D. Imman;Vijay Antony;Thaman S,56,261346,0,0.795,0.755,6,-6.031,0,0.0441,0.281,1.09e-06,0.047,0.606,123.962,4,0
5hnGly9RuGiixupoVrLTNI,MIA,Bad Bunny;Drake,0,210367,0,0.817,0.539,6,-6.349,0,0.0621,0.0141,0.000496,0.099,0.158,97.061,4,0
1GoE6xwwZ20NbxCKVA5nz2,Indescribable - Arriving Album Version,Chris Tomlin,49,238786,0,0.38,0.799,11,-4.128,1,0.0299,0.0818,0.0,0.108,0.407,179.848,3,0
1qwUNvaIVCoiPQVQKPNyd8,I'll Take You There,Vybz Kartel,25,191352,0,0.562,0.808,3,-5.219,0,0.274,0.473,0.0,0.129,0.784,98.77,4,0
5kzDgkyl2iAo4qEitoqU5n,Voy a Rifar Mi Corazón,Imelda Miller,37,163706,0,0.73,0.612,10,-5.781,1,0.0379,0.594,0.0,0.64,0.83,107.635,4,0
2ZceU5sfgcH5h7bIsFuuXT,Things My Father Said,Black Stone Cherry,44,233346,0,0.482,0.627,2,-5.779,1,0.03,0.054,2.99e-06,0.111,0.17,95.903,4,0
6xltcaxCBOANwBQgJJc6uK,Pra Não Ter Que Enxergar Onde Errei,Bullet Bane,33,225237,0,0.574,0.758,0,-5.781,1,0.0289,0.00066,1.33e-06,0.285,0.309,95.006,4,0
1cVSnQQIkjPgOnV6GohVEB,A Voz (feat. Daniela Araújo),Os Arrais;Daniela Araújo,41,271360,0,0.391,0.326,5,-12.662,1,0.0309,0.486,0.332,0.127,0.246,160.062,3,0
0wWuLlChcZvwtO0hgJlelc,Alone,The Gathering,22,296720,0,0.549,0.706,9,-9.223,0,0.0364,0.189,0.19,0.143,0.136,97.014,4,0
5SqrY9AWeRXqwgLCnLO2A0,Bring Me To Life,Evanescence,0,235893,0,0.318,0.943,4,-3.188,0,0.107,0.00721,2.06e-06,0.242,0.298,189.985,4,0
5JFNmodMEPCT0k1KhmQ7lq,Heat Waves,Glass Animals,2,238805,0,0.761,0.525,11,-6.9,1,0.0944,0.44,6.7e-06,0.0921,0.531,80.87,4,0
5Xpn8seuohodh7p0DFk13V,Christmas All Over Again,Tom Petty and the Heartbreakers,0,253626,0,0.44,0.838,9,-6.196,1,0.0423,0.0956,0.0,0.473,0.619,138.908,4,0
7aIEY85BK4Y9LQwT0MXz2V,On Repeat,Robin Schulz;David Guetta,0,190217,0,0.609,0.801,1,-8.483,0,0.0694,0.0246,0.00255,0.37,0.202,122.958,4,0
1veZkUONsfxYDfqcGo6YbG,Duvet,Niklas Paschburg;Andy Barlow,50,204845,0,0.403,0.16,6,-22.779,1,0.0369,0.959,0.941,0.0911,0.16,72.571,4,0
3XAmrujM0MVxvLBa0FHccH,Bless the Lord,Lindsay Mendez;Godspell (The New Broadway Cast Recording),33,185986,0,0.42,0.631,2,-7.609,1,0.119,0.421,0.0,0.327,0.799,127.928,4,0
6h061f44HZPj1OXO2nA45d,Party of One,Brandi Carlile;Sam Smith,0,259558,0,0.296,0.206,0,-11.799,1,0.0412,0.782,0.000225,0.0959,0.202,165.4,4,0
4BrchLoM7UtgFfMjp3eQ1z,Bitterusso champagne - Ao vivo,O Rappa,41,202457,0,0.459,0.9,1,-5.215,1,0.111,0.301,0.087,0.874,0.488,170.013,4,0
5x5DSEnt5Yzo9SoQBenjgY,"Mi amor, mi sol, mi perdición",Bulldog,36,240451,0,0.416,0.934,9,-3.725,1,0.0491,0.0072,0.0,0.224,0.725,179.987,4,0
7qrx7wdYhAOotAX9Cux06s,Dawn is Coming,Andy Thorn,25,221840,0,0.54,0.435,10,-18.341,1,0.0443,0.966,0.775,0.0932,0.929,117.031,4,0
7EzOPuivzEs7DOcrYMYfJw,Schwappende Gezeiten,Weißes Rauschen HD,42,230675,0,0.0578,0.446,0,-28.103,0,0.0582,0.915,0.962,0.384,0.00084,63.334,3,0
1oNFfrgSdZ2Af22M60gix4,Haciendote el Amor,Los Locos Del Ritmo,31,119745,0,0.571,0.719,2,-8.81,1,0.0447,0.871,0.0,0.133,0.988,138.16,4,0
3Mk4nxxKHem8rWxdWLC0R6,トラベリン・バス - Live at 横浜スタジアム'95 - Remastered 2022,Eikichi Yazawa,31,249906,0,0.493,0.943,5,-6.579,1,0.101,0.000409,0.1,0.923,0.274,140.2,4,0
1fewSx2d5KIZ04wsooEBOz,Space Cadet (feat. Gunna),Metro Boomin;Gunna,81,203266,1,0.901,0.464,5,-9.789,0,0.0645,0.368,1.71e-05,0.238,0.638,109.004,4,1
2LwbqMBDHVgePOlAsYkJpY,The Piston Cup,Randy Newman,41,112386,0,0.296,0.203,4,-12.019,1,0.0418,0.902,0.915,0.178,0.165,115.409,4,0
4DW67oWO4QPhVQ6TFIr8ES,Pressurelicious,Megan Thee Stallion;Future,1,173061,1,0.845,0.723,11,-5.18,1,0.263,0.0112,0.0,0.107,0.667,146.972,4,0
6MLgJ24KLXzuYqT330yfdz,Fusión y Fin,Usted Señalemelo,37,189800,0,0.588,0.832,9,-7.543,1,0.0415,0.021,0.00101,0.186,0.523,106.011,4,0
2LAbwhtxSdxvOjQRSNdVmF,Rampage,Kavinsky,0,175653,0,0.44,0.873,5,-3.015,0,0.0576,0.0124,0.0966,0.346,0.5,111.1,4,0
0L50h51ICmM3WrLagIFPJC,Nüchtern,Anstandslos & Durchgeknallt;Emi Flemming,35,159375,0,0.864,0.842,0,-5.518,1,0.0502,0.19,0.00023,0.0795,0.844,127.97,4,0
02IzKHWkGVtNMdPoOAxHb3,I Wish It Was Christmas Today,Cheap Trick,0,194120,0,0.383,0.984,8,-3.573,1,0.103,0.000246,0.287,0.24,0.304,164.959,4,0
2HCml99aKlW0dcCPZMOKQX,Let Me - Nezhdan Remix,Nikko Culture;Nezhdan,36,428717,0,0.774,0.629,9,-8.986,0,0.0368,0.175,0.0618,0.0975,0.152,117.02,4,0
0gKNqldG2cL6UZGCre4rAj,難得一遇,Phil Lam,45,235892,0,0.418,0.345,10,-9.795,1,0.0354,0.767,0.0,0.176,0.215,172.006,4,0
10dVVfHlZYjV4Qv9uNVgrA,Joanna (Drogba) - Remix,Afro B;French Montana,55,207763,1,0.934,0.642,2,-6.489,1,0.117,0.037,0.0,0.0754,0.748,108.027,4,0
1voq70uyXy4i3S1oJP48Hs,Jardins Da Babilônia,Rita Lee;Roberto De Carvalho,40,190960,0,0.618,0.701,0,-11.905,1,0.0611,0.072,0.0,0.0627,0.889,124.449,4,0
6OGMQF8sdQ9p5Y27kX0t0r,Beg for You,Charli XCX;Rina Sawayama,0,168053,0,0.788,0.945,9,-5.091,1,0.0599,0.223,2.97e-06,0.115,0.466,128.036,4,0
6ktfvSd9cnC9ZQv7bnif1B,Buscando Razón,Hermetica,39,221200,0,0.465,0.708,2,-10.568,1,0.0286,0.000239,7.57e-06,0.0872,0.685,97.28,4,0
2xtVidhCrrm5RQlgfGiskm,Afternoon at Satie's,Jesse Cook,34,197093,0,0.679,0.474,4,-13.223,0,0.043,0.941,0.922,0.11,0.441,102.292,4,0
5441DT9P5AL05PQSoNMNzS,Loved By You,Justin Bieber;Burna Boy,0,159250,0,0.79,0.724,1,-6.972,1,0.0852,0.0696,2.33e-06,0.113,0.642,101.04,4,0
46y7Z4FT959dUDj30tf2N2,Parallax,Implore,16,234195,0,0.258,0.928,2,-4.079,1,0.0836,2.23e-06,0.983,0.0908,0.2,176.984,4,0
0wix4N0V67kfAFrkEaCKpO,Calma - Piano e Voz,Lorhann,42,220729,0,0.326,0.375,2,-7.803,1,0.0393,0.883,0.0,0.119,0.467,82.355,4,0
27SdWb2rFzO6GWiYDBTD9j,Cheap Thrills,Sia,78,211666,0,0.628,0.698,6,-5.608,0,0.105,0.0472,0.00143,0.0907,0.732,89.976,4,1
6zyDXm2DMaWbxguJpWqudR,Heaven,Bazzi,0,153391,0,0.798,0.575,5,-5.515,0,0.035,0.14,3.62e-06,0.056,0.683,114.986,4,0
6I8EbSSjimK98wiDCMtnBQ,Slightly Hung Over,Blues Delight,54,285506,0,0.666,0.4,9,-7.324,0,0.0328,0.717,0.000334,0.342,0.395,98.781,3,0
1cAMXz9mnvrqyQLSG4KeeE,Sirens,Pearl Jam,63,340320,0,0.523,0.847,3,-5.888,1,0.028,0.00309,1.21e-05,0.146,0.475,155.032,4,0
0jbaVDk5DhYgSrpohVXUmk,22 godziny,Muchy,36,247133,0,0.678,0.667,1,-6.482,1,0.0348,0.0165,7.19e-05,0.157,0.427,106.018,4,0
51dGpRXdXyODtrBj49OvE5,Shimmy Shimmy Ya,Ol' Dirty Bastard,0,160666,1,0.743,0.467,0,-5.429,1,0.0632,0.0344,0.0391,0.0716,0.125,96.238,4,0
4NsBEdmbgu9u8cH21ycyBv,Modular Mix,Air,47,359600,0,0.595,0.557,2,-11.903,0,0.0912,0.351,0.81,0.0468,0.396,179.798,4,0
5t1sJQEcAltWjCfGL50aQT,Grave,Wage War,52,194786,0,0.491,0.981,7,-3.673,0,0.131,0.0116,0.000971,0.144,0.366,138.015,4,0
7HOeuULGsJMkZ20gZlrMZr,Dreams,Rootkit,47,188965,0,0.497,0.84,0,-3.519,1,0.134,0.00281,0.0272,0.121,0.0388,173.882,4,0
3taJ7Hxx6pifR0GKvf7Yv9,Defected Presents House Masters - Derrick Carter Mixtape,Derrick Carter,5,305826,0,0.785,0.884,6,-6.827,1,0.0694,0.00207,0.133,0.0933,0.53,123.984,4,0
0rPvMauDM1pee5BlHtF0p8,Not Alone (Weaver & Steve Hill Mix),Hardcore Masif;Weaver;Steve Hill,24,357302,0,0.416,0.973,7,-5.621,0,0.0586,0.00882,0.531,0.344,0.186,169.005,4,0
5u8XmgNqmWZORE6XByIj1J,O Povo da Periferia (Expressão Ativa),Ndee Naldinho,42,469999,0,0.804,0.371,0,-15.462,1,0.138,0.515,1.08e-05,0.173,0.749,133.96,4,0
5kW4weQet1sxEKE9wJngDJ,Teardrinker,Mastodon,0,320507,0,0.457,0.979,5,-3.836,1,0.0485,9.8e-06,0.119,0.123,0.227,127.006,4,0
1qRA5BS78u3gME0loMl9AA,For What It's Worth,Buffalo Springfield,78,153693,0,0.653,0.519,2,-10.164,1,0.0497,0.406,0.0209,0.101,0.822,98.883,4,1
01SfTM5nfCou5gQL70r6gs,Golden Slumbers - Remastered 2009,The Beatles,64,91760,0,0.419,0.152,0,-12.126,1,0.0277,0.326,0.0034,0.113,0.239,80.608,4,0
6arfQN87rvooz5kZIQqis2,Into the Fog,Foghorn,29,78760,1,0.662,0.991,11,-3.534,0,0.245,0.0259,0.0971,0.45,0.18,122.026,3,0
0M8rrUcBYXa24y3AIKQ19z,Comfortably Numb - Live At Pompeii 2016,David Gilmour,53,599840,0,0.211,0.641,11,-10.24,0,0.0495,0.026,0.00382,0.754,0.251,127.142,4,0
6RK3IsiUW6YaSMEodbO4tk,Solitude - Felsmann + Tiley Reinterpretation,M83;Felsmann + Tiley,72,222354,0,0.367,0.202,0,-11.342,1,0.0313,0.668,0.145,0.109,0.0362,121.865,4,1
0nrffwdTd688xx9o74NsPc,Sleep in Love - Music Box,Baby Lullaby,0,131000,0,0.451,0.036,0,-20.772,1,0.0633,0.905,0.898,0.108,0.397,106.807,4,0
0u8wprNfOdcWpUlWnfMcpP,Bol Na Halke Halke,Shankar-Ehsaan-Loy;Rahat Fateh Ali Khan;Mahalakshmi Iyer;Gulzar,68,306834,0,0.637,0.573,11,-6.69,0,0.0491,0.279,3.46e-06,0.0617,0.704,90.017,4,0
06QhDcVIH3csxlm7K7mpPi,Hate Me,Ellie Goulding;Juice WRLD,2,186226,0,0.658,0.791,8,-4.66,1,0.0512,0.102,0.0,0.139,0.744,75.017,4,0
1dVZeuQFWzSI22d3hPEncI,BOMBÓN,Daddy Yankee;El Alfa;Lil Jon,8,182413,1,0.843,0.789,7,-2.801,1,0.247,0.0028,2.41e-05,0.0322,0.571,125.071,4,0
5URQ1xSOkuIhyP9jjd4tXk,Gerado no Altar (Ao Vivo),Samuel Messias,38,357954,0,0.328,0.474,6,-7.972,1,0.0659,0.449,0.0,0.0772,0.236,174.799,4,0
2UFAjlh6NmjWX9IyMTMcxD,Te Canto Un Son,Alejandro Sanz,0,192551,0,0.815,0.66,9,-7.68,0,0.25,0.381,0.0,0.128,0.643,101.006,4,0
0C3ZTjUS7XqO9znjYl5CPM,Kitaab,Gravero;Happy Pills;Dikshant,50,148389,0,0.553,0.378,4,-10.735,1,0.0688,0.607,0.000324,0.26,0.332,170.051,4,0
6xB7E0HOWznwiO0v56mqwD,Find Me,Sigma;Birdy,55,204444,0,0.584,0.805,5,-4.029,0,0.0465,0.0649,0.0,0.103,0.238,134.882,4,0
2cNjgoSh1TBHFQIhfzRJUE,Go,The Chemical Brothers,59,260696,1,0.751,0.897,1,-3.598,1,0.0468,0.00957,2.88e-05,0.329,0.482,119.97,4,0
38QNEuBhnpwEfhQoBqxwQQ,Ele Continua Sendo Deus,Jefte Santos,37,272526,0,0.599,0.414,9,-7.249,1,0.0339,0.214,0.0,0.322,0.259,121.766,4,0
0FDMH2ahuIVzCybwHJK9zh,Quiere Beber,Anuel AA,71,187125,0,0.773,0.57,8,-3.482,1,0.113,0.372,0.00524,0.108,0.772,95.038,4,1
2BxRxqP6gqHHO0dQzse8pe,Adıyaman,Kızılırmak,39,133720,0,0.599,0.365,6,-7.628,0,0.0282,0.867,0.0,0.209,0.459,127.962,4,0
0OBtVT2njy39xf4RgGV8cI,"Kiss Me Babe, It's Christmas Time",Owl City,0,229033,0,0.705,0.567,0,-7.054,1,0.0306,0.0199,0.0,0.0937,0.562,105.96,4,0
6vA1FwRxArrlYJTCW5sxHi,Para Ti Eu Vou - Ao Vivo,Central 3;Gabriela Maganete;Rapha Gonçalves,50,601544,0,0.4,0.601,0,-6.879,1,0.0356,0.458,0.0,0.173,0.236,133.766,4,0
0SWcUpvp1XvKDKJAcOqDNl,Descendo As Escadas,Dead Fish,31,226979,0,0.432,0.959,11,-5.095,1,0.0522,0.000358,0.0,0.104,0.637,92.122,4,0
4aY0tZIaboefmkBEsjAovI,If I Die Young,The Band Perry,65,222773,0,0.606,0.497,4,-6.611,1,0.0277,0.348,0.0,0.275,0.362,130.739,4,0
16Y0MeVVRU0SwpKDN9durD,The Voodoo Babe,Matt Sassari;CHRSTPHR,55,126666,0,0.823,0.855,5,-5.577,1,0.0456,0.000807,4.9e-06,0.345,0.917,125.975,4,0
4fAGHnOJi4ZuPVEldt9pdu,但願不只是朋友,Leon Lai,25,256839,0,0.65,0.594,0,-7.484,0,0.0256,0.0504,0.000162,0.188,0.486,122.164,4,0
0c1rZSPk2AtPkcfjfsU7QB,"Christmas Oratorio, BWV 248 / Part One - For The First Day Of Christmas: No. 1 Chorus: ""Jauchzet, frohlocket""",Johann Sebastian Bach;The Monteverdi Choir;English Baroque Soloists;John Eliot Gardiner,0,459360,0,0.499,0.327,1,-16.66,1,0.0382,0.937,0.161,0.131,0.43,134.882,3,0
6DCOPYnwHSpJ0GCKaXdjn5,forget-me-not,ReoNa,53,266560,0,0.452,0.918,5,-3.865,1,0.104,0.0044,1.14e-06,0.307,0.509,148.032,4,0
5N5GaRpXYZl5ZKKU5a5LtH,Berlín,Aitana,66,146493,0,0.788,0.81,4,-3.136,1,0.0736,0.0656,0.000465,0.283,0.891,153.936,4,0
3cCzgsUedVusANcpXXfpgF,El Hijo de Cuca,Asspera,22,168120,0,0.578,0.955,6,-4.433,1,0.203,0.00192,0.0,0.383,0.463,145.013,4,0
2SSZlqFPj6pCmOQhwVmgPi,I Saw Mommy Kissing Santa Claus,The Jackson 5,0,181360,0,0.582,0.705,3,-8.169,1,0.0539,0.29,1.38e-06,0.797,0.64,128.89,4,0
6oNLtf8Ri1ADGCu6WSii1p,The 'Derry Air,Phil Coulter,22,182066,0,0.552,0.235,5,-17.955,1,0.0321,0.699,0.805,0.13,0.205,111.841,3,0
4DNAieQSXgtNX37M0UJxC6,Night Rain for Sleep,Nature Sounds,0,128190,0,0.166,0.998,11,-27.053,0,0.0403,0.993,0.646,0.952,1e-05,81.46,4,0
6mchtho7otjNIYcPPrYZyj,Más De Ti,"Gotay ""El Autentiko"";Ozuna;Wisin",0,257506,0,0.758,0.8,0,-3.245,1,0.0383,0.0714,0.0,0.407,0.607,94.043,4,0
6TRYv8brfH12SfgV8lMraP,Mata,Akalé Wubé,44,230853,0,0.569,0.496,4,-11.423,0,0.0674,0.393,0.924,0.11,0.808,82.822,4,0
2l2zYplvdjpRDEAmoHKX0t,Just Can't Get Enough - Radio Edit,Charly Lownoise & Mental Theo,20,254533,0,0.531,0.997,5,-4.509,1,0.0504,0.101,3.39e-05,0.957,0.458,138.011,4,0
7g1ID9Paz7HfwH58jnJrSP,My Friend,Vladimir Troshin,9,147360,0,0.416,0.16,9,-17.863,1,0.0559,0.975,0.173,0.086,0.562,88.454,4,0
4Q2pNhiQ5KtzuXd0GIbRiz,Counting Rice,Raimu,60,181305,0,0.645,0.242,2,-13.986,0,0.0402,0.805,0.894,0.115,0.0744,140.015,4,0
1hLRoUONVzeTkWZT7pCuvs,Have Yourself A Merry Little Christmas,Judy Garland,0,165026,0,0.23,0.163,6,-14.909,1,0.0351,0.97,0.00424,0.262,0.102,102.777,3,0
67QoEc0mR2OpqNKXgHGHDq,"Bills, Bills, Bills (feat. Darren Criss)",Glee Cast;Darren Criss,46,180280,0,0.833,0.441,11,-6.172,0,0.152,0.392,0.0,0.149,0.762,127.658,4,0
1mgsWGf69P448vP0md1Z8e,Won't Make A Sound,ARMNHMR;NURKO;Micah Martin,47,276480,0,0.441,0.728,5,-4.373,1,0.0384,0.259,0.0,0.109,0.191,142.095,4,0
5cZkudJYkjAKcU4Cs0BM6H,Dostlarım,Tanju Okan,40,247560,0,0.328,0.613,2,-6.47,0,0.0335,0.545,0.0,0.377,0.473,99.824,4,0
02WKGxS1NX7eJTgW1seICP,Bitte Geh Nicht,Vanessa Mai,38,131426,1,0.706,0.73,0,-5.681,1,0.052,0.662,1.93e-05,0.293,0.493,93.034,4,0
1NzZWhNIP9DIX4yy0K7l5m,"Martha: ""M'appari""",Friedrich von Flotow;Luciano Pavarotti;New Philharmonia Orchestra;Richard Bonynge,23,204706,0,0.222,0.195,5,-13.631,1,0.0368,0.982,0.000169,0.0945,0.11,89.332,4,0
0aK3Xgv9CRa9T62PXLG3fX,DANCING IN THE PLEASURE LAND,BOØWY,33,271626,0,0.634,0.975,6,-5.433,0,0.057,0.0081,0.0764,0.21,0.77,140.299,4,0
0H4v7LA7Yvw6uRe4BbeOsp,Sjung högre,Håkan Hellström,35,263839,0,0.225,0.276,5,-9.724,1,0.0302,0.871,0.325,0.177,0.107,79.704,3,0
3y8vOmrtJpdyQ3PkaHQRKm,Remédios Demais,Matanza,43,144266,0,0.359,0.991,2,-3.688,1,0.121,0.000762,2.23e-05,0.0837,0.433,181.231,4,0
3xPq3bLYR6GOR1L1y9WEmi,That's The Way Love Is,Ten City,17,247000,0,0.678,0.937,7,-5.56,1,0.0432,0.187,0.000159,0.13,0.96,120.002,4,0
2T7qCmVQfFrh0ihKjprF45,Four to the Floor,Starsailor,2,230960,0,0.53,0.782,1,-6.872,0,0.0259,0.0265,0.000187,0.0688,0.719,93.106,4,0
215VIsT7adhjPuUtJkZdXl,Shadow Soldiers - Live in Wacken 2017,Accept,20,360120,0,0.486,0.918,1,-6.207,0,0.0415,0.0144,0.00353,0.798,0.431,108.012,4,0
7GDpzsyHLv6NVJ9tC528qz,Clones,Aux 88,7,357409,0,0.444,0.799,7,-10.938,1,0.0722,4.11e-05,0.695,0.0235,0.197,179.792,5,0
48VzfSDNpxIfWohA9bZgfo,背叛,Gary Chaw,54,321629,0,0.368,0.449,11,-7.049,1,0.0298,0.729,0.0,0.132,0.273,133.974,4,0
1ycasxRQuWKCs0LpIBNcw7,Hasta Abajo,Kevin Roldan;Bryant Myers;Lyanno,1,229826,0,0.714,0.671,5,-5.119,1,0.362,0.292,0.0,0.325,0.641,169.727,4,0
5w0fXkSXtTY4kDKzandhkJ,Terbaik Untukmu,Pee Wee Gaskins;agrikulture,40,290454,0,0.411,0.924,7,-2.292,1,0.0445,0.00463,0.000306,0.296,0.275,176.154,4,0
45s4AQmANhxHbIF9S0900V,"Carnaval, Op. 9: No. 15, Pantalon et Colombine (Live in Japan, 2022)",Robert Schumann;Pavel Nersessian,0,56360,0,0.295,0.195,5,-22.43,0,0.0457,0.994,0.916,0.205,0.496,131.893,5,0
7KVQff4bIdHI6X6DX11H4J,Wash Your Hands,Blake Rules;Netherfriends,17,147200,0,0.778,0.4,8,-10.231,0,0.158,0.228,0.0,0.338,0.624,75.032,4,0
572GakOVkoIZvOGXcgofFO,Feliz Cumpleaños Ferxxo,Feid,2,155960,0,0.865,0.573,5,-5.501,1,0.0678,0.0863,0.0,0.305,0.563,94.999,4,0
3uRrymHwcED49Q4fAnJJgD,Truth Hurts - DaBaby Remix,Lizzo;DaBaby,0,197610,1,0.706,0.627,4,-2.94,0,0.202,0.193,0.0,0.126,0.38,158.041,4,0
7nRRTaHqiagZHYOHDOlZlF,Gone Girl,Jasmine Cephas-Jones;Le'Asha,23,202040,1,0.673,0.613,7,-6.865,1,0.047,0.0054,0.0104,0.0751,0.372,130.033,4,0
5jo7iW8CAGWWTrImvn8Ynh,深秋的祝褔,Wu Bai,0,297746,0,0.556,0.448,2,-9.131,0,0.0314,0.884,0.276,0.126,0.338,80.754,4,0
71QO17vemzJdZ4LjIxgQoX,Ocean Drive,Duke Dumont,0,206320,0,0.67,0.776,8,-4.091,0,0.047,0.00388,0.000189,0.122,0.624,115.034,4,0
24KWR3ATrrVO7oRju8ww2i,Turn Up The Love,Far East Movement;Cover Drive,0,196466,0,0.75,0.877,1,-4.203,1,0.121,0.132,0.0,0.268,0.662,123.87,4,0
0IgDxg8KOtsM8x3y09L9oB,Se Livra Dele,Unha Pintada,41,193777,0,0.782,0.724,0,-5.521,1,0.0472,0.6,0.0,0.101,0.659,134.996,4,0
5T9xdLt54vDIPCBCtrK358,Volver,Carlos Gardel,26,170533,0,0.504,0.308,1,-8.062,0,0.0739,0.978,3.73e-05,0.264,0.582,60.048,4,0
5tRnzF4v2KL72QQdCjopyt,Black Out Days - Future Islands Remix (Slowed),Phantogram;xxtristanxo;Slowed Radio;Future Islands,66,214394,0,0.535,0.402,9,-10.884,1,0.031,0.000748,0.734,0.0812,0.0862,142.847,4,0
7GNRUsU3M4XNDDB9xle5Dz,That That (prod. & feat. SUGA of BTS),PSY;SUGA,81,174646,0,0.905,0.962,4,-3.197,1,0.0856,0.0299,0.0,0.0272,0.906,129.969,4,1
6uW03WHG3qv2FzxPIW6SUP,The Gospel Truth I / Main Titles - Hercules,Cheryl Freeman;LaChanze;Vaneese Thomas;Lillias White;Roz Ryan;Disney,61,145640,0,0.5,0.565,11,-10.528,1,0.145,0.25,0.000147,0.145,0.466,158.072,4,0
51bylzFSkrMp9kwmMtzN2X,The End of the World - 1997 Remaster,Herman's Hermits,41,180226,0,0.429,0.257,5,-10.906,1,0.028,0.864,0.00154,0.0878,0.382,90.004,3,0
7LXl6yUAXJL33Z7ZJts986,All By Myself,Il Divo,26,232693,0,0.345,0.4,2,-7.701,0,0.0317,0.523,8.63e-05,0.103,0.0376,115.631,4,0
5I8DslpztOwOpwERbGGDTC,Eu Não Matei Joana d'Arc,Camisa de Vênus,47,225533,0,0.399,0.75,2,-11.185,1,0.118,0.00481,0.000483,0.0748,0.745,197.679,4,0
1tuAr9yRejguil8EMa0QQa,"New York, New York",Oscar D'León,27,197320,0,0.465,0.48,3,-6.573,1,0.033,0.608,0.0,0.301,0.584,112.142,4,0
4dmdNjwLHAWB0uWI1E0hqf,It Started with a Kiss,Hot Chocolate,0,242013,0,0.811,0.527,0,-13.463,0,0.0986,0.238,0.000424,0.338,0.684,112.375,4,0
0RGoOj4wRgrldTUEzygt5k,Gammy Elbow - VIP Mix,DJ Zinc;Chris Lorenzo,21,191296,0,0.924,0.893,7,-2.567,1,0.191,0.0166,0.859,0.0907,0.613,129.999,4,0
49z2kxEp9AzpDY66YuD1jJ,Smile For Me,Gentle Bones,51,166415,0,0.665,0.645,7,-6.056,1,0.0673,0.144,0.0,0.165,0.254,106.016,4,0
5g3ZD7PmrEQlQZKDW91yGG,Eternal Flame,The Bangles,64,235666,0,0.521,0.233,7,-13.683,1,0.0254,0.635,0.0,0.245,0.4,78.93,3,0
6MNY72T605kPIOH3hnioxu,Ref:rain,Aimer,60,289986,0,0.472,0.672,7,-4.297,1,0.0287,0.0343,0.0,0.0936,0.313,77.982,4,0
2aEkwMP0T1qaAo1qLoI9gl,念念不忘,Juno Mak,43,271353,0,0.431,0.687,0,-6.252,1,0.0493,0.586,0.0,0.3,0.351,141.811,4,0
4OQ4Ua0SulicmSHpgBXCvs,Oceá,Mirta da Silva,49,158974,0,0.346,0.0431,10,-29.328,1,0.0387,0.994,0.951,0.109,0.326,138.532,3,0
0zMvwJ23O7vsBTXxrMpwo0,You Spin Me Round (Like a Record),Mini Pop Kids,8,216440,0,0.754,0.928,4,-3.021,1,0.0458,0.00173,0.00151,0.039,0.671,127.959,4,0
3WtdWGFcbmVi2uKMcT4KZ2,Outro Lugar,Detonautas Roque Clube,54,236973,0,0.616,0.833,2,-7.932,1,0.0323,0.0392,9.77e-05,0.801,0.553,104.043,4,0
03EnOL1O9EKi9CFNmPyrCm,Please Forgive Me,Bryan Adams,68,355640,0,0.555,0.46,9,-7.032,1,0.0277,0.497,0.0,0.103,0.146,67.027,3,0
38Qvhp5yjj5uizSxVdcucY,Go,Prateek Kuhad,35,231958,0,0.449,0.261,9,-11.057,1,0.0324,0.626,0.0,0.101,0.218,84.138,4,0
5HmqzCeCdZFF20jqI6p73T,No Chance to Bloom,Modern Guns;Ijal Bulb,37,171213,0,0.246,0.995,1,-2.699,0,0.267,0.00062,0.168,0.476,0.162,139.697,3,0
44iP5ZxeA8Z8rQ8dBtxG4b,What Am I Gonna Do,Lefty Frizzell,11,155746,0,0.522,0.281,0,-15.195,1,0.027,0.902,0.00333,0.109,0.554,97.444,4,0
16DhvbuyvJob4Q9GHNYu2n,She Hates Me,Puddle Of Mudd,72,216760,1,0.58,0.748,4,-5.433,1,0.0323,0.00935,0.0,0.753,0.584,109.781,4,1
7pJH3YXNRUvq0ctKirL13A,人非草木,Kary Ng,48,267586,0,0.549,0.468,0,-7.895,1,0.0289,0.596,0.0,0.127,0.415,118.018,4,0
5AOS3sZzMVmhJDgV8PjOoR,Ya no te quiero,Los Tecolines,26,144040,0,0.729,0.446,0,-11.727,1,0.034,0.974,0.000702,0.173,0.91,112.476,4,0
47mlmMUesrgqCzSdTz6DXF,Sagiyae,Stephen Zechariah,58,184500,0,0.496,0.549,4,-8.067,0,0.0286,0.128,0.00226,0.237,0.372,80.03,4,0
7EM8x02pL7RZAyG4ZbeVdC,Child Thief,Triac,13,88392,0,0.167,0.837,5,-9.142,1,0.0879,1.35e-06,0.83,0.155,0.126,113.403,4,0
3zUURFfzGTcmqPNRpMaXgR,Payphone,Mini Pop Kids,10,234600,0,0.691,0.587,11,-4.379,1,0.0297,0.0885,0.0,0.372,0.275,110.029,4,0
1lZi0ulnmx8lbFucUpMhnF,Higher,Sigma;Labrinth,19,181026,0,0.361,0.838,11,-4.416,0,0.0756,0.011,0.0,0.164,0.532,84.753,4,0
4hNMTaMMztc30ZgaQEdzhE,Preciso Desse Mel,Grupo Sensação,51,233351,0,0.634,0.563,7,-10.164,1,0.0504,0.21,0.0,0.15,0.676,145.212,4,0
4nubm71kpigJmoDqB2qoCo,The Animal Sounds Song (Edited Version),Kids TV 123,37,147306,0,0.549,0.269,0,-11.071,1,0.0959,0.829,0.0,0.133,0.538,162.918,4,0
50RxCp8dmcpd5P66b95u68,Outro Na Fornalha (Another In The Fire) - Ao Vivo,Mari Borges;Sarah Beatriz,50,269840,0,0.557,0.758,7,-6.165,1,0.0414,0.324,3.34e-06,0.0838,0.192,129.924,4,0
3gnUhfve9KfjrBca9s1weI,Me Muero,La Quinta Estacion,0,190613,0,0.423,0.723,5,-3.741,1,0.036,0.14,0.0,0.236,0.623,170.022,4,0
33oQaDZex8PFThfgpCpOdH,Love Runs Deep,Autograf;Tiina,60,166004,0,0.815,0.705,11,-4.934,0,0.135,0.0294,1.62e-06,0.173,0.516,123.981,4,0
1XjrpDJARnUJtL1wRUQMbI,Christmas Is For Children,Glen Campbell,0,199200,0,0.32,0.288,7,-13.439,1,0.0291,0.363,0.00561,0.0943,0.181,77.762,4,0
2MVpsdNyF4sBUFZ3LuP592,Playful,Miss Sangria,34,117000,0,0.633,0.498,9,-9.812,1,0.0311,0.535,0.768,0.153,0.233,80.035,4,0
2rZ113Rwo5iwIA2orRpDKI,ファンキー・モンキー・ベイビー - Live at 横浜スタジアム'95 - Remastered 2022,Eikichi Yazawa,40,144080,0,0.573,0.961,4,-5.012,1,0.0639,0.0175,4.17e-05,0.945,0.773,136.193,4,0
3FQn5MgSHzxEIPglrsLjHk,A Holly Jolly Christmas,Brett Eldredge,0,142840,0,0.681,0.474,7,-8.623,0,0.0423,0.621,1.24e-06,0.137,0.7,71.957,4,0
3Seicc46xmtzCEz6jjyOqw,Making A Way,George Winston,28,108093,0,0.572,0.00282,2,-22.044,0,0.152,0.994,0.544,0.103,0.607,130.71,4,0
7H3mfOvtPNA8YDF3EdKy0L,Tum Hi Ho Bandhu,Neeraj Shridhar;Kavita Seth,71,283693,0,0.715,0.89,11,-5.438,0,0.051,0.00111,0.000837,0.0297,0.891,134.994,4,1
3nUHbzarc3T956rAvVaN7w,The Heart Asks Pleasure First,Michael Nyman;Ahn Trio,0,187426,0,0.216,0.172,9,-21.399,0,0.0456,0.989,0.819,0.0949,0.0997,168.501,3,0
4kBGkavj8GDtDF7KD5Z3SD,Mexican Bean,Mungo's Hi Fi;Benjammin,24,248156,0,0.826,0.49,4,-10.134,0,0.221,0.00929,0.0146,0.0904,0.48,155.002,4,0
2ZWdUSlnSgHv2pxqMieKWM,Frozen - Full Fire Mix,Roman Messer;Christina Novelli,51,266086,0,0.544,0.996,9,-2.994,0,0.194,0.00288,0.115,0.187,0.0708,138.01,4,0
0xmj64EuXxYxGXbpP8M18X,God Is Dead,The Smith Street Band,33,257767,0,0.179,0.407,2,-7.503,1,0.0355,0.113,0.000143,0.32,0.0696,52.435,4,0
7xLfz26gfcOPIe93h6Lxa6,Nayab,Nikhil Swaroop,32,253344,0,0.601,0.128,8,-14.431,1,0.0429,0.902,0.000129,0.099,0.388,142.761,3,0
0oNLjFbKhIKF5muPOgwWaA,This Axe Was Made to Grind,Exhumed,12,143733,0,0.173,0.979,7,-3.842,1,0.157,1.4e-06,0.943,0.162,0.0639,119.346,4,0
1vYK7vui1sE6cuIsxJnppQ,Hearts in My Dreams,George Jones,11,153333,0,0.385,0.416,5,-7.789,1,0.0296,0.876,0.00233,0.21,0.652,115.362,3,0
4qDSaWPRtxqc6fsxL4qn7C,Hledáme zpěváka,Wohnout,38,251280,0,0.614,0.891,6,-5.98,0,0.0522,0.0392,0.0,0.088,0.329,104.012,4,0
0v55XuHDYNj4ELPzpRnNo0,Fade Into You,Inhaler,53,315491,0,0.468,0.362,9,-10.704,1,0.0262,0.29,0.00529,0.128,0.257,140.031,3,0
3TVUW7bJJWDOonkVCZxfLV,Pas bête,Beendo Z,76,143525,1,0.734,0.532,7,-9.038,0,0.102,0.361,0.0,0.105,0.491,138.043,4,1
6yQr60DuL8l2pFGyOkLIAi,Bailando sin salir de casa,Ole Ole,38,239320,0,0.619,0.95,9,-5.294,0,0.0874,0.00552,0.0169,0.188,0.872,128.129,4,0
1AMkWDuLk5O4pVaYOy9AlM,La montagne magique,Mansfield.TYA,24,260720,0,0.492,0.452,1,-10.838,1,0.0403,0.00754,0.906,0.187,0.0596,121.034,4,0
5f7Rqj2U2OUhzLuRgQUcNz,Mad Cat,Roni Size;Reprazent,13,295906,0,0.434,0.989,1,-7.275,1,0.0898,0.018,0.319,0.188,0.605,169.674,4,0
4Gjg1gNghCaHMuiTT52Zzj,Fato Consumado / Quem Muito Quer Nada Tem - Ao Vivo,Tá Na Mente;Vitinho,50,247078,0,0.421,0.734,7,-5.259,1,0.0475,0.579,0.0,0.919,0.711,76.937,4,0
3D1PuFi2U8lmtdWRZcCz1f,Body Terror Song,AJJ,58,157600,0,0.507,0.399,9,-10.917,0,0.0358,0.871,0.000377,0.113,0.225,115.588,4,0
1BuUtMcQoplYtoiRUTLWTa,PANIPAALI,NJ,24,220400,0,0.86,0.697,8,-6.976,0,0.175,0.419,0.000164,0.0719,0.726,150.085,4,0
1u7kQUb3lQcpHaYRfia13A,And So It Goes,Billy Joel,53,217573,0,0.433,0.0871,0,-14.532,1,0.0341,0.91,1.98e-05,0.113,0.336,135.498,4,0
4VmgXxoTyo1RjJXFK8Ed6g,Stay The Night - Re-Edit,Just Kiddin;Camden Cox,0,166852,0,0.783,0.799,5,-4.58,0,0.0343,0.276,0.0941,0.0756,0.492,123.005,4,0
0e6bjyrgubvP6na84PURkT,Паки пуси,Poshlaya Molly,49,143496,1,0.591,0.637,8,-11.746,0,0.0522,0.00335,0.0,0.353,0.639,134.01,4,0
565cVZONhoMyBkpDX9lywB,La Pastora - Remasterizado,Julio Martel;Alfredo De Angelis,21,191973,0,0.63,0.199,0,-10.883,1,0.0523,0.977,0.608,0.146,0.692,123.387,4,0
2sk9UAdAMp6jYy5EpR1DXt,Mall Therapist,Matt Braunger,20,160826,0,0.69,0.678,4,-10.954,1,0.934,0.816,0.0,0.772,0.585,110.268,5,0
6TxzAXAFycVfsve3xUXRyw,La Melodía del Corazón,Edgardo Donato,18,197306,0,0.576,0.303,2,-10.595,0,0.0373,0.971,0.103,0.125,0.521,128.381,4,0
1VwgdtybZg3JPYvBBfacKd,Ovals,Luke Abbott,10,183169,0,0.423,0.206,2,-23.209,0,0.0345,0.936,0.947,0.1,0.0369,95.805,3,0
4N0TO4VfONQDwynV2khBL1,Unfuckwithable (Bonus Track from Moosetape),Sidhu Moose Wala;Afsana Khan,59,283636,0,0.713,0.747,4,-4.492,0,0.128,0.117,5.51e-06,0.451,0.711,88.058,4,0
1e806Bcl0zWAr4Q3YhaMJD,The Future,Tube & Berger;Goatchy;Frank Sonic,53,211371,0,0.759,0.603,1,-9.085,0,0.044,0.0668,0.237,0.656,0.544,123.033,4,0
4ofmSKnAYj295dE0klRGQx,浪漫手機,Jay Chou,50,238400,0,0.565,0.504,10,-8.324,1,0.0325,0.656,0.000189,0.117,0.378,170.025,4,0
0pW4iiqD5lr2c9FwDtmGCG,Que Mas Da,Ricardo Ceratto,40,169666,0,0.792,0.435,3,-12.242,1,0.0469,0.531,0.0,0.126,0.963,100.197,4,0
2ZSaFJce7lMuLOQEKaKVoc,ジワるDAYS,AKB48,18,293813,0,0.362,0.898,7,-1.34,1,0.0434,0.318,0.0,0.367,0.46,172.959,4,0
54eZmuggBFJbV7k248bTTt,A Horse with No Name,America;George Martin,76,252239,0,0.654,0.506,11,-17.18,0,0.0535,0.686,0.0155,0.155,0.831,123.179,4,1
1G09oEhz0Tye3xnYYFtvM7,Prism,KDrew;DEELYLE,48,165882,0,0.561,0.847,3,-5.028,0,0.0589,0.361,0.00389,0.126,0.399,169.869,4,0
5vIcQqiYz1aONkqntTAUTl,Maula Maula,Kunal Ganjawala;Richa Sharma,58,244368,0,0.494,0.716,11,-6.816,1,0.0675,0.377,6.03e-06,0.0839,0.532,89.479,4,0
1XxsMbZekPkQoqibJzHaKx,Jah Love We,Vybz Kartel;Christopher Birch,20,247065,1,0.591,0.731,9,-3.62,1,0.0463,0.0173,0.0,0.212,0.522,94.048,4,0
5ckwwuTYWo41EfBxwVh4PV,最愛,neguse.,39,193226,0,0.426,0.851,11,-3.528,1,0.0577,0.0985,0.0,0.661,0.756,183.876,4,0
2UREu1Y8CO4jXkbvqAtP7g,Monster,Skillet,77,178013,0,0.64,0.957,8,-2.336,1,0.0741,0.0431,0.0,0.0789,0.692,134.992,4,1
398JczUcCEdcGOW1fY2etR,Mi Cucu (My Toot Toot),Azucar Negra,38,236026,0,0.829,0.896,7,-3.847,1,0.0526,0.47,0.000925,0.0664,0.956,104.952,4,0
5LRnKVQjcqslU5QV3RB7TG,Tum,Anurag Vashisht,57,178604,0,0.454,0.463,4,-6.057,1,0.0323,0.854,0.0,0.106,0.214,171.826,4,0
3BgDOvuTSCBzAMexFcI5rg,Do Mato pro Mundo,Luan Pereira,55,193116,0,0.477,0.857,0,-4.009,1,0.0734,0.559,2.91e-06,0.233,0.558,158.016,4,0
0uqywpeHthwmYJb8VQvDU2,No U.F.Os (inst.),Model 500,14,418666,0,0.792,0.808,1,-15.038,1,0.0959,8.22e-05,0.601,0.14,0.922,125.0,4,0
0i4JQCrcRUz8GGcU1pxLUo,Country Roads,Die 3 Besoffskis,23,181293,0,0.382,0.992,7,-2.756,1,0.129,0.202,0.0,0.324,0.655,113.163,4,0
65QQ7BX2f45PrU1EF3DLu4,Hijacked FM Station,KiLLATK;Popek,35,328000,0,0.537,0.977,1,-6.946,1,0.047,5.18e-05,0.646,0.0848,0.0663,180.036,4,0
10esld81LEYoPMKGzHsXm3,The Gross Pillow,Chad Daniels,23,208080,1,0.537,0.783,2,-9.198,1,0.948,0.728,0.0,0.899,0.405,88.473,3,0
6Za3190Sbw39BBC77WSS1C,Criminal,Natti Natasha;Ozuna,75,232549,0,0.814,0.813,2,-3.023,0,0.0561,0.03,9.33e-05,0.255,0.839,79.997,4,1
5ptYpv8z1HK7hWOswwVrsY,Abrazándonos,Abel Pintos,44,225798,0,0.694,0.611,0,-7.158,1,0.0355,0.574,0.0,0.11,0.62,114.917,4,0
2xEKhZ6l5sAyIQqQYzVwvU,Pat-a-Cake Pat-a-Cake,The Kiboomers,39,67000,0,0.854,0.4,10,-6.511,1,0.042,0.646,3.12e-05,0.0768,0.854,84.904,4,0
4qQeZxkEruWOmxgkk7yz2O,Another Life,Afrojack;David Guetta;Ester Dean,0,208689,0,0.416,0.771,7,-3.183,0,0.0539,0.178,1.47e-06,0.501,0.493,144.869,4,0
7qYmYGsbl6GSwtvtCESGRe,月半小夜曲,Hacken Lee,42,291600,0,0.515,0.427,7,-9.732,0,0.0277,0.777,6.09e-05,0.185,0.25,80.205,4,0
2J6W9Cbb7ycOvPArxEoheU,"Let It Snow, Let It Snow, Let It Snow - Remastered",Dean Martin,0,121026,0,0.446,0.214,1,-15.215,1,0.0326,0.885,1.46e-06,0.052,0.741,133.436,4,0
7soFqD1nuVVsc5MOvo13Ad,Ahora Lloras Tú (feat. CNCO),Ana Mena;CNCO,53,207000,0,0.718,0.9,7,-4.31,0,0.0549,0.016,0.000171,0.0572,0.766,115.982,4,0
7izqZuO3Z4Hh4pvL17tmk4,Easy Lover,Ellie Goulding;Big Sean,5,215937,0,0.675,0.817,5,-3.789,0,0.0497,0.00711,0.0,0.0839,0.446,105.964,4,0
7hyAAjHZaDWSPDzlUYNUIa,Threnody,Goldmund,57,281120,0,0.217,0.00572,2,-30.767,1,0.0394,0.989,0.925,0.109,0.174,85.279,4,0
7EkEG47RFRjxbpSafL0Ufp,It's You - JJ Flores Remix Extended,York;Sin Plomo;Janet Taylor;JJ Flores,0,382187,0,0.748,0.939,8,-5.23,1,0.0472,0.0607,0.31,0.0891,0.398,126.984,4,0
2bsyecmZCgdlsCZ3sWVZ99,Toulouse - Bobby Anthony Vocal Mix,Nicky Romero,52,178124,0,0.642,0.834,5,-5.529,0,0.269,0.328,0.0,0.509,0.606,127.881,4,0
78vv48Ic6syaE6kWqDGY47,i luv him.,Catie Turner,59,225823,0,0.647,0.176,0,-9.501,1,0.0751,0.854,0.0,0.199,0.441,122.795,4,0
5uckUrZoacplbYW3XvlKVF,感情電車,Shiritsu Ebisu Chugaku,20,304840,0,0.511,0.877,8,-3.264,1,0.0322,0.0594,0.000906,0.0257,0.725,174.974,4,0
1NFeTpNJR8TDP4UzpAix6X,No Rain,Blind Melon,1,217200,0,0.359,0.573,9,-6.054,1,0.0326,0.665,0.000178,0.136,0.562,73.368,4,0
44pQkjzXqfR233FcSySvqu,Bulgarian 2020,Dimatik;Zareh Kan;Blackjack,41,156521,0,0.728,0.941,0,-4.191,1,0.0778,0.00888,0.646,0.112,0.636,138.006,4,0
7o68KX6XyCS9lydBTH6TCP,White Lightning - Single Version,George Jones,52,165453,0,0.583,0.8,10,-9.689,1,0.0909,0.706,0.0,0.122,0.958,74.056,4,0
2diNjYDYu3BhouRuKoStiB,Catharsis,Alesana,25,436387,0,0.512,0.979,1,-3.081,0,0.118,0.00172,0.000746,0.101,0.146,104.997,4,0
3xyr2xfbSZiZWWGsjLyMFh,Hotel,Claire Rosinkranz,66,134781,0,0.856,0.656,5,-6.475,1,0.0752,0.484,0.0,0.559,0.949,133.927,4,0
4U5KYGvHlGbeUUNL6ADWjd,"The Second Waltz, Op. 99a",André Rieu;Johann Strauss Orchestra,55,221706,0,0.242,0.295,0,-10.751,0,0.0319,0.919,0.899,0.107,0.467,186.669,3,0
3JvKfv6T31zO0ini8iNItO,Another Love,Tom Odell,93,244360,1,0.445,0.537,4,-8.532,0,0.04,0.695,1.65e-05,0.0944,0.131,122.769,4,1
24qhW8fqWyrMHqkBfM2HPk,hope for the underrated youth,YUNGBLUD,55,240906,1,0.225,0.774,11,-3.18,0,0.0483,0.0222,0.0,0.111,0.167,157.525,4,0
0VbJRbdtNfcSeieYf9VG3s,En Vaanile,Najim Arshad,27,60000,0,0.683,0.349,0,-10.509,1,0.028,0.615,0.00992,0.117,0.453,92.135,4,0
38be6Tha1a4kOJPBaqpeEm,Flame - Edit,ARTBAT,49,326929,0,0.608,0.936,4,-6.254,0,0.0583,0.00181,0.736,0.0463,0.0389,127.038,4,0
5iaPhRuBYqeCHbCOpOlvx5,Uptown Girl,Glee Cast,46,180706,0,0.618,0.643,4,-4.086,1,0.0297,0.569,0.0,0.443,0.722,128.992,4,0
387MQzCz2bbzc6PeM79MmK,Semesta,MALIQ & D'Essentials,38,285752,0,0.391,0.721,2,-7.223,1,0.0473,0.333,5.39e-05,0.121,0.478,173.837,4,0
3xr8COed4nPPn6XWZ0iCGr,River Flows in You,Yiruma,64,218293,0,0.287,0.292,9,-19.285,1,0.0541,0.968,0.978,0.09,0.346,145.703,4,0
4b3qU0YBXYwC3eVPX3mVJI,Eu Vou Crer em Ti,Frei Gilson,44,455294,0,0.511,0.862,6,-7.242,1,0.0443,0.0768,1.92e-05,0.697,0.233,135.978,4,0
12U2SzAfaFSpDO5L4cxZyH,Sea Breeze,Dan Gibson's Solitudes,21,443160,0,0.404,0.159,2,-24.28,1,0.0314,0.866,0.876,0.847,0.143,100.109,4,0
73VaI8jZxHiqlR1yq899qe,Chup Chup,Amartya Bobo Rahut,30,247200,0,0.519,0.418,11,-7.984,1,0.0264,0.93,0.00152,0.129,0.259,149.836,3,0
0XOnUyYtZG7DjcCpFVHaBi,Atrevida (feat. Paquito Guzmán) - En Vivo desde Puerto Rico,Gilberto Santa Rosa;Paquito Guzman,28,267853,0,0.562,0.869,8,-5.967,1,0.227,0.5,0.0,0.18,0.664,148.051,4,0
1c8h1SBYY44ys4EuaIZJMn,bad guy,Billie Eilish,0,194087,0,0.701,0.425,7,-10.965,1,0.375,0.328,0.13,0.1,0.562,135.128,4,0
0NXaCE6On3ZbHqzI5INTxp,Present Without A Bow,Kacey Musgraves;Leon Bridges,0,230480,0,0.693,0.492,10,-6.962,1,0.0378,0.559,3.66e-06,0.0972,0.595,76.017,4,0
6zsFCfP4TK2J48tMYjb668,NbHD,OneRepublic;Santigold,47,224133,0,0.547,0.804,1,-5.413,0,0.0424,0.0011,2.54e-06,0.687,0.343,97.005,4,0
39zODpVtRvghMyfNjZ3BVK,Stuck on You,Elvis Presley,54,139640,0,0.647,0.513,7,-12.372,1,0.0421,0.758,8.64e-06,0.108,0.955,131.641,4,0
3ipprOOm7jB7MjlkcaUUyI,Me Gusta,Andy Montañez,0,363440,0,0.565,0.816,5,-6.814,0,0.0396,0.705,0.0002,0.0853,0.933,89.599,4,0
2NBRmMAaBn4oJ5A5BG3UL5,Benche Thakar Gaan,Anupam Roy,42,240692,0,0.856,0.48,10,-8.237,1,0.0357,0.77,0.0,0.122,0.77,109.976,4,0
28TQwZIFU4z0G9IATfZhvI,Sri Lakshmi Ashtakam,Mambalam Sisters,33,223660,0,0.447,0.31,7,-9.668,1,0.039,0.949,0.0,0.141,0.288,123.113,3,0
5YtIkHosMnyhM3ZwcAnvtd,Run Rudolph Run,Chuck Berry,0,162897,0,0.647,0.876,10,-5.662,1,0.185,0.881,3.59e-05,0.26,0.949,151.925,4,0
5ZskYlH2pvq6L3RDWmCGmg,Freefall,Pig&Dan;Malcolm Duncan,17,422848,0,0.388,0.535,10,-9.548,1,0.0344,0.0643,0.926,0.102,0.0956,88.904,4,0
333cChDcha5XQ931pu1LU6,Heartbreaker,Celtic Thunder;Ryan Kelly,20,209000,0,0.682,0.402,7,-9.709,1,0.0337,0.566,0.0,0.264,0.697,118.945,4,0
7KKMqmvRv1CjkEMUb4MS2w,Untenrum rasiert,Mr. Blaumann,24,174935,0,0.768,0.987,10,-3.674,0,0.0819,0.0499,0.0,0.422,0.792,137.994,4,0
0uAUhdYm5HjAnimccwJXTH,"Baby, It's Cold Outside - Remastered 2004",Dean Martin,0,143026,0,0.499,0.304,0,-11.543,1,0.0632,0.81,0.0,0.0546,0.521,129.321,4,0
0Qr5UB28LdfdMNXK48KZkJ,Boqueando de Más,Asspera,23,229754,1,0.349,0.954,1,-4.877,1,0.164,0.000455,0.0,0.182,0.485,116.334,3,0
1YhZbKOU47hnRb2q8LOHKH,The Death & Resurrection Show,Killing Joke,47,415160,0,0.567,0.938,7,-6.28,1,0.0874,0.00157,0.00729,0.124,0.345,100.016,4,0
1yYTULMZ5t1mxgbkGzkexi,Olivia,Die Zipfelbuben;DJ Cashi,0,180157,0,0.666,0.942,1,-2.928,1,0.0689,0.0307,0.0,0.246,0.832,141.913,4,0
0JMTdC3EsrNdqyYYhDCZCL,A Paz do Teu Sorriso - Ao Vivo,Taty Girl,40,166661,0,0.384,0.842,7,-4.847,1,0.107,0.208,0.000317,0.169,0.681,159.587,4,0
5D6d1DFXMkjUZYoEUf9BAt,Fight the Dragons,Norbert Leo Butz,33,223733,0,0.364,0.404,5,-10.213,1,0.0396,0.809,0.0,0.124,0.373,88.867,4,0
3VDfLfd7lfCU3MTIXNqfR3,Rhythm of Love,Scorpions,53,219466,0,0.523,0.882,5,-4.156,0,0.0356,0.00291,0.0184,0.092,0.501,90.03,4,0
4f5ric0iKfsjcxtAr0BFfG,"Piano Concerto No. 27 in B-Flat Major, K. 595: II. Larghetto",Wolfgang Amadeus Mozart;Wilhelm Kempff;Berliner Philharmoniker;Ferdinand Leitner,0,451000,0,0.261,0.0201,3,-25.726,1,0.039,0.99,0.895,0.108,0.0913,139.811,4,0
2GNh9aQ0Q40TiQXo8CJppZ,NO COGEMOS ESA,Cauty;Hozwal,0,173333,1,0.65,0.681,1,-6.694,1,0.273,0.377,3.97e-05,0.104,0.44,89.886,4,0
35k60P28fYCnT8TY1g3R0f,Vårstämning,Snowstorm,36,216506,0,0.5,0.759,9,-8.126,1,0.0661,0.0041,0.0,0.59,0.922,146.601,4,0
6MTd61g9zq6CB1FnJydjEb,Sugar Sugar,The Archies,69,167213,0,0.757,0.725,2,-7.259,1,0.0275,0.399,0.0,0.108,0.965,122.439,4,0
2hFzpC4hevoSwzxyYWRSz6,Talking To Casey,Doc Watson;Merle Watson,24,151066,0,0.607,0.61,4,-11.389,1,0.0297,0.275,0.921,0.0637,0.65,105.03,4,0
1esE8j1nVyzEQ5rVhYXoJT,Had It All,Parachute,55,216853,0,0.606,0.54,7,-6.271,0,0.0339,0.182,0.000144,0.144,0.249,79.952,4,0
6RQmlzig8pqorrfvEmGBXe,The Perfect Pint,The Lancashire Hotpots,22,106066,0,0.623,0.598,6,-9.846,0,0.348,0.452,0.0,0.21,0.961,116.458,5,0
7s8KnzvB2qfpeOrlpKpH28,Antigone (Yotto Remix),Joris Voorn;Yotto,22,242432,0,0.688,0.827,4,-8.345,1,0.0433,0.0144,0.838,0.396,0.131,123.001,4,0
1Js3IZIgO85T6XxQj6P2NN,Ele Vive - Ao Vivo,Leonardo Gonçalves,38,261493,0,0.382,0.466,2,-8.1,1,0.0346,0.316,5.58e-06,0.311,0.142,74.894,4,0
1wHZx0LgzFHyeIZkUydNXq,Antidote,Travis Scott,74,262693,1,0.713,0.526,1,-5.046,1,0.032,0.00767,0.000148,0.124,0.131,131.05,4,1
4G18Ie2Gm6vVYgzkIiRwFD,I'll Be Home for Christmas,Mindy Smith,0,216093,0,0.57,0.427,6,-5.873,1,0.0296,0.368,1.73e-05,0.156,0.186,98.995,4,0
7uzeHzJx33aqpdeKyhXBwh,Perfect Time,Maire Brennan,34,286200,0,0.18,0.272,10,-15.516,1,0.0371,0.863,2.58e-05,0.18,0.102,171.493,4,0
3Q3jcZi55QYk8qoIXang22,Mistakes,Stormerz,25,184000,0,0.455,0.897,1,-4.487,0,0.0408,0.0143,0.00022,0.3,0.104,149.992,4,0
4bLlsvvicHtuPeYFuwLDRQ,Ex Nunca Vira Ex,Pixote;Diego & Victor Hugo,48,204166,0,0.615,0.623,10,-7.617,1,0.0507,0.601,0.0,0.426,0.515,143.962,4,0
2i4rLDS0cR77blmqqPybve,Leave Before You Love Me,Marshmello;Jonas Brothers,0,154983,0,0.724,0.744,7,-4.757,1,0.0398,0.00219,4.49e-06,0.116,0.645,119.978,4,0
66ba6b58Z8wOEVcRcRD82z,Affection,Said The Sky;Origami;Jack Newsome,38,253043,0,0.316,0.653,6,-7.926,1,0.0711,0.388,1.76e-06,0.0907,0.317,92.063,4,0
4jmijRetjRZ5tzOMwePS2T,Eishockey,K.I.Z,44,104000,1,0.743,0.666,7,-4.629,1,0.337,0.109,0.0,0.183,0.463,81.082,3,0
2CWGQwGJdssqTsOqBtORE7,Halloween Train,The Laurie Berkner Band,32,163480,0,0.64,0.492,4,-8.326,0,0.0534,0.687,0.0,0.31,0.627,157.906,4,0
7vwhqiIfU8HqXhNgyy8ubR,you won't be there for me,slchld,64,182645,0,0.777,0.308,2,-6.483,0,0.0314,0.226,0.0,0.109,0.634,94.933,4,0
4mGHzFvAiRCSOPIpjLvf80,Chemical,The Devil Wears Prada,57,230141,0,0.527,0.789,5,-7.344,0,0.0331,0.0022,0.0172,0.085,0.209,75.019,4,0
0COhP1uUQAWITcEpKbI9LM,Static Faction - Gregamix,DJ Greg C;Boon-T,28,233586,0,0.72,0.906,2,-5.187,1,0.0675,0.000495,0.809,0.0573,0.624,148.003,4,0
7mF9uYGCRlj7KWNYJHQBZP,Mamasita,Kevin Roldan,0,151986,0,0.81,0.717,10,-3.92,0,0.132,0.0182,0.00148,0.105,0.687,95.08,4,0
5Yp3e8RcjYevBTZYJ7OD7s,Europa (Earth's Cry Heaven's Smile),Santana,56,305946,0,0.296,0.669,0,-5.364,0,0.0452,0.03,0.831,0.154,0.679,74.692,4,0
1bt13Ik03aWeJR9hDOSARt,Life To My Days,Doyle Lawson & Quicksilver,20,189293,0,0.513,0.583,3,-6.645,1,0.0303,0.791,0.0,0.333,0.531,180.095,4,0
38Rb6IvrT8IuxTptjjA5rP,If I Didn't Love You,Squeeze,25,253106,0,0.657,0.64,7,-10.848,1,0.0282,0.379,0.000842,0.283,0.626,122.374,4,0
64a5XZCVDWwvC7gwPPCsH6,Still Take You Home,Arctic Monkeys,59,173666,0,0.599,0.946,8,-4.192,1,0.0378,0.000669,0.0,0.0973,0.653,108.934,4,0
6XsJTpZwPKMcG8QK8k14Z6,アフターダーク,ASIAN KUNG-FU GENERATION,57,192026,0,0.387,0.95,1,-3.747,1,0.0475,0.00193,0.0,0.0689,0.541,191.006,4,0
2zYs4BonN2ydkbrRk333SN,Come Closer (feat. Drake),Wizkid;Drake,62,211293,1,0.825,0.453,4,-7.429,0,0.227,0.127,3.82e-06,0.0838,0.496,99.974,4,0
2Jqu87GbopSiPP3v9DR5j6,Yüreğim Ellerinde,Nova Norda,41,209141,0,0.604,0.375,1,-10.925,0,0.0312,0.028,0.0178,0.332,0.0502,119.86,4,0
4g9vBGwvz06hfW5UKTbYl4,Irreparable,BBS Paranoicos,38,156653,0,0.458,0.986,7,-3.693,1,0.131,0.000539,0.000114,0.237,0.294,97.078,4,0
0wpJR7m3gGrywZbmG20Oai,Promises,Barreracudas,25,182013,0,0.324,0.936,10,-5.967,1,0.129,0.0185,0.000224,0.0782,0.899,164.402,4,0
3UX3J9E7klcaGmMyFc9Ckt,Felicidade,Louie Cut,21,410078,0,0.799,0.603,11,-11.2,0,0.0563,0.000202,0.816,0.104,0.152,127.004,4,0
7qH9Z4dJEN0l9bidizW7fq,Anchor,Novo Amor,75,257533,0,0.457,0.407,9,-11.475,1,0.0308,0.805,0.884,0.126,0.126,117.053,4,1
2C68iHWkQU0S8O2F1F0nqy,Life,Sharyn;Triple O,17,249102,0,0.666,0.565,1,-9.782,1,0.389,0.0722,0.0,0.104,0.263,180.071,4,0
7nnbb77c4fLnosiTk5QpxQ,The Apology Song,Gustavo Santaolalla;Diego Luna,55,172226,0,0.549,0.183,2,-11.398,0,0.0447,0.911,0.0,0.109,0.337,93.965,4,0
2DBzFlduaVzw2EHdP1ZnbG,PAINLESS,Josh A,46,147757,0,0.753,0.632,9,-8.054,1,0.0423,0.122,0.0,0.198,0.718,91.047,4,0
3XzAKoTEjmVCZLi118Yfyu,Estar Solo,Los Prisioneros,36,273973,0,0.788,0.522,1,-14.554,0,0.0384,0.439,0.339,0.119,0.971,122.712,4,0
3DK2Hh9l88YEvvdX8lqaXe,Habibi,Ricky Rich;A Boogie Wit da Hoodie,0,162990,1,0.723,0.545,4,-6.26,0,0.049,0.0631,0.0,0.297,0.341,117.885,4,0
0uIG7B7prBhJT8MFXGxszc,Céu,Mc Kadu;Mc Lele JP;Dj Victor;MC Bruno MS,43,378666,0,0.713,0.324,5,-5.656,0,0.412,0.852,0.0,0.116,0.603,117.328,5,0
29aEQCuc0s6E0kcFreV46L,foggy afternoons,hope mona,42,122181,0,0.696,0.141,11,-23.131,1,0.0628,0.847,0.885,0.098,0.148,110.025,4,0
4UCmiDTgCZwy5QwgsDEN4T,Romperte,Jehza;Galindo Again;Dvice;Joniel,46,234176,1,0.715,0.584,1,-7.065,1,0.171,0.0753,0.0,0.067,0.912,170.06,4,0
029QbkH9BezM0OumOqjOaQ,February,Matilda Mann,48,149626,0,0.31,0.206,4,-11.295,1,0.0478,0.908,1.65e-05,0.104,0.123,174.785,4,0
0iP9WHQ6AgGNEEDl50TnrC,Preguntando Lo Que Todos Saben,Ricardo Iorio,20,183613,0,0.532,0.617,6,-5.506,0,0.0269,0.177,0.0,0.287,0.416,132.053,4,0
7zEvaoS81Ta2d3D5p7zTgX,Frosty The Snowman,The Jackson 5,0,159413,0,0.672,0.615,0,-8.274,1,0.0293,0.471,0.0,0.0911,0.944,119.693,4,0
5vOVMNYDam6F6jtemqnNX2,The Girl From Ipanema,Antônio Carlos Jobim;Frank Sinatra,0,200360,0,0.541,0.321,5,-14.418,1,0.0329,0.714,0.00345,0.101,0.549,133.537,4,0
5s3IbIsHzyC81y7yfIO9N4,Azhake Azhake - Version 1,Najim Arshad,18,198900,0,0.709,0.612,5,-6.183,0,0.0279,0.00325,0.000424,0.14,0.934,125.037,4,0
1uJjQSOlc8ql6cs0cVWQH6,No Body,Blake Shelton,2,187640,0,0.739,0.72,4,-6.695,1,0.026,0.0379,0.00267,0.23,0.892,102.997,4,0
48VmqhpWDMtEMjW6gODBku,New Son/Burnt Iron,Trampled by Turtles,25,263773,0,0.381,0.855,2,-7.246,1,0.0423,0.634,0.935,0.116,0.576,102.535,4,0
6UzTyhhqRDeuyfinRdBgFD,"LONGER THAN FOREVER - FROM ""LAST GIGS""",BOØWY,38,244053,0,0.249,0.945,7,-3.041,1,0.0411,1.19e-05,0.0958,0.858,0.479,164.109,4,0
6A8llSO9QFF4djCCmuCrNu,Flashback,Calvin Harris,56,227880,0,0.266,0.95,9,-5.646,0,0.05,0.00212,0.000991,0.0922,0.158,127.986,4,0
2xGkuANyhyQQZ4yRIFDSum,Somebody Touched Me,The Dillards,23,145400,0,0.404,0.653,11,-11.771,1,0.0373,0.392,0.0,0.333,0.745,154.161,4,0
14NpvXesWBABlBvKhrZg53,Zeus,Moonbootica,0,201541,0,0.781,0.816,7,-8.448,1,0.0832,0.000414,0.685,0.0979,0.793,122.002,4,0
2D52zjCyqEIQa221lhw6uk,This Is War,Thirty Seconds To Mars,66,326983,0,0.402,0.723,6,-5.26,1,0.0579,0.0663,2e-06,0.233,0.224,160.047,4,0
66h3xcrTooMC9AxV8g0Y75,The Pool,Stephen Sanchez,60,291826,0,0.438,0.527,3,-7.414,1,0.0263,0.899,0.000419,0.131,0.403,93.992,4,0
1u7qEu0bZXGHW6gfOKyRfX,A Mis Enemigos,Valentín Elizalde,43,183573,0,0.811,0.476,3,-5.281,1,0.0508,0.743,8.19e-05,0.0598,0.97,102.538,3,0
6dsmAUGQAng00srCMvfd8z,As Tears Go By - Mono Version,The Rolling Stones,4,165213,0,0.329,0.282,7,-10.863,1,0.0294,0.71,0.00265,0.158,0.393,112.944,4,0
7senbr8yKgkM71sm9ZYIOX,Unified,Amaranthe,25,238593,0,0.569,0.869,5,-6.282,1,0.0402,0.00035,0.0,0.146,0.554,130.069,4,0
4255amV4enzl28KAn16rUO,Are You With Me,Lost Frequencies,74,138013,0,0.763,0.608,5,-8.1,0,0.035,0.262,2.5e-05,0.12,0.393,121.02,4,1
3x8pMkDfcUYtCEHnpLBbad,Crying Over You - Call Super Remix,Mr. Fingers;Call Super,6,366916,0,0.781,0.545,2,-9.955,1,0.0474,0.0159,0.826,0.0918,0.564,110.021,4,0
5aJfbWiKcwC4Fh7ymbKHHy,Khule Reston Pe,Raghu Dixit,44,150261,0,0.559,0.425,9,-11.083,1,0.0438,0.84,0.00115,0.0972,0.29,161.89,4,0
6EfBMJQwe2xLgldra6DaYp,YAYA,6ix9ine,57,149857,1,0.672,0.733,11,-5.377,1,0.0566,0.00289,0.0,0.199,0.354,105.043,4,0
63Ugh7fCzAtsn09ESEKQBh,Fixação,Kid Abelha,40,381440,0,0.821,0.588,11,-9.26,0,0.0477,0.0177,0.0434,0.0361,0.933,117.637,4,0
1n3De6BAUp1o9kPPTtOdZt,Fada,Grupo Fundo De Quintal,36,254160,0,0.615,0.71,2,-6.183,1,0.0358,0.452,0.0,0.338,0.725,145.064,4,0
6sxptembJVty4sNtcPMAVz,Man! I Feel Like A Woman!,Shania Twain,78,234493,0,0.657,0.639,10,-7.527,1,0.0412,0.581,0.0,0.278,0.674,124.882,4,1
2u7KsKOzSyzHHsLWf1PKnc,Caught Up,Gryffin;Olivia O'Brien,2,173214,0,0.704,0.822,5,-4.69,0,0.0366,0.0097,0.00117,0.147,0.541,122.031,4,0
1fkKTSAmrguXmlZ1we0BQp,Crazy What Love Can Do,David Guetta;Becky Hill;Ella Henderson,0,169756,0,0.601,0.713,4,-3.758,0,0.0449,0.0282,0.0,0.158,0.464,122.872,4,0
48EtWIYRK3R9Fz2S5tBFU1,You're Never Too Old To Be Young,The Dwarf Chorus,20,199773,0,0.831,0.178,7,-19.349,1,0.0544,0.962,0.0,0.105,0.786,120.763,4,0
3heqSl8sjhlD51ejP8Ul9g,Loggin' Man,Del McCoury,21,121213,0,0.432,0.616,9,-7.502,1,0.0428,0.597,0.000221,0.326,0.9,166.214,4,0
2nNxtJ8Ce702sXXbVBwvW6,A Pagodeira - Ao Vivo,Marvvila;Pk;Mc Don Juan,63,215196,0,0.603,0.764,5,-7.097,0,0.0553,0.738,0.0,0.976,0.926,82.923,4,0
7rLvsAO1yb7ElxPhkz60qh,For You,CHEN;BAEKHYUN;XIUMIN,62,196549,0,0.533,0.838,0,-3.723,1,0.0319,0.102,0.0,0.394,0.449,75.021,4,0
57fhqwIkHMUIzcvqODgf4l,pretend,"nothing,nowhere.",0,179690,0,0.533,0.838,1,-5.625,0,0.0837,0.0251,0.0,0.318,0.722,80.049,4,0
7xNAfLzAmOJ2jQctZ9NvsA,Stellar Cross,Regarde Les Hommes Tomber,19,490386,0,0.0833,0.948,3,-4.929,1,0.146,0.000435,0.469,0.205,0.131,193.46,4,0
60edNIKZXcOi95A3BcNIms,Abyssos Antithesis,1349,20,330066,0,0.0998,0.911,9,-11.959,0,0.112,4.3e-06,0.714,0.18,0.0708,195.039,4,0
1hsRF9jkv8IviYcdI1TDSw,Handguns,Greensky Bluegrass,28,227560,0,0.574,0.651,1,-6.464,0,0.0259,0.622,0.000902,0.369,0.542,107.336,4,0
1jxh6JFEFhEviLcNrBRJAp,Towards the Sanctuary,Watain,20,294578,0,0.0917,0.892,7,-10.731,1,0.0635,3.54e-06,0.801,0.342,0.119,86.666,3,0
2csZLnXBMuw6ETZuRxdUZF,Black Balloons Reprise,Flying Lotus;Denzel Curry,52,161971,0,0.647,0.72,5,-6.104,0,0.14,0.0945,0.0,0.121,0.134,88.061,4,0
4XMf6BjWH7Pme8eY4yyEZE,Rampage (Free Fire Rampage Theme Song),Dimitri Vegas & Like Mike,61,159640,0,0.571,0.757,11,-5.892,0,0.0334,0.00114,0.729,0.15,0.176,138.982,4,0
4dJrjWtAhEkW7VdPYSL1Ip,"Vaathi Coming (From ""Master"")",Anirudh Ravichander;Gana Balachandar,60,228257,0,0.649,0.947,7,-4.087,1,0.26,0.218,0.383,0.0532,0.579,164.943,4,0
1nU1tlW9ccptgRLfgq05I3,"Schlagzeile groß, Hirn zu klein",Frei.Wild,39,255093,0,0.412,0.984,8,-3.725,1,0.643,0.119,0.0,0.902,0.363,195.058,4,0
6I5a59MWumcKQM1SJSghj4,Homophony,Alireza Mashayekhi;National Symphony Orchestra of Ukraine;Vladimir Sirenko,0,383085,0,0.303,0.148,7,-17.01,1,0.0817,0.914,0.346,0.192,0.0771,165.211,3,0
5hEMsvmH7SpaiCVU9DZg5N,Where It Ends,Bailey Zimmerman,1,179294,0,0.431,0.837,9,-5.067,1,0.0432,0.259,0.0,0.0879,0.648,170.041,4,0
0WBoGdKqK3Hlzt65o5vQqA,I'm Coming Out,Diana Ross,1,325266,0,0.741,0.92,5,-4.457,1,0.0516,0.182,0.122,0.0903,0.739,110.141,4,0
1BvSkVrXtnjTuyTR4Qa8be,Wish You Were Mine,Sarcastic Sounds,52,121519,0,0.816,0.468,1,-8.686,1,0.0608,0.672,0.843,0.244,0.199,158.071,4,0
6o24Ba3cyNNC0RqBRLCEU1,Will You Visit Me On Sunday,George Jones,11,170800,0,0.645,0.388,7,-10.478,1,0.0265,0.726,0.0,0.0918,0.653,115.101,4,0
5HAjss9faCAowGY8dM24r6,Is There Anybody Out There?,Pink Floyd,55,161595,0,0.307,0.0742,9,-27.159,0,0.0359,0.72,0.315,0.11,0.0394,118.682,4,0
34Of8oS43EKVkacxfY2IvW,Decia Que Era Mia,Sayian Jimmy;yammir;Nysix Music,41,215172,1,0.705,0.774,7,-2.501,0,0.165,0.138,8e-05,0.0993,0.696,174.071,4,0
3HV0CovFEnuJ8k7zVStPyM,Heisser Sand - Mallorca Version,Maurice Haase;Andi & Dörk,31,202608,0,0.684,0.879,11,-4.667,1,0.0419,0.102,0.0,0.441,0.616,137.991,4,0
2A1qjaX1EtgiHXrJuURZ19,いとぐち,Rei Harakami,16,267040,0,0.558,0.797,5,-12.499,1,0.0675,0.003,0.89,0.0925,0.117,119.996,3,0
7fpWJr5shT90KiCHXKHxch,Phir Le Aya Dil - Reprise,Pritam;Arijit Singh,61,305613,0,0.237,0.543,7,-8.921,1,0.0372,0.838,3.86e-06,0.0961,0.316,73.896,4,0
3waNdoD0Ioj5PMb9S9NrjU,Kendim Ettim Kendim Buldum,Ersen ve Dadaşlar,32,352130,0,0.441,0.498,8,-15.056,0,0.141,0.546,6.02e-05,0.0975,0.429,106.43,4,0
0VXSstDuTzu6dTYg04SCMs,Corazón Apasionado,Cuco Sánchez,26,214933,0,0.482,0.137,7,-11.566,1,0.0426,0.951,1.35e-05,0.106,0.363,70.96,4,0
3T5o2gOsExc13J9yfo1sPF,Trouble's Coming,Royal Blood,0,228400,0,0.767,0.694,1,-5.059,0,0.0384,0.0629,0.0,0.32,0.78,112.012,4,0
5yy1Ba0P040YFPYWuXIceK,Handens fem fingrar,Lisa Nilsson,38,216680,0,0.471,0.166,3,-14.147,1,0.0457,0.858,0.0,0.106,0.421,169.298,4,0
3w2LyPXEIYwKcvAvBWcA50,Lingerie Vermelha - Ao Vivo,Alemão Do Forró,37,216974,0,0.722,0.934,0,-2.741,1,0.0407,0.532,0.0,0.949,0.711,96.919,4,0
36xBFaVGjqm7le8CTHytUj,Parasite Eve,Bring Me The Horizon,65,291812,1,0.589,0.797,9,-5.464,1,0.15,0.0289,4.35e-06,0.383,0.232,102.489,4,0
7GINihl73NgdMH2N33P2rR,Perfect Rain,Rain Sounds,38,160639,0,0.0924,0.824,7,-21.031,1,0.0801,4.7e-06,0.975,0.757,0.0316,88.219,4,0
6sIbv1oWOuma2qV907MUbk,1x1 (feat. Nova Twins),Bring Me The Horizon;Nova Twins,67,209598,1,0.452,0.937,1,-3.346,0,0.161,0.000209,3.61e-06,0.606,0.604,164.032,4,0
3Jslv9Zm593bZHzoYYOzCP,She Burns,Foy Vance,0,229226,0,0.73,0.403,4,-10.146,1,0.0483,0.718,0.00225,0.0985,0.502,124.899,4,0
31Ptn3k6isug3x2JRhGfDc,Pizdec,Tenebrax,34,171789,0,0.645,0.933,2,-1.809,1,0.0704,0.00117,0.0723,0.157,0.278,95.022,4,0
2i6Zgt3uFaupWIcpvRORMn,Please Come Home For Christmas,B.B. King,0,291440,0,0.498,0.533,10,-7.337,1,0.0245,0.261,0.0471,0.314,0.288,96.459,3,0
55ROr3cl3yi4YRBgfpDy1d,Call The Doctor,J.J. Cale,59,147200,0,0.466,0.188,1,-18.309,0,0.0547,0.198,0.657,0.082,0.615,243.372,3,0
5Blj2sPUANGciixUQRdvNp,Breathe,The Bombpops,21,194546,0,0.404,0.982,1,-3.531,1,0.0812,0.000509,0.0,0.169,0.625,156.029,4,0
6uLot4eub7nbh81AHS05MF,Tell Me Why I'm Waiting - Slowed,boy in skirt;Niisan,58,142267,0,0.684,0.0892,1,-19.013,0,0.0609,0.981,0.951,0.261,0.223,112.674,4,0
2qgtuOc1eoOnzitqzsYy9v,Oxyrhynchus,Wim Mertens,26,367106,0,0.584,0.272,2,-13.011,1,0.032,0.938,0.0851,0.0977,0.161,111.038,4,0
3IAfUEeaXRX9s9UdKOJrFI,Envolver,Anitta,84,193805,0,0.812,0.736,4,-5.421,0,0.0833,0.152,0.00254,0.0914,0.396,91.993,4,1
0Ug8tD5hbRfgneHlNmQBaE,Softly on the Field,Laura Sullivan,36,159661,0,0.45,0.0709,2,-29.773,1,0.0378,0.994,0.907,0.108,0.351,110.822,4,0
30GqVivI3eb7OgonUemcjf,Joga O Bum Bum Tam Tam,MC Fioti,61,155454,1,0.932,0.485,9,-8.926,1,0.0965,0.609,0.0295,0.141,0.43,131.959,4,0
4hcL09iBOXTMU1DFNU6YqQ,La vie en rose,Grace Jones,23,446173,0,0.677,0.695,0,-8.172,1,0.0747,0.111,0.0219,0.0759,0.687,176.979,4,0
4XTu1iHT5Q8dDfiIXgUXLD,Nômade VII,Zarastruta;Jean Tassy;Patricio Sid;Don,48,206451,1,0.813,0.424,1,-11.035,0,0.375,0.816,0.0,0.081,0.546,92.972,4,0
283RBHJGcWoGJGZS883BLM,Alhaiya in France,Niladri Kumar,31,369000,0,0.333,0.417,8,-8.64,1,0.0313,0.958,0.939,0.106,0.141,75.472,4,0
71rG2xAm9SbCB1Ldtm4PRu,O Jogo Virou,Strike,44,191266,0,0.73,0.906,11,-4.453,1,0.111,0.161,0.0,0.0954,0.655,98.002,4,0
1cH9CLvZO8Tk4xvKOPCM4d,Rock and a Hard Place,Bailey Zimmerman,2,207540,0,0.582,0.568,1,-7.3,1,0.0275,0.577,0.0,0.105,0.394,121.991,3,0
4dFnkr0vr6HfMVzGbQstrg,木枯しに抱かれて,Kyoko Koizumi,42,223172,0,0.64,0.779,9,-6.181,0,0.0301,0.0824,0.00397,0.129,0.641,113.82,4,0
0jtNFxtaDRzLTP75rmDRAB,比我幸福,Daniel Chan,51,272933,0,0.484,0.474,9,-8.064,1,0.0363,0.8,0.0,0.0877,0.35,101.907,4,0
0UkpfwUKYe6uzYxhH3KnIB,1 Step Ahead,Oyh!,43,120019,0,0.639,0.435,0,-11.968,1,0.0873,0.862,0.866,0.0989,0.342,80.375,4,0
3oV2RVOmwdWdf9BmGS4Oad,Glad You Exist,Dan + Shay,66,144760,0,0.741,0.499,11,-8.035,1,0.0356,0.23,0.0,0.125,0.692,103.96,4,0
6Dt4xgUvH2sLJcgiOR8nd8,Ciclones,Camilo Séptimo;Samantha Barrón,44,240880,0,0.599,0.633,8,-6.629,1,0.0357,0.501,0.000147,0.124,0.289,90.072,4,0
1KTX7h07fH3MtAzf5bsqHJ,Gabrielle,Brett Eldredge,0,216720,0,0.707,0.722,10,-6.722,1,0.0284,0.0485,0.0,0.122,0.431,98.991,4,0
5dgHBBHOxxNXhfk6t7DGfG,Pertempuran Hati,NTRL;Indra7,38,285893,0,0.549,0.809,0,-9.882,1,0.0346,0.000869,0.0805,0.249,0.321,115.989,4,0
1MbkGV6nl8omJ4C2IDb7ts,Ahora Dice,Chris Jedi;J Balvin;Ozuna;Arcangel,1,270493,0,0.704,0.691,6,-5.414,1,0.158,0.255,0.0,0.129,0.427,143.982,4,0
1TMzg9zP0IjG5SRl9byG7e,"Vor, zurück",Ikke Hüftgold;Willi Herren,23,198857,0,0.606,0.933,8,-2.891,1,0.0921,0.138,6.21e-05,0.371,0.556,139.989,4,0
6aGfMhwGDl46Dvo9Wbw3hf,...and He Wandered off to Nowhere,Trivax,1,542217,0,0.163,0.992,8,-7.114,1,0.199,2.88e-05,0.845,0.305,0.0376,154.418,4,0
2x8evxqUlF0eRabbW2JBJd,Fluorescent Adolescent,Arctic Monkeys,79,183893,0,0.654,0.828,1,-5.377,0,0.0281,0.00146,0.000144,0.122,0.79,112.056,4,1
0PkaVMW00sCAeiXd5mKIVb,Thousand Islands,Odd Shapes,28,203906,0,0.8,0.342,9,-18.103,1,0.0519,0.433,0.69,0.112,0.221,128.115,4,0
7614zWoEzYhgOhkHseixij,L'Origine Nascosta,Ludovico Einaudi,50,191906,0,0.268,0.0102,2,-20.591,0,0.0496,0.984,0.859,0.134,0.133,66.633,3,0
1f8dYuRdhutbl60c2SKxxZ,Another Life,Flower Face,40,289117,0,0.456,0.285,5,-12.309,1,0.0303,0.851,0.152,0.122,0.0501,114.953,4,0
7EYEswNmA0XjzwUitONgzK,Tuta Pull Wahan,Deepak Rathore Project,62,313170,0,0.588,0.283,8,-12.663,1,0.0364,0.863,0.0,0.121,0.284,82.044,4,0
67mmy7Mhim6DmeFHHoqptH,Aakhri Salaam,The Local Train,43,277432,0,0.471,0.651,4,-8.507,1,0.0327,0.147,0.000241,0.197,0.495,173.906,4,0
78TKtlSLWK8pZAKKW3MyQL,Say Something,A Great Big World;Christina Aguilera,58,229400,0,0.453,0.146,2,-8.976,1,0.0343,0.867,3.49e-06,0.0945,0.0915,137.905,3,0
7LnWFUNT788TUHymfa2JED,Digging the Grave,36 Crazyfists,0,176440,0,0.468,0.942,7,-3.265,1,0.0836,0.000117,0.00291,0.164,0.614,170.091,4,0
1lckJrIAh5HzJxI4PbronK,Mistletoe,Justin Bieber,0,183066,0,0.623,0.668,6,-7.282,0,0.0531,0.475,0.0,0.0862,0.823,161.948,4,0
4KUywaJogF0tYQBdVnFBFP,Masterplan - Live Version,Dyewitness,17,481488,0,0.57,0.934,10,-11.358,0,0.145,0.0117,0.489,0.837,0.157,169.85,4,0
4ITlckASNAmB8JE0u7Fm3T,Mulla (From Hope Project),Job Kurian,37,281826,0,0.325,0.288,11,-11.725,1,0.0364,0.537,1.79e-05,0.313,0.17,175.469,4,0
6Zpj4XvoH4xNp2wCa6X96y,Dawn (feat. Janai),Stanton Warriors,12,257966,0,0.686,0.927,1,-4.041,1,0.0398,0.00446,0.57,0.0892,0.313,127.002,4,0
3T7aiE7ZBhAbj2xUzDCMUF,I Wish,Joel Corry;Mabel,0,181728,0,0.686,0.856,9,-2.717,0,0.0426,0.0896,0.0,0.0648,0.733,123.997,4,0
0NLkVxf0PyxsXBG3EuZcJf,Gul,Anuv Jain,71,217241,0,0.6,0.294,6,-12.301,1,0.0292,0.871,8.66e-05,0.102,0.342,86.97,4,1
0LtlhQCJl4un9g0rwmIz9x,Waiting For Love,ARMNHMR;neverwaves,43,262702,0,0.447,0.452,8,-4.535,1,0.029,0.577,0.0,0.285,0.116,73.889,4,0
7yUqfPDLKsr6byAJg6mvOF,Ozymandias,Sigmun,27,288000,0,0.204,0.939,7,-6.08,1,0.12,0.0171,0.49,0.0965,0.361,172.609,4,0
2xoofhw8SuJRHgLpMUrbOm,Om gud har en plats,Jonas Lundqvist,31,197200,0,0.483,0.784,7,-5.844,1,0.0386,0.294,0.00687,0.245,0.528,162.002,4,0
1N8B733LdAY38W9kTkXTLO,Wir sind das Licht,Blutengel,22,271057,0,0.532,0.868,8,-4.761,1,0.0351,0.00439,0.0393,0.0931,0.739,116.004,4,0
05K51VGmcBMeKzCB88aIOV,Vou Seguir com Fé,Kleber Lucas,43,243159,0,0.76,0.911,0,-8.193,1,0.0456,0.119,0.0,0.611,0.785,112.163,4,0
4MRylYuw7JcYVuSo3YFy5f,"Another Girl, Another Planet - Live",The Replacements,21,151893,0,0.228,0.98,4,-6.158,1,0.251,0.000651,0.000259,0.545,0.226,160.512,4,0
010LzZsO4eqQUdUv1f1y9m,Somos Instantes,Gabriel Elias;Vitor Kley,44,225877,0,0.527,0.647,9,-6.314,1,0.038,0.312,0.0,0.119,0.573,78.026,4,0
3RFL9hE5cBocBsjD5XLJLQ,Mixed Nuts,Official HIGE DANdism,68,213438,0,0.542,0.918,6,-5.074,1,0.0937,0.0101,0.0,0.259,0.784,150.094,4,0
6dMHdkQmWuDuDltWjBLJBd,Karate,R3HAB;KSHMR,53,210000,0,0.626,0.961,5,-3.587,1,0.0687,0.000407,0.0024,0.684,0.668,128.01,4,0
5QSxwHGT5sxyhDmTPJhbho,Sathi,Sushant KC,48,221250,0,0.438,0.296,11,-12.552,1,0.0385,0.863,0.000147,0.103,0.398,173.711,3,0
45DrQZmvseYrk9WQnKPihq,"Massenet: Thaïs, Act 2: Méditation",Jules Massenet;Renaud Capuçon;Daniel Harding;Deutsche Kammerphilharmonie Bremen,24,317546,0,0.128,0.057,4,-24.492,0,0.0416,0.681,0.232,0.145,0.0368,90.22,1,0
4FfJyCX8Dq3BcfOhFEL06K,Christmas Must Be Tonight - Remastered 2001,The Band,0,218666,0,0.668,0.665,7,-8.55,1,0.0267,0.0519,6.68e-05,0.109,0.766,128.619,4,0
0ihliNPJzrPBwGHU8YyFOY,Sacred Symbols (Reprise),Llewellyn,24,330573,0,0.236,0.296,11,-22.328,1,0.0826,0.939,0.782,0.954,0.141,121.875,4,0
61aQj9OClj0aQyzO57wlqB,Utopia,Pense,31,193157,0,0.58,0.982,1,-4.895,1,0.102,0.000289,7.73e-06,0.497,0.802,114.0,4,0
4pJUzyPGGBdV2yKlqYLNTN,Ley Seca,Jhayco;Anuel AA,0,263666,0,0.759,0.843,8,-3.718,1,0.0913,0.127,0.0,0.114,0.56,105.016,4,0
00zyfk3IEBnoWczoKV455E,Plano Perfeito,Stella Laura,41,278000,0,0.346,0.315,2,-7.52,1,0.0294,0.882,0.0,0.161,0.362,91.306,4,0
1n1IDjxVczGQoNg4GMl670,Ponni Nadhi,A.R. Rahman;A. R. Reihana;Bamba Bakya,68,290526,0,0.687,0.633,8,-9.552,1,0.141,0.119,0.0,0.291,0.567,151.996,4,0
2JalVxjXGUYkkxfzCkUEYH,Tonight,PRDX,20,191200,0,0.367,0.852,8,-3.328,1,0.0336,0.00352,0.0398,0.367,0.324,150.01,4,0
6iW38RGqdDGOofmz2HeXLW,Piece Of Your Heart - Alok Remix,MEDUZA;Alok;Goodboys,75,166451,0,0.797,0.86,10,-4.38,0,0.0413,0.0312,0.0137,0.334,0.192,124.033,4,1
4chpfrjIqrOPshlDU4ZrKe,Chica de ayer,Nacha Pop,57,208026,0,0.674,0.854,7,-4.337,1,0.034,0.0579,0.00041,0.0735,0.684,127.295,4,0
4yhzZ9ESp4UwnJqImyMR3A,Mary On A Cross - slowed + reverb,Ghost,61,274783,0,0.468,0.838,6,-5.756,0,0.0433,9.42e-05,0.196,0.0896,0.259,115.812,4,0
3d5sy82qemYO5B5TljeoBs,Somebody Like You,Vicetone;Lena Leon,49,208570,0,0.62,0.851,6,-2.727,0,0.0332,0.136,0.000144,0.0999,0.816,122.011,4,0
44gJjTJwY4eba0jpNnrlld,Vibe,Diljit Dosanjh,62,155250,0,0.706,0.632,1,-7.172,1,0.0705,0.00713,0.0,0.129,0.625,87.993,4,0
3shcvpEbVDKyvN0Mz9Bibt,This Is Your Life,Carcass,14,248693,1,0.314,0.933,4,-7.368,0,0.0873,1.82e-05,0.51,0.234,0.583,149.535,4,0
4HqNd2LxuZ8ByR7E4tKeLK,Hiking Metal Punks,Darkthrone,19,201933,0,0.207,0.982,11,-3.922,0,0.0843,0.00064,0.00565,0.339,0.119,151.627,4,0
1yO2BM8uqcXWtjKn52Jvti,Cowboy Bossa - Fab Samperi Remix - Extended Version,Mo' Horizons;Fab Samperi,21,314780,0,0.687,0.903,6,-6.56,0,0.075,0.143,0.00517,0.122,0.812,99.994,4,0
4lSLtHGwXLZOaOCrI6QKDV,Lights Go Down,Syn Cole;Dakota,47,186666,0,0.675,0.763,0,-5.73,1,0.0381,0.00556,0.0,0.0575,0.371,123.988,4,0
0hXZUhr7FrKaDHVIokMZfH,Freestyle,Derrick May,9,266053,0,0.791,0.949,11,-9.189,0,0.0633,2.46e-05,0.9,0.0309,0.825,134.096,4,0
0nuqU251rzgC3ZrqJXESTf,Ultimamente - Ao Vivo,Lucas Reis & Thácio,44,189077,0,0.583,0.577,11,-7.603,1,0.0376,0.278,0.0,0.123,0.684,117.806,4,0
6ITYHd3FzwzMSJr1m5W4oB,Lillies On The Lake,Michael Hoppé;Tim Wheater,24,237493,0,0.184,0.154,3,-18.879,1,0.0458,0.99,0.975,0.11,0.0373,92.184,4,0
3EtsTQGKkUXaGDmMi7GRfD,Capucha,BaianaSystem;Claudia Manzo,20,174680,0,0.737,0.934,7,-4.171,1,0.147,0.162,6.58e-05,0.233,0.614,104.965,4,0
2y5Fa3z9MzoKRyfZitRnMZ,Spleen Chakra,Llewellyn,22,414093,0,0.194,0.0751,2,-25.758,1,0.0414,0.876,0.96,0.788,0.0368,104.183,3,0
62EMJr1KY3s1gR4ZqgaMyM,Move Ya Body - Original Mix,Baymont Bross;Steppa Style,14,335621,0,0.741,0.821,7,-5.382,1,0.114,0.0168,0.000647,0.0381,0.805,138.03,4,0
4KlbH1k1grQmwnhEAeblDT,Icarus,PhaseOne;Polaris,51,243692,0,0.285,0.985,1,-1.494,0,0.185,0.000122,0.0,0.0704,0.193,130.011,4,0
0ttfJZcKq7E7NcIldlogbn,The Beautiful People,Marilyn Manson,0,222773,1,0.609,0.948,9,-4.938,1,0.113,0.00404,0.0978,0.042,0.786,144.037,4,0
1yPAReA5wPbjCkPjRhcelH,RESUME,Lani Love,9,202997,0,0.855,0.56,11,-5.988,1,0.362,0.0277,0.000476,0.113,0.389,123.019,4,0
0STvuEX67eua45XDED2dl5,Childhood,Jessi Campbell,21,118233,0,0.487,0.655,10,-15.495,0,0.913,0.81,0.0,0.761,0.387,95.697,3,0
50uih9H4g4rBYoRrEcPUPj,Snow Rain,Alex Spite,41,201057,0,0.844,0.593,9,-7.588,0,0.0613,0.00595,0.853,0.0813,0.513,119.997,4,0
5zhGrRhCaPF4LiSq5uv7nd,If You Really Love Me (How Will I Know),David Guetta;MistaJam;John Newman,0,184390,0,0.692,0.883,7,-4.698,1,0.0582,0.0512,0.0,0.228,0.614,122.984,4,0
4O3APpGNhOldqDsPF8IaS5,Welcome To The People,JADED,64,160669,0,0.716,0.917,6,-5.091,1,0.0331,0.123,0.396,0.0628,0.751,124.032,4,0
7ciinyTSnNkktZtYJZ66oe,The Luigi's Mansion 3 Song,Poop Emoji,9,64227,0,0.867,0.45,9,-9.495,1,0.42,0.0437,0.0,0.185,0.96,109.862,4,0
6Lf2CEJkwiW0oqy1j8P35N,Testicular Trauma,Regurgitate,10,75613,0,0.248,0.992,5,-3.821,0,0.115,2.14e-06,0.91,0.0775,0.0771,109.609,4,0
6QvYmrqFKRSVrcVgvoA7Ar,Tippa My Tongue,Red Hot Chili Peppers,4,260808,0,0.573,0.913,5,-6.52,0,0.0409,0.00861,0.0273,0.114,0.795,88.418,4,0
1HJW2w61lh3XcsnfnOR9p4,Follow,12th Planet;Katie Sky,41,172800,0,0.533,0.938,4,-2.762,0,0.0535,0.0274,0.00472,0.191,0.118,149.998,4,0
4w0kFToo4KieF43IMDb9ED,Солнышко,Татьяна Комова;Георгий Квик,0,214373,0,0.306,0.202,9,-18.504,0,0.0333,0.978,0.0479,0.215,0.174,79.701,4,0
0gDvyUgaBYhTS8rGiaYofp,Fogueira,Angela Ro Ro,37,244986,0,0.298,0.267,0,-13.202,1,0.0344,0.899,0.00162,0.0921,0.133,90.413,3,0
4qJrq7Q4ibUcpRt0dOjN52,Virgem,Marina Lima,41,243093,0,0.66,0.567,7,-8.209,1,0.0287,0.73,2.79e-05,0.166,0.133,120.105,4,0
66FjggbljuRcmIqgzZKaZ7,Hablame Mi Vida,Yiyo Sarante,31,157335,0,0.728,0.638,7,-6.91,0,0.0502,0.701,0.0,0.279,0.795,112.02,4,0
4ZAerT2NicBmzZ4VkpmWEn,Free Fall,ILLENIUM;RUNN,51,205970,0,0.429,0.525,2,-4.399,1,0.0382,0.458,6.35e-05,0.124,0.228,133.897,4,0
3kjHeqClSEMX3UVoRmgptj,Textos,Usted Señalemelo,42,293106,0,0.598,0.36,0,-9.79,1,0.0336,0.282,0.000112,0.107,0.189,135.017,3,0
5pr0RW6itk3yEfJHkg4DIF,Come Around Again,Armin van Buuren;Billen Ted;JC Stewart,62,169108,0,0.589,0.912,9,-3.878,0,0.0766,0.0366,0.0,0.0752,0.426,123.946,4,0
5fiH8RdAqIR6bSokyYRn2d,"Spooky, Scary Skeletons - DMA ILLAN Remix",Andrew Gold;DMA ILLAN,50,160560,0,0.689,0.937,7,-4.389,1,0.0889,0.0208,0.0519,0.0687,0.835,77.045,4,0
2lnzGkdtDj5mtlcOW2yRtG,"Whenever, Wherever",Shakira,75,196160,0,0.794,0.832,1,-4.862,0,0.0407,0.237,1.14e-05,0.203,0.871,107.657,4,1
062WEhWJ0tNa0CaAEuMwYB,Yalan,Kurban,42,207706,0,0.609,0.965,7,-5.245,1,0.112,0.000877,0.000806,0.188,0.783,140.121,4,0
7lFzS8uBjpXckGjQQcpJrW,不可逆リプレイス,MY FIRST STORY,55,231000,0,0.502,0.931,2,-3.676,1,0.0577,0.000143,0.0,0.54,0.365,99.955,4,0
2G1AgrFBXW76nLkRPZVvKV,Corazón Contento,Salon Victoria,38,192653,0,0.567,0.844,7,-6.553,1,0.0677,0.00359,0.00101,0.109,0.737,95.638,4,0
7G61RIOr0fW6pk7HIeSjSp,Black Lights on the M6,Blackhaine,18,145777,1,0.422,0.687,8,-6.877,1,0.852,0.229,7.77e-05,0.0904,0.286,171.698,5,0
39ZVkOVxjG8ypNdUSVNkxU,Mr. Forgettable,David Kushner,73,187293,0,0.56,0.41,8,-9.227,0,0.0276,0.544,0.0,0.151,0.28,144.727,4,1
4mftMbsOZ14XIb5TTQi1kU,Always Better,"Kelli O'Hara;Steven Pasquale;Company of The Original Broadway Cast Of ""Bridges Of Madison County""",22,280440,0,0.359,0.242,5,-8.368,1,0.0367,0.914,1.21e-06,0.307,0.0399,81.45,4,0
1gI1nC5E3ObyMtejdc8crP,Nightlite,Bonobo;Bajka,51,309546,0,0.549,0.588,0,-10.875,1,0.0294,0.529,0.9,0.0877,0.545,79.495,4,0
3q15mB5NqNtXn774xz8RLl,Horizon,dreissk,10,210251,0,0.351,0.567,2,-14.035,1,0.053,0.487,0.812,0.106,0.0375,186.056,4,0
3ZCLZ1tQf9Pcl2UO8s6JnN,By Your Side,Mike Perry,66,155121,0,0.637,0.813,7,-5.199,1,0.0544,0.0289,0.0,0.0906,0.429,122.963,4,0
67KMzLiMuvd6I5c8UlK1u4,Anoche Me Enamore,Los Loud Jets,30,153480,0,0.587,0.677,4,-10.562,1,0.0307,0.506,3.27e-06,0.154,0.959,141.525,4,0
4eAwB5pnKFTmsgc3zWoYO0,Fake It,Seether,75,193893,1,0.611,0.95,8,-3.509,1,0.0518,0.00141,1.59e-06,0.0543,0.607,132.078,4,1
3pxCXv0NACYfYnLjFcQW5D,Addicted,Saving Abel,70,222826,1,0.512,0.864,7,-4.146,1,0.0338,0.000821,0.0,0.0982,0.527,138.018,4,0
6mboYkYC6aXpdixTQAm1y6,Sahibinin Sesi,Sagopa Kajmer,38,265226,0,0.776,0.531,11,-9.429,1,0.119,0.11,0.0,0.118,0.789,92.027,4,0
5u4jJAAD6jd0Z741eT7XGP,The Devil's Bleeding Crown,Volbeat,0,238653,0,0.321,0.909,11,-4.612,1,0.041,1.62e-05,0.139,0.0442,0.209,109.653,3,0
7skyR8nK3vnDikYFBoUVw6,Self Control - Extended Version,Laura Branigan,52,304893,0,0.772,0.706,6,-12.31,0,0.0331,0.233,0.00997,0.188,0.803,106.378,4,0
3nISsZvfqj0tnpzVN6xtEu,Stay Downtown,Cole Swindell,0,201866,0,0.336,0.756,5,-4.191,1,0.045,0.00275,0.0,0.189,0.237,77.807,4,0
7aQdxBUxPcUzWsbUTUeX3c,Impresiones del Encanto,Germaine Franco,21,149160,0,0.711,0.0466,0,-19.865,0,0.0657,0.984,0.751,0.107,0.264,96.19,4,0
1meF9wzOquLL3GYx9Rg9ED,Kanmani Ponmaniye,Sujatha,21,239986,0,0.548,0.188,0,-9.898,0,0.0501,0.953,0.00459,0.127,0.817,150.548,3,0
5WKEKguT5QbGZG7Klh1Ccd,The Answer,Chris Tomlin,43,215399,0,0.532,0.726,1,-4.474,1,0.0296,0.0199,3.1e-06,0.099,0.404,89.971,4,0
0yhc4Hdzc6t2EAUbSJLofl,Busy Bodies,Elvis Costello & The Attractions,22,215840,0,0.45,0.768,2,-10.697,1,0.0367,0.0706,0.00115,0.311,0.838,137.932,4,0
63yss05gw4eRwGm8eTkctG,We Came To Party - Original,Malente,14,252286,0,0.754,0.88,6,-4.505,0,0.0482,0.0108,0.000829,0.355,0.786,118.991,4,0
0aQAxk0VUa03yons7PZjS1,Blues de la Artillería,Patricio Rey y sus Redonditos de Ricota,46,269800,0,0.67,0.62,11,-7.247,0,0.0274,0.045,0.00126,0.11,0.876,108.243,4,0
7GJ1d5TkybTVDxLNP5VqhL,Ami Je Tomar (Kiara's Scare),Pritam;Shreya Ghoshal;Arijit Singh,46,98184,0,0.361,0.274,1,-13.334,1,0.0395,0.397,5.83e-06,0.185,0.337,116.781,4,0
5fJTOK2a61O6p5gQ5ZPiMC,Duly Noted - Original Mix,DJ Skull,5,319354,0,0.802,0.837,11,-11.634,0,0.0459,0.0774,0.741,0.1,0.661,123.986,4,0
6eLZT3Vv2iwkk7ODW7nclE,Ai Que Saudades da Amélia,Grupo Fundo De Quintal,39,166480,0,0.507,0.698,9,-14.663,1,0.21,0.404,2.22e-06,0.696,0.783,121.442,4,0
7Bk0VK59GsrYX6CwfbDsQ9,Libertango,Astor Piazzolla;Die 12 Cellisten der Berliner Philharmoniker,17,153786,0,0.405,0.257,2,-16.123,0,0.031,0.948,0.879,0.0941,0.332,153.389,4,0
1ggRwygftCM9HKYY9Vrqgf,Remain Seated,Larry The Cable Guy,22,247696,0,0.46,0.8,6,-11.374,1,0.951,0.775,0.0,0.93,0.189,52.616,3,0
3FpEXAupLwCHwzeUBxF99S,i loved you first,joan,53,227067,0,0.556,0.276,0,-9.603,1,0.0269,0.0862,6.89e-06,0.0999,0.216,75.02,4,0
0RRNdm9FhEGVl0p6S9JlIT,Gaia - live in Stockholm 1994,Tiamat,19,383093,0,0.397,0.591,2,-8.146,0,0.032,0.0343,0.519,0.777,0.11,119.838,4,0
6UFou6lticy1PrLFd0bGaX,Polifemo: Alto Giove,Nicola Porpora;Simone Kermes;La Magnifica Comunità,20,551440,0,0.216,0.048,4,-22.023,0,0.0419,0.967,0.157,0.0902,0.0595,73.322,4,0
4kXkT9HF9ZfDjuv3LIKcwJ,"Dil Beparvah - The Dewarists, Season 5",Ankur Tewari;Prateek Kuhad;Dhruv Bhola;Nikhil Vasudevan,54,250000,0,0.762,0.391,1,-11.735,1,0.0337,0.867,0.000521,0.112,0.355,137.956,3,0
4uCVtXasfPk1Z0JwrwTIzH,Golden Hour - Acoustic Piano,Ben Woodward,28,168571,0,0.276,0.289,2,-10.879,1,0.0325,0.968,0.00321,0.137,0.118,86.465,3,0
2j1Es5qEl4pD8GEe2WsYgP,Darl+ing,SEVENTEEN,70,176560,0,0.519,0.695,0,-4.861,1,0.0812,0.299,0.0,0.43,0.515,95.384,4,0
4GUkwP7dbOjkoERmJ015J7,電台情歌,Karen Mok,37,248373,0,0.599,0.569,0,-8.473,0,0.031,0.27,0.000445,0.279,0.316,138.021,4,0
3Nv85OQTEgxlN29my6unSG,¡soy un Ganador!,PXNDX,37,185200,0,0.376,0.949,11,-4.767,1,0.0839,0.0034,0.0,0.232,0.569,152.021,4,0
3DKeM8CWG2bbxB6A8Ok2ea,Daha Neler,Çağrı Sinci,42,193108,0,0.696,0.626,10,-10.12,0,0.274,0.259,0.0,0.0748,0.729,172.024,4,0
3DAR8j8yceJ2JD0AI6ESje,Distancia 1.5,Porta,29,206329,0,0.637,0.885,3,-5.605,1,0.355,0.325,0.0,0.0988,0.55,90.401,4,0
0ZUFWmRg3uCqJcoCh26u9w,Sweet Lei Lehua - Bonus Track,Atta Isaacs,22,173053,0,0.54,0.309,7,-15.599,1,0.0318,0.61,0.751,0.119,0.622,126.431,4,0
0vTKR5TQD03kASmEGlyDF3,In These Arms,Bon Jovi,61,319226,0,0.51,0.915,4,-3.036,1,0.0562,0.00884,1.75e-05,0.205,0.459,123.257,4,0
4xUZrneYGiwwBEzFWhZiB9,Greater is the Blood,Mark & Sarah Tillman,47,231851,0,0.542,0.643,4,-7.097,1,0.0394,0.0954,0.0,0.115,0.237,135.921,4,0
7fC8yji6KpWf1snZh1bf9h,Corazon De Un Cuento Roto,PXNDX,43,225626,0,0.546,0.975,8,-3.211,1,0.0609,0.00162,1.69e-06,0.103,0.689,115.917,4,0
1KceOX4yTiwRHqJFHcmEWp,25 Years of Silence In the Attic,Eternal Griefs,0,922928,0,0.192,0.51,4,-15.102,0,0.0458,0.000194,0.804,0.0935,0.0753,134.662,4,0
35yt3zMkpHeOgyXbYNCkDQ,Hey Baby,Dimitri Vegas & Like Mike;Diplo;Kid Ink;Deb’s Daughter,28,201000,0,0.708,0.908,6,-3.579,0,0.184,0.0171,0.0,0.0814,0.85,90.026,4,0
2AHlAZJS2tTnhDqqlIm6O3,Khayal,Shamoon Ismail,44,186985,0,0.56,0.152,9,-16.463,1,0.0537,0.269,0.000108,0.155,0.293,156.168,4,0
43UwresvfvNPDl8BQruk4L,You Never Can Tell - 1964 Single Version,Chuck Berry,0,163066,0,0.572,0.848,7,-10.054,1,0.125,0.739,4.67e-06,0.245,0.927,157.621,4,0
3ZIHR8fa4ELkXo6fxwJ2St,Rich,Masicka,27,168946,0,0.733,0.814,6,-5.36,0,0.391,0.325,0.0,0.114,0.192,96.906,4,0
18Lb0yf7HlgETLgfaBG6eV,Assim Caminha a Humanidade,Lulu Santos,48,208693,0,0.753,0.755,2,-9.196,1,0.029,0.0547,0.00459,0.0518,0.949,138.518,4,0
76HOOcFt3lKVdScmoScfz1,Azul (Ao Vivo),Djavan,49,259066,0,0.632,0.651,7,-8.658,0,0.0401,0.756,3.99e-06,0.726,0.652,119.567,4,0
6uPSExSu4Xt7HrtJRR1a2P,Try to Be Better (Again),Rnla;yaeow,49,140982,0,0.619,0.358,11,-12.621,1,0.0465,0.956,0.642,0.101,0.129,126.119,4,0
5gE4Gj8qtbbMAhG4A1dbM3,Tristesse,Izïa,32,251040,0,0.657,0.648,0,-6.233,1,0.0547,0.403,1.42e-05,0.432,0.262,154.2,4,0
67f8E7U41Dcm9VJY71Kl2I,"Не жалею, не зову, не плачу",Сергей Зыков,0,278520,0,0.432,0.259,9,-12.609,0,0.0396,0.954,0.0331,0.202,0.208,123.101,3,0
1KPEJ5UxJmElMMiM2SsIpx,Ekbar Bol,Anupam Roy,42,298933,0,0.544,0.411,9,-10.106,1,0.0316,0.298,0.0,0.106,0.422,139.948,4,0
2WMi3VDwWt3DYIdzX9pt9P,アイドルレース,Yume Miru Adolescence,17,212266,0,0.557,0.942,5,-4.093,0,0.0554,7.28e-05,0.871,0.066,0.509,90.0,4,0
7hbAuG4CFb8ee6IOBKKdar,A Present for a Young Traveller,Sebastian Plano,0,189478,0,0.167,0.282,11,-15.214,0,0.0368,0.97,0.842,0.0892,0.0405,148.711,3,0
4C31xrbabTvN9DnJvH72pS,My Family,Kathleen Madigan,24,646579,1,0.56,0.787,1,-5.39,0,0.912,0.843,0.0,0.801,0.488,62.633,4,0
39oaNtdAIOrkUIaVqCz2Z5,It's A Groove Thang - Saison Remix,Mike Dunn;Saison,8,213407,0,0.626,0.884,10,-9.417,0,0.0749,0.12,0.325,0.367,0.301,123.938,4,0
1R8wWd2nLDrucASi4b6MWM,Pantera,Anitta,3,124933,0,0.818,0.466,9,-5.777,1,0.0477,0.301,0.0,0.248,0.748,109.034,4,0
5mjTbRn7WG6HsxJI9wUMUL,The Motto,Tiësto;Ava Max,0,164818,0,0.754,0.763,7,-4.627,0,0.0435,0.0301,2.23e-05,0.0901,0.464,117.953,4,0
3ijCK8aystm14nXveTlJzr,Sigo Extrañándote,J Balvin,2,201280,0,0.896,0.859,11,-4.232,0,0.21,0.154,0.000109,0.212,0.938,93.016,4,0
0aQXKkpgnoTgCXBRNeWGrU,Bad For Me,WHIPPED CREAM,43,191007,0,0.596,0.894,5,-4.63,1,0.0513,0.0272,0.592,0.115,0.0363,104.931,4,0
46LoYZSh8V0Ean52vPNpcC,Pogadhe,Yuvan Shankar Raja,65,330400,0,0.658,0.407,4,-12.007,1,0.0364,0.727,1.26e-06,0.139,0.137,80.164,4,0
0Oof6vxILckpjyHM8wT6kX,Esquece e Vem,Nico Rezende,36,246093,0,0.498,0.125,10,-14.298,1,0.0342,0.967,2.38e-05,0.107,0.229,72.092,3,0
27nGU2v3syK7aU3AVY2vUO,Follow You Anywhere,Cosmic Gate;Nathan Nicholson,45,244982,0,0.581,0.869,1,-6.7,0,0.0423,0.0564,0.0789,0.0792,0.0389,123.982,4,0
0P2sfcfRD0lWw4b8eXegmR,Exploration of Space,Cosmic Gate,56,216360,0,0.631,0.912,9,-7.591,0,0.0362,0.0346,0.539,0.0729,0.329,138.043,4,0
6qxqttcwmFodaFyhaCvIiT,Run Rudolph Run,Chuck Berry,0,162897,0,0.647,0.876,10,-5.662,1,0.185,0.881,3.59e-05,0.26,0.949,151.925,4,0
5LoDOM7j5uQp30assYbt9m,indieedgycool,GAYLE,0,146769,1,0.728,0.773,11,-6.253,0,0.0764,0.0364,0.0,0.235,0.547,98.011,4,0
3TjoLn6AliBGi3QbwwTxKp,Swan Upon Leda,Hozier,70,222026,0,0.312,0.399,2,-8.506,1,0.0321,0.471,0.583,0.13,0.144,126.025,4,0
6xviq9mGgmzMp2kfYg6dhU,仮契約のシンデレラ,Shiritsu Ebisu Chugaku,26,284160,0,0.491,0.978,9,-1.537,0,0.283,0.0569,0.00546,0.567,0.491,169.91,4,0
3CTCq5KkL2Od9jVDCrTQra,Suicide,Mascarpone,40,248769,0,0.654,0.817,11,-7.748,0,0.0551,0.000333,0.753,0.3,0.323,130.014,4,0
1uxFhAQQOrF7nbL49DLcls,Perder o Interesse,Knust;Luiz Lins;CMK,47,249597,0,0.717,0.411,9,-11.908,0,0.162,0.219,0.000298,0.172,0.133,74.864,4,0
3YL4zMqcyFu0OfLI1sZ66Z,Starry Eyes,Cigarettes After Sex,62,206000,0,0.419,0.362,2,-15.32,1,0.0337,0.453,0.335,0.0687,0.114,100.264,4,0
2iZH4DDQr3vpfCLHqbxClj,On Repeat,Robin Schulz;David Guetta,0,190217,0,0.609,0.801,1,-8.483,0,0.0694,0.0246,0.00255,0.37,0.202,122.958,4,0
1XjrpDJARnUJtL1wRUQMbI,Christmas Is For Children,Glen Campbell,0,199200,0,0.32,0.288,7,-13.439,1,0.0291,0.363,0.00561,0.0943,0.181,77.762,4,0
0LxGFgMi5Bv6q3vJ0aCnRX,Mary On A Cross,Ghost,5,244804,0,0.467,0.9,11,-4.505,1,0.0451,0.000187,0.000493,0.105,0.554,130.027,4,0
3s5eF58FHyYXO4ckNWHWIB,Sem Razão,Doce Encontro,42,217880,0,0.616,0.571,4,-9.906,1,0.039,0.401,0.0,0.11,0.414,74.897,4,0
75mtKeIPLHAXokQVQmwPLp,Hot in It,Tiësto;Charli XCX,0,129817,0,0.748,0.841,7,-5.08,1,0.177,0.00445,1.33e-06,0.0413,0.717,123.045,4,0
0s3lqGsA4ExV5nscjTHV7h,Sweet Caroline,NIC,24,241053,0,0.712,0.969,1,-4.12,1,0.0581,0.029,9.35e-05,0.216,0.722,137.995,4,0
4UB2EL1sNtI4CLfKSCvbwG,だいて - ラスベガス・ヴァージョン; 2012 Remaster,Chisato Moritaka,19,300320,0,0.68,0.866,3,-4.966,1,0.0311,0.461,9.68e-06,0.0851,0.935,129.959,4,0
2FOcU8r9AkrIBHOczW5YZl,Setting Sun,Aril Brikha,12,436493,0,0.781,0.38,10,-15.588,0,0.0451,0.204,0.934,0.109,0.0946,124.88,4,0
1hMZDDqL6ThRyJQ5rsLiB5,Não Vou Ficar,Tim Maia,43,172996,0,0.563,0.783,4,-9.052,1,0.0695,0.0925,0.0,0.0887,0.688,77.723,4,0
3aHgHY9x68XJ7PWdVgsrS0,Heat Waves,Glass Animals,0,238805,0,0.761,0.525,11,-6.9,1,0.0944,0.44,6.7e-06,0.0921,0.531,80.87,4,0
6W2KBpMMXW17r7dPyqi8Iu,Repentless,Slayer,58,199866,1,0.4,0.994,8,-7.34,0,0.0625,3.65e-05,0.097,0.145,0.253,104.134,4,0
7pQCFdcOmQMuI4SX1LrspN,DIAMOND MOON - Remastered 2022,Eikichi Yazawa,35,266346,0,0.673,0.599,5,-8.299,1,0.0316,0.67,1.29e-05,0.166,0.417,113.752,3,0
0e6RXd6MAv6xdvHriDc0ud,All Star,Smash Mouth,0,200373,0,0.731,0.867,11,-5.881,1,0.032,0.0394,0.0,0.0861,0.776,104.02,4,0
22QdpwlY4mNXPhl2j9RfgD,Tô De Pé - Acústico,Maneva,47,169472,0,0.877,0.628,9,-7.541,0,0.0669,0.504,0.0,0.282,0.793,106.087,4,0
6AcdKwlWDTVEoc3gctxsji,最佳損友,Eason Chan,52,233560,0,0.605,0.542,4,-7.961,1,0.0339,0.81,7.92e-05,0.116,0.324,144.154,4,0
6L1V0LvpXBJ7QptKuLUj3v,redesign,awfultune,66,148548,1,0.795,0.507,10,-7.188,1,0.0332,0.542,6.83e-06,0.116,0.784,120.009,4,0
1CfKabrnieuwFYodtDZvvw,Shatter - Edit,Bullet For My Valentine,0,281757,0,0.413,0.923,9,-4.487,1,0.053,9.24e-06,0.00102,0.0883,0.504,150.059,4,0
0o5jiETMwpSUN79gsfipEZ,"Satã, Apareça!",Velho,21,143846,1,0.0739,0.974,11,-8.367,1,0.0886,0.0349,0.000586,0.275,0.155,193.872,4,0
2zGV8MKVGeTwfG3TF0OIWt,Puente de Piedra,Los Chicanos,31,221493,0,0.487,0.373,7,-10.22,1,0.0289,0.795,0.0,0.0901,0.373,95.753,4,0
4z3mfXCFgi5uTLYrDZ5JNR,There's No Room In My Heart For The Blues,Hank Williams,10,134600,0,0.613,0.154,0,-15.516,1,0.0296,0.945,8.01e-06,0.277,0.391,115.918,4,0
74MNgfAdxP56KBMKoeu9Nx,Mask of Skeleton,arai tasuku,12,90000,0,0.451,0.505,7,-10.349,1,0.059,0.489,0.96,0.102,0.057,80.521,4,0
5wtGB6ojq1aPyOaBkhnElz,Tipo Uzui Tengen,MHRAP,42,225346,1,0.655,0.731,1,-7.561,0,0.0538,0.468,0.0,0.114,0.344,130.039,4,0
3e0FzZjTXOUtiJGSClOBrI,Fly Like An Eagle,Steve Miller Band,67,282693,0,0.561,0.754,9,-12.769,0,0.112,0.61,0.0194,0.328,0.642,100.08,4,0
3zwL0EG6j9gJkPBtJY3VQu,"Bitte, meine Herren!","Original (German) Cast of ""Tanz Der Vampire""",24,136666,0,0.509,0.198,2,-17.131,1,0.0527,0.755,0.000846,0.116,0.0881,104.902,3,0
0QKKI3pKCkSIJnICOWQMvG,Lonely Boy - Re-Recorded,Andrew Gold,27,268000,0,0.573,0.691,9,-4.965,1,0.0322,0.11,0.0,0.0824,0.482,122.906,4,0
42T2QQv3xgBlpQxaSP7lnK,One Last Breath,Creed,72,238240,0,0.386,0.677,2,-5.83,1,0.0346,0.00841,0.00366,0.341,0.195,126.602,4,1
0dNzSDc24MGkN9sDim1d7b,Cry,Furkan Sert;Dj Iljano;Kristian Gusho,45,200000,0,0.722,0.322,9,-12.588,0,0.0387,0.443,0.741,0.0827,0.285,119.982,4,0
7EsVGqMKR6ZpGTIoeITKPj,Losing - Just Kiddin Remix,Becky Hill;Just Kiddin,0,369611,0,0.738,0.617,8,-8.334,0,0.0377,0.000152,0.129,0.0651,0.624,120.017,4,0
3v6nuqte5aF8NyNAMr9Z8A,Christmas Don't Be Late,Norah Jones,0,160293,0,0.464,0.356,5,-6.953,1,0.03,0.708,7.76e-05,0.108,0.265,66.377,4,0
1Hvbb6qTLStfPrzT7FwY2y,Always There,Ed Solo;Skool Of Thought,18,352058,0,0.605,0.792,10,-5.503,0,0.044,0.000803,0.709,0.0484,0.405,175.994,4,0
7rKS9FoVpE1mLrbxCnlokX,Hurricane,Ran-D,56,295646,0,0.575,0.979,8,-1.561,0,0.396,0.0321,0.0,0.34,0.366,155.032,4,0
2DRIlKYPYCa1SQTG14k3h5,Everytime,One True God,48,151200,0,0.699,0.894,10,-2.648,1,0.0321,0.0222,0.117,0.0667,0.33,99.994,4,0
1MOOJuxUu9QiQE9GgkYYPb,My Person,Spencer Crandall,61,177000,0,0.567,0.753,7,-5.291,1,0.0487,0.0894,0.0,0.13,0.756,165.966,4,0
4Gp1Y78hnUBqFjgiPSmEjZ,"Jeeps, Lex Coups, Bimaz & Benz",Lost Boyz,1,271314,1,0.549,0.745,1,-6.281,0,0.399,0.00941,0.0,0.453,0.608,178.192,4,0
0S6JhgDleukTFLOMlIuiZI,Limbo,Daddy Yankee,0,224800,0,0.805,0.878,7,-3.826,1,0.0864,0.0754,0.00329,0.0656,0.922,124.994,4,0
0tCgkxnS8ctFBIIyyfbHAs,Viidakossa nukkuu Jellona,Antti Paakkonen;Pasi Ruohonen,21,84720,0,0.691,0.363,5,-14.357,1,0.138,0.776,0.0,0.107,0.926,138.044,4,0
3ydPqx54UrOZkgfPwiWHwt,Flamingo Go,Unnormal,34,233226,0,0.7,0.884,10,-4.939,0,0.15,0.064,0.0,0.497,0.261,148.092,4,0
709RFIOjtGsMZ2ULy2OaM4,Plan de Vuelo,Morbo y Mambo;Andres Nusser,22,211500,0,0.647,0.688,11,-8.47,1,0.0308,0.0145,0.077,0.0998,0.395,123.996,4,0
1Gq202pQaNT0U9lbcVrPha,Dale Hasta Abajo,Chris Jedi;Joey Montana,0,211560,0,0.686,0.915,10,-2.756,0,0.0449,0.079,0.000275,0.107,0.743,100.003,4,0
1FIfsfbOqC4zCf6uwwAxrx,Dicen Que Soy,LA INDIA,32,283800,0,0.664,0.748,7,-8.842,1,0.0469,0.765,0.00013,0.118,0.679,168.24,4,0
3xNIVmBIe839tAsoGe3A4b,Say Goodbye,Monty Datta;Snøw,64,150415,0,0.706,0.297,3,-13.652,1,0.132,0.468,0.0,0.0725,0.123,104.049,4,0
2i2OcA6VgW9EyyFD5X5PcV,Silent Night,Annie Lennox,1,223040,0,0.171,0.124,7,-13.758,1,0.0364,0.781,0.0,0.0929,0.0717,77.914,3,0
3f8FukwQQGIx1GSGbDEebe,Callin' Me When I'm Lonely,Sheryl Crow,0,204560,0,0.51,0.702,9,-5.117,1,0.0295,0.00143,0.0,0.105,0.276,141.904,4,0
1AMh934qstjiAIJADKhkCa,Broken Glass,Promoting Sounds;Paycheck;Eredaze,50,153600,0,0.66,0.641,5,-6.81,1,0.116,0.171,1.96e-06,0.114,0.205,174.877,4,0
1AhXEDyg2AbV7CAnyiAMvM,Mere Khwabon Mein,Lata Mangeshkar,59,256440,0,0.621,0.512,7,-11.074,0,0.0547,0.634,0.0,0.0803,0.926,114.802,4,0
2OfQvGrr83FGpdLA1nAR01,Numb,Arc North;Aaron Richards;New Beat Order;Cour,64,130677,0,0.659,0.838,6,-2.79,0,0.136,0.0144,0.0,0.13,0.286,123.95,4,0
2acUzlZxKI6sONQ6YPWbks,Put Your Hand Together - Live,Al Madrigal,20,123106,1,0.56,0.818,1,-10.339,1,0.947,0.806,0.0,0.84,0.72,74.005,3,0
4hRnEc9d92ZoFMZtSQuTVH,Look What Thoughts Will Do,Lefty Frizzell,13,153013,0,0.742,0.224,9,-12.13,1,0.0309,0.775,7.05e-06,0.224,0.732,126.682,4,0
2IMFiHPG7RF5acB0QPFJyj,Full Current (That's My Baby),Phyno;Tekno,51,208296,0,0.807,0.673,7,-6.042,1,0.0705,0.0525,0.000118,0.0874,0.411,113.031,4,0
5OoGzZh3v57f2mFdAeK36J,Decida - Ao Vivo,Milionário & José Rico,58,239053,0,0.516,0.493,2,-7.285,1,0.0814,0.645,0.0,0.92,0.586,79.435,3,0
5pov3V37DnTkVV93lWgHqo,Beast Of Burden - Remastered 1994,The Rolling Stones,0,265173,0,0.784,0.879,1,-3.862,0,0.0308,0.39,0.000848,0.0426,0.893,100.622,4,0
40gvh6jP5qxMJuMmF9lG9A,Baby Came Home 2 / Valentines,The Neighbourhood,71,390493,0,0.21,0.499,2,-9.754,0,0.0485,0.0687,0.00315,0.773,0.108,74.094,4,1
2GoZDQ4qLyv6fLcvMG1uUX,The Chipmunk Song (Christmas Don't Be Late) - Remastered 1999,Alvin & The Chipmunks;David Seville,0,141026,0,0.609,0.434,3,-9.478,1,0.0353,0.711,1.17e-06,0.148,0.777,152.166,3,0
3ZaVwJSC0N27MSi4p3AWuI,With A Song in My Heart,Robin Spielberg,20,261173,0,0.436,0.0216,3,-25.869,1,0.042,0.99,0.943,0.132,0.112,74.874,4,0
3GoyKcksFtPVDuNbQnqWvU,Under the Stairs,The Birthday Massacre,20,238906,0,0.46,0.851,0,-5.974,1,0.05,8.62e-05,0.629,0.0953,0.377,139.386,3,0
3MxwkxdOyQxGjT3UeOqCEk,SAD!,XXXTENTACION,0,166605,1,0.74,0.613,8,-4.88,1,0.145,0.258,0.00372,0.123,0.473,75.023,4,0
25JWyDp4DkZpRzChZKHiPw,Cakes And Ale And Everlasting Laugh,ELLEGARDEN,36,184173,0,0.382,0.945,2,-2.897,1,0.067,0.000486,0.0,0.0481,0.314,154.96,4,0
4oGnq7NvS2HhXrY9wQTwws,I Love the Mountains,John Archambault and David Plummer,8,130253,0,0.556,0.284,2,-14.224,1,0.0377,0.967,2.13e-05,0.34,0.35,94.444,4,0
2hnNCZrc32WRuDDVy8jJKd,2000 Miles - 2007 Remaster,Pretenders,0,220426,0,0.292,0.709,7,-9.052,1,0.0303,0.00292,0.0267,0.102,0.452,99.303,3,0
6PrnqAkxifshpNad1rFk5t,Gay Messiah,Rufus Wainwright,0,194840,1,0.373,0.438,0,-9.214,1,0.0297,0.563,0.000109,0.355,0.411,139.331,3,0
1Tz0RmkyaEu4bCNFGKJqlk,Elegy,Dan Gibson's Solitudes,21,446657,0,0.279,0.175,2,-19.876,1,0.0375,0.953,0.563,0.902,0.109,120.543,4,0
5nRtf8nAw1nN8raYZUVIvw,Bas gillar hörn,Veronica Maggio,37,221893,0,0.67,0.449,5,-12.703,0,0.0304,0.419,0.0358,0.126,0.378,125.029,4,0
0RCgQNZ5SAjPukI3OXquFN,City of Angels,gavn!,57,133972,0,0.548,0.548,0,-9.017,1,0.104,0.462,0.0,0.132,0.366,146.271,4,0
6p5px9kCJlTCybpWXHIcW3,Ölüm,Cem Karaca,33,407928,0,0.331,0.845,9,-5.827,0,0.108,0.0025,0.00097,0.109,0.573,159.753,4,0
6WTMUBQXNEU2usO5aekg64,chandelier,creamy;untrusted;11:11 Music Group,23,127908,0,0.407,0.736,2,-5.94,0,0.0404,0.0324,5.56e-05,0.136,0.348,130.443,3,0
1k5ikG1uA7sPMCKhKOocIo,"Pressure - Live at Yankee Stadium, Bronx, NY - June 1990",Billy Joel,35,321066,0,0.435,0.909,2,-5.69,1,0.0433,0.0736,0.00147,0.961,0.591,151.722,4,0
0QLc4flxwQVhYbNhW6PCMe,Te Ando Buscando,Kendo Kaponi,40,193548,1,0.746,0.762,1,-4.518,1,0.092,0.0981,0.0,0.282,0.761,91.976,4,0
6CKlCWBY885ja7Fz2EQjdE,Homografobia,Enjambre,45,161733,0,0.366,0.885,9,-5.235,1,0.046,0.0296,0.0872,0.0712,0.336,157.971,4,0
4zAEL7TeQ3bd3EeEajrTaF,All Through the Night - Instrumental,Fred Mollin,31,211133,0,0.493,0.0757,9,-19.919,1,0.0313,0.895,0.563,0.115,0.298,75.009,4,0
2pLGsPKNR52B42vkKEC9tB,The City We Call Home,Icona Pop,0,171306,0,0.588,0.606,2,-6.46,1,0.102,0.00786,7.33e-06,0.0679,0.536,155.067,4,0
75NlWlulEE4ydy6ZGI50hd,Little Saint Nick - 1991 Remix,The Beach Boys,0,118840,0,0.602,0.553,11,-9.336,1,0.0328,0.108,0.0,0.0512,0.971,130.594,4,0
1TD7UJAz4DyR3GuAgju5zU,Mezclas Raras,Los Gardelitos,45,195266,0,0.645,0.764,9,-5.467,0,0.0378,0.00172,0.0,0.517,0.66,119.921,4,0
7HP4mx8OmlscxGWlRgciSw,Huérfano Pajarillo,Trio Ayacucho,21,268120,0,0.732,0.569,7,-5.75,0,0.0856,0.706,3.96e-06,0.0794,0.684,111.525,3,0
61J8L2XV5xyxKguKvPHr7p,El Día Que Me Quieras,Carlos Gardel,17,206733,0,0.394,0.41,5,-6.779,0,0.0564,0.993,0.00437,0.226,0.492,101.432,3,0
7frumfCbPME9rnrbBB7qZ7,I Wanna Be Sedated,Ramones,0,149466,0,0.598,0.96,11,-3.989,1,0.042,0.169,2.89e-05,0.105,0.937,163.011,4,0
4t2Ow4sdp8p8OVfpu2e1Ey,La canción de Buenos Aires,Azucena Maizani;Nelly Omar;Orestes Cufaro,20,165982,0,0.516,0.258,5,-10.737,1,0.0545,0.679,0.487,0.148,0.749,123.092,4,0
0b5L58Bor5ic69eJQVUcsb,Traicionera,Sebastian Yatra,4,230280,0,0.779,0.675,11,-4.976,1,0.0485,0.138,0.0,0.105,0.63,91.006,4,0
5aTBi6b1nVAdJJYh6aCDXe,Jogo do amor,Milionário & José Rico,47,195760,0,0.519,0.5,9,-3.557,1,0.0264,0.569,0.0,0.651,0.557,75.523,3,0
0Jj3HijYvpp6UBVJeQPNQh,Come Around Me,Justin Bieber,0,200773,0,0.648,0.681,2,-8.389,0,0.0379,0.263,0.00761,0.0971,0.766,157.944,4,0
22kRCQPyNXWZSQEcDvCmGD,Gulabi,Sachin-Jigar;Priya Saraiya;Jaideep Sahni,62,230661,0,0.673,0.663,4,-10.026,1,0.0446,0.0648,1.79e-05,0.117,0.678,124.002,4,0
7JiA1Bf3Fnbwa4gelb1u50,Ladioo - Arena-Hitmix,Peter Wackel,24,236026,0,0.499,0.989,11,-2.363,1,0.093,0.138,4.5e-06,0.433,0.196,137.008,4,0
0wp6ckRomrGJq2fD2CFOQE,Bad Girl - JVKE Remix,Daya;JVKE,69,166222,0,0.834,0.662,5,-6.179,1,0.0407,0.522,9.07e-05,0.14,0.718,115.999,4,0
6cEnw857u8QoKNXvphv8W4,Umbrella,The Baseballs,27,187533,0,0.644,0.879,10,-3.716,1,0.0458,0.447,1.27e-06,0.127,0.926,106.056,4,0
7hSnUKB7xmb8p7y3GFRz0s,Var är du min vän,Lisa Nilsson,40,194026,0,0.459,0.324,11,-10.872,1,0.0283,0.777,3.95e-06,0.112,0.641,143.231,4,0
1L0MHYXBxSZicrP3u59m0M,Control,Zoe Wees,0,230880,0,0.6,0.465,4,-4.951,1,0.0314,0.643,1.48e-06,0.149,0.0682,113.81,4,0
4QIjnRz7NIkadIPXQyB3UY,Cler Achel,Tinariwen,0,267533,0,0.685,0.797,2,-5.372,1,0.0558,0.506,0.00935,0.069,0.926,98.612,4,0
4eWUzMsIXvvsIk3ow18wty,Ghost Town (feat. David Frank),Jason Ross;David Frank,34,212470,0,0.418,0.665,0,-5.951,0,0.0433,0.473,0.0,0.0994,0.44,170.161,4,0
3AVyKOmMgvRjsC576xWw78,Toi Et Moi,Paradis,60,220853,0,0.703,0.76,11,-7.308,0,0.0635,0.00412,0.761,0.111,0.608,113.01,4,0
5VisQelF34HBjwUEE6piPj,Nadie Sabe,Michael Stuart,27,295586,0,0.775,0.874,5,-2.944,0,0.0582,0.479,0.0,0.131,0.968,97.03,4,0
5fwRhPXAvGgzUxW62ZCvEg,Woh Lamhe Woh Baatein,Atif Aslam,66,320040,0,0.465,0.822,8,-4.826,0,0.066,0.136,0.000442,0.0898,0.405,89.761,4,0
0JHnKrQAMmX3CONJ0t1d9q,Conflict,Idlefon,0,365595,0,0.512,0.572,9,-10.531,0,0.03,0.354,0.961,0.0916,0.0521,119.988,4,0
6zOuo4SQK5i50W7IqM3xFW,ピースとハイライト,サザンオールスターズ,39,273303,0,0.579,0.915,9,-3.322,1,0.0353,0.136,0.0,0.0962,0.654,139.11,4,0
07CgSl5vWjcXMX4zYkbrLX,Tantum Ergo,Irmã Kelly Patrícia;Padre Marcelo Rossi;Padre Fábio De Melo;Padre Reginaldo Manzotti;Padre Omar;Padre Juarez de Castro;Padre Gleuson Gomes,43,314746,0,0.272,0.161,4,-13.479,1,0.0314,0.884,2.07e-05,0.12,0.221,102.972,5,0
5N6zAExePGdU5s10LAoqMb,Falling Through the Sky,Fit For A King,55,261345,0,0.496,0.898,7,-4.676,1,0.0431,8.04e-05,0.0108,0.114,0.385,97.029,4,0
0gf9HMeZDXRexbuM5CihZg,Morgenstern,Rammstein,52,239866,0,0.514,0.945,8,-4.833,1,0.105,0.00234,0.000158,0.0638,0.409,104.971,4,0
0a4agFmqHXxcZl1nho1BxM,Heart Of Glass - Special Mix,Blondie,69,275733,0,0.694,0.577,4,-14.63,1,0.0308,0.015,0.00836,0.0853,0.845,114.478,4,0
20McUFi8KCIVdNDLrkTDuZ,Goosebumps,HVME,75,163208,1,0.767,0.659,1,-7.429,1,0.0444,0.325,0.0,0.13,0.439,124.946,4,1
0KoiMHhqKLoL4xM54rcWYY,"Taki Taki (feat. Selena Gomez, Ozuna & Cardi B)",DJ Snake;Selena Gomez;Ozuna;Cardi B,73,212500,1,0.842,0.801,8,-4.167,0,0.228,0.157,4.82e-06,0.0642,0.617,95.881,4,1
5brs9JsOe5Dx0joPjr8zjN,The Bed Is Burning,Full Of Hell,17,169680,0,0.204,0.933,7,-4.757,1,0.0575,1.82e-06,0.718,0.277,0.163,140.078,4,0
4vaVOrCyqWKDosCS3Qr3mr,Shoot shoot,Batmobile,26,204600,0,0.644,0.792,10,-10.694,0,0.0445,0.0062,0.000619,0.316,0.603,99.296,4,0
1ChZ4mrSLP8HImCY6IyImf,Peaches - Acoustic,Adam Christopher,55,190909,1,0.675,0.243,0,-13.392,1,0.0413,0.797,0.0,0.214,0.707,142.87,4,0
1D403LgpMsSbJ1GGx7MHLy,The Kneeling Drunkard's Plea,The Louvin Brothers,23,173093,0,0.564,0.0564,10,-16.949,1,0.0344,0.744,0.0,0.107,0.484,126.274,3,0
2OErSh4oVVAUll0vHxdr6p,Bigmouth Strikes Again - 2011 Remaster,The Smiths,70,193320,0,0.401,0.901,1,-5.011,0,0.041,0.0704,0.0,0.538,0.839,134.799,4,0
5SuOikwiRyPMVoIQDJUgSV,Comedy,Gen Hoshino,73,230666,0,0.676,0.461,1,-6.746,0,0.143,0.0322,1.01e-06,0.358,0.715,87.917,4,1
27nGU2v3syK7aU3AVY2vUO,Follow You Anywhere,Cosmic Gate;Nathan Nicholson,45,244982,0,0.581,0.869,1,-6.7,0,0.0423,0.0564,0.0789,0.0792,0.0389,123.982,4,0
5wANPM4fQCJwkGd4rN57mH,drivers license,Olivia Rodrigo,88,242013,1,0.561,0.431,10,-8.81,1,0.0578,0.768,1.42e-05,0.106,0.137,143.875,4,1
24Y8E5pBFXPoFsHOCGHw9i,Kaantha,K. S. Harisankar;Pragathi Band,18,236441,0,0.571,0.608,2,-9.68,0,0.0345,0.155,0.000266,0.55,0.522,84.992,4,0
2fSTtvFRYcjF250vQfphEm,El Beso (feat. Mathieu Ruz),Dombresky;Crusy,5,211547,0,0.653,0.962,10,-4.848,0,0.0454,0.000851,0.0168,0.411,0.611,125.97,4,0
7ejyUCWw9t9AbeOrCj5p7t,"O Que Está Feito, Está Feito",Matanza,39,160626,0,0.404,0.979,9,-5.348,0,0.0551,0.00148,1.41e-05,0.0818,0.686,135.898,4,0
1X8ogY5IBc1deuzzhvFMer,Fade Away,Giuseppe Ottaviani;Mila Josef,47,261802,0,0.493,0.943,9,-8.548,1,0.0445,0.000502,0.221,0.107,0.0384,128.012,4,0
1NIyXiafPgyNBbuTV9fmwq,Mich hat ein Engel geküsst,Mickie Krause,0,227026,0,0.527,0.993,9,-2.68,1,0.273,0.109,0.0,0.961,0.546,133.135,4,0
5Agu3zY4uR1G4EMh17lXjC,Sticky,Ravyn Lenae,0,196754,0,0.713,0.846,4,-6.712,0,0.0537,0.0339,0.000381,0.106,0.572,120.021,4,0
3FuOBnk7Xsglp7AIsHQVaA,Paz Mental,Reiki Armonía,21,290999,0,0.0672,0.0903,9,-23.496,1,0.0401,0.97,0.977,0.093,0.0361,76.042,4,0
2c7bYMlhrYiZFn5Ywtk4PG,Vamos Falar de Amor,Malla 100 Alça,40,246674,0,0.572,0.93,9,-1.472,1,0.0346,0.58,0.0,0.24,0.65,156.046,4,0
4hlOk1TUPU7RFOe7aFpk6Q,Everything,VNV Nation,20,322573,0,0.489,0.871,0,-7.152,1,0.173,0.000615,0.000193,0.106,0.234,129.972,4,0
0tuoMBC1JiGPcEgB70921u,Yo Se Que Es Mentira (Feat Rubby Perez),NG2;Rubby Perez,27,291396,0,0.777,0.809,7,-3.719,0,0.0466,0.217,0.0,0.1,0.963,95.876,4,0
36orMWv2PgvnzXsd5CJ0yL,Post Malone (feat. RANI),Sam Feldt;RANI,65,174444,0,0.59,0.642,7,-3.87,1,0.122,0.0771,0.0,0.105,0.651,107.356,4,0
03vN549znW8wt9fRCsR9B3,Shake It Off,Mini Pop Kids,10,219000,0,0.776,0.715,7,-7.877,1,0.128,0.00572,1.33e-06,0.272,0.961,160.018,4,0
4iKtfH3YYxonmuExAVuQgz,Voz do Coração,Novo Som,30,269212,0,0.534,0.574,10,-6.07,1,0.0283,0.0667,0.0,0.0832,0.188,140.006,4,0
4o7qQwLjPPwXNNSTax6yWr,Lunes Por La Madrugada,Los Abuelos De La Nada,0,194693,0,0.613,0.655,2,-9.229,1,0.0288,0.0206,1.16e-06,0.224,0.557,138.854,4,0
1PG8orLQrHI2pUvcb9JfHY,"Oh, Quão Lindo Esse Nome É",Gabriel Guedes de Almeida,45,246727,0,0.463,0.207,9,-13.791,1,0.0386,0.905,1.07e-05,0.0756,0.103,67.475,4,0
4r4eTvYnjzyQnMpWei7Qgb,Invisible,NTO,47,339760,0,0.536,0.58,1,-11.024,0,0.0522,0.111,0.881,0.104,0.0574,123.037,4,0
5warSyd6NxMCrXBFDZI72y,Dona Encrenca,Kevi Jonny;Tierry,50,179748,0,0.677,0.455,0,-11.963,1,0.141,0.616,0.0,0.249,0.782,127.651,4,0
1UZ9ZpSAmq3YJqUMVRUQxV,It's Delicious,3 Steps Ahead,24,399840,0,0.503,0.902,5,-6.962,1,0.0435,0.00262,0.0983,0.363,0.07,97.55,4,0
5bHzv7vwApROsBQFEqkZOP,Buz,Kibariye,46,278569,0,0.59,0.679,7,-5.956,0,0.101,0.347,0.0,0.05,0.629,158.939,4,0
0OwkWUJHTcxJSxlprEGd9w,O Amanhã,Detonautas Roque Clube,49,211706,0,0.563,0.562,7,-8.621,0,0.0268,0.139,0.0,0.145,0.314,149.984,4,0
5ZsAhuQ24mWHiduaxJqnhW,Udd Gaye,Ritviz,67,180413,0,0.595,0.817,11,-6.187,0,0.0474,0.000712,0.0386,0.142,0.483,144.961,4,0
4j9rhFtGmjbOOHZ4g07rp8,Время изменится,Yuri Morfessi,0,192097,0,0.326,0.358,8,-9.673,0,0.0397,0.989,0.00827,0.358,0.364,145.27,3,0
5ONJ9mrQrCkO3G7LQi4wfE,Girl How Will I Love You,Timmies;Mishaal,48,99942,0,0.705,0.259,1,-8.796,1,0.374,0.398,5.63e-05,0.0571,0.502,172.476,4,0
1djh7DdNiRHdGFj5ils3BN,Angetenar,Rompasso,54,366031,0,0.819,0.583,0,-8.751,1,0.132,0.00422,0.536,0.387,0.0535,102.904,4,0
2Qp02T1oQPiqezbtkBEJ0n,Vaso de Alabastro,Mara Lima,40,332068,0,0.428,0.576,2,-5.807,1,0.0398,0.769,0.0,0.211,0.339,153.566,4,0
6cpbVrZueaJIklHRs9cGFI,Phunky Buddha,Planet Hemp,39,170040,0,0.386,0.825,11,-8.881,1,0.277,0.00159,2.66e-06,0.641,0.253,188.962,3,0
6vhOyWiOnO7EzxnXBllmkQ,Go Solo (feat. Tom Rosenthal),Zwette;Tom Rosenthal,64,192893,0,0.783,0.557,1,-8.599,1,0.0275,0.641,0.0506,0.116,0.368,108.012,4,0
5gk0dcTvWZGg7Tlq8PEfNe,Real Life,Burna Boy;Stormzy,0,197933,1,0.594,0.568,0,-7.268,1,0.0701,0.147,4.01e-05,0.339,0.407,132.348,5,0
4sJAm5WXrKBycKF20bgEqB,Be There,Krewella,38,199755,0,0.583,0.729,6,-4.525,1,0.0314,0.0909,2.02e-05,0.367,0.318,144.994,4,0
51deRrAMZpS7LwjawgZucg,Va Varika Va - Kerala Blasters Cheer Song,Shabareesh Varma,22,107192,0,0.639,0.773,1,-7.819,0,0.0683,0.164,1.15e-05,0.101,0.58,129.973,4,0
34dKNAFLXzgWWutWgDtxxN,The Cruellest Cut,The Slingers,30,329645,0,0.69,0.651,0,-5.631,1,0.0238,0.0352,0.000429,0.164,0.542,105.005,4,0
61HGzMjSgcnQSBHc3Fehcn,Metro (Re-Recorded),Berlin,24,260786,0,0.471,0.893,4,-10.166,0,0.0329,0.000565,0.00055,0.0763,0.914,169.185,4,0
3eqOaTqnyb0GEgv6JInG6W,BEBE,6ix9ine;Anuel AA,72,217822,1,0.635,0.902,0,-3.559,1,0.109,0.172,0.0,0.125,0.285,102.062,4,1
0yGEOYpUwQfR3Bt6rPz4lK,The Green Glens Of Antrim,Phil Coulter,23,185626,0,0.375,0.114,9,-21.846,1,0.0286,0.977,0.854,0.0863,0.21,136.684,4,0
2YYiQ6CfPAAE9Wvj7u1dfA,Colors of the Wind (Pocohontas),Twinkle Twinkle Little Rock Star,29,201492,0,0.642,0.263,10,-18.23,0,0.0479,0.904,0.793,0.139,0.394,67.001,4,0
16UQJHO164ZQ8W2y7O7Gp5,Calling (ASOT 1090),ALPHA 9;Scorz;Tom Bailey,42,234729,0,0.568,0.888,5,-7.863,0,0.0536,0.000298,0.0842,0.119,0.05,126.03,4,0
028eHoODO39uXKd2UGYq4t,Shi No Barado,Area 11;Beckii Cruel,26,318306,0,0.59,0.93,2,-3.522,1,0.0384,0.233,0.0,0.204,0.457,120.964,4,0
66hayvUbTotekKU3H4ta1f,Where Are Ü Now (with Justin Bieber),Jack Ü;Skrillex;Diplo;Justin Bieber,74,250285,0,0.432,0.781,4,-4.038,0,0.0567,0.041,4.21e-06,0.0789,0.197,139.432,4,1
3V1NX0a5YesqBlhnX95saJ,Bauerntanz,Die jungen Zillertaler,0,165480,0,0.628,0.978,5,-2.763,1,0.0585,0.0363,0.0103,0.474,0.959,120.068,4,0
6AuSL7NGgAxlgCWnl7wjME,誰可改變 - 電視劇《天師執位》主題曲,Alan Tam,18,233666,0,0.307,0.314,5,-13.354,1,0.0289,0.722,0.00037,0.354,0.153,161.502,4,0
7dsFoAxXjAlvVOXhRkD4sb,Como Eu Quero,Vicka,42,167717,0,0.786,0.639,0,-7.474,1,0.0265,0.122,0.000146,0.0992,0.584,121.014,4,0
4tV6ku4jEYw9L5gZuNpCbP,DYSYLM,Gammer;Darren Styles,57,176051,0,0.532,0.878,7,-3.933,0,0.215,0.0102,0.201,0.169,0.385,169.962,4,0
0FBzoIIRHpb81roPMjpkBX,Afterlife,One True God,37,173114,0,0.702,0.741,5,-6.332,0,0.0296,0.0237,0.678,0.104,0.271,122.006,4,0
5YkqiihRgtTwNq3kMr5TiK,Remind Me - S.P.Y Remix,BCee;Charlotte Haining;S.P.Y,16,276279,0,0.535,0.842,10,-4.281,0,0.0474,0.00405,0.232,0.283,0.106,172.025,4,0
3N6kzbnfpTPB5J9NAGc1rU,Twinkle Twinkle Little Star,Super Simple Songs,69,152691,0,0.696,0.227,1,-11.763,1,0.042,0.866,1.25e-05,0.0794,0.284,87.88,4,0
2tKXrorgfX5RzIyuHlv8Dn,8-Track,Drumattic Twins,14,175145,0,0.677,0.931,1,-2.038,1,0.0491,0.000879,0.892,0.0137,0.962,131.941,4,0
1g7gghb3Ep48Uyhso3m6gf,Creshiem,Loess,8,453373,0,0.372,0.36,6,-16.556,1,0.0433,0.888,0.884,0.189,0.0429,139.51,4,0
5orygsZ5Ga0jEOvftsXqw2,The Seeker - Edit,The Who,63,190373,0,0.318,0.657,2,-11.829,1,0.0358,0.101,3.01e-06,0.144,0.753,177.477,4,0
09a0g18Z1CTgr8HdcJ4W8W,Lardossen Funk,Drexciya,12,236439,0,0.803,0.88,1,-11.034,1,0.0685,6.02e-06,0.588,0.0463,0.359,129.923,4,0
7HQb4hccUNRrB7tqQht0MH,Tren Al Sur,Los Prisioneros,0,336933,0,0.676,0.67,9,-7.218,0,0.051,0.00565,0.00676,0.0805,0.725,90.232,4,0
4W11ykVxHguZTyd30ckgLh,Berceuse,Felix Rösch,51,127147,0,0.222,0.0285,0,-28.619,0,0.0352,0.99,0.867,0.163,0.152,79.693,1,0
5MAM4PXb95MPl2JWSlMI6L,Against The Sun,Rootkit;Anna Yvette,50,212288,0,0.325,0.663,11,-5.869,0,0.074,0.0313,0.0101,0.0737,0.147,174.04,4,0
074NgeLzrXD9hQ5O3iNIcY,Save Yourself,ONE OK ROCK,1,197995,0,0.503,0.849,5,-2.709,1,0.0615,0.00428,0.0,0.0667,0.762,165.096,4,0
4QAf9weI18Ox8pArQknC8f,Don't Stop The Madness,Hardwell;W&W;Fatman Scoop,40,225230,0,0.686,0.903,7,-4.604,1,0.171,0.000788,0.00255,0.2,0.0391,129.998,4,0
5Gy67YHzPZTk9Q0D73LAGH,"Khamoshiyan (From ""Khamoshiyan"")",Jeet Gannguli;Arijit Singh,63,335709,0,0.524,0.52,2,-6.838,0,0.0272,0.643,0.0,0.158,0.259,143.885,3,0
3O2hyG9su893phbDNmn5yu,Taladh Chriosta,Peter Gregson;Daniel Pioro;Grace Davidson;Clara Sanabras;Hannah Cooke,0,201651,0,0.0877,0.0452,4,-22.712,0,0.0431,0.988,0.936,0.109,0.0353,85.425,4,0
092PSCM3LlkiCatgTN0vrU,Oliver Twist,D'banj,51,237453,0,0.83,0.881,8,-5.706,1,0.0699,0.429,7.25e-06,0.126,0.866,125.021,4,0
1hBdAohS9PQAmIOGe98SbL,Two Letters,Bayside,34,245946,0,0.424,0.96,7,-4.13,0,0.14,0.00101,0.0,0.0935,0.412,165.046,4,0
17LZRfiDunm1oQt6a1CXLw,Boom Boom Bailando,Die Cappuccinos,31,177759,0,0.699,0.847,0,-3.743,1,0.0555,0.253,0.0,0.491,0.962,121.973,4,0
5IDp1BzLcYV4s5yEHBOnuY,O Tannenbaum - Remastered 1999,Nat King Cole,0,180200,0,0.25,0.228,3,-14.186,1,0.0364,0.811,0.000166,0.199,0.198,90.001,4,0
0MbQNJzr6ysEjjPbL75E4f,Siente El Boom,"Tito ""El Bambino"";Randy",0,188733,0,0.804,0.745,4,-5.805,0,0.0744,0.112,0.0,0.0925,0.512,95.024,4,0
2Y0iGXY6m6immVb2ktbseM,Little Dark Age,MGMT,83,299960,0,0.705,0.712,6,-6.156,1,0.0385,0.0102,0.000855,0.1,0.62,97.512,4,1
5d0CEohvmvqcizfc0cXn1t,Manic,Wage War,62,164666,0,0.472,0.872,2,-5.244,1,0.0987,0.00328,0.00254,0.212,0.328,180.053,4,0
1IOqDpre0XvOYSmnDN3Vvc,Solo Tus Ojos,Lörihen,21,384549,0,0.471,0.894,10,-6.373,0,0.0457,0.00175,0.0,0.363,0.253,115.043,4,0
2uqUDXhP1CQ8BfKcuk8AV6,Rockabye,Clean Bandit;Sean Paul;Anne-Marie,1,250456,1,0.724,0.759,9,-3.996,0,0.0544,0.411,0.0,0.437,0.765,101.943,4,0
4QQ9nLdsPP9Ts02bbMpLxj,Daniel,Mara Lima,39,386899,0,0.399,0.705,4,-4.104,1,0.0413,0.479,0.0,0.353,0.447,110.301,4,0
5EOwnW8B5tPuwy036UnDnb,Wait A Minute - Mattei & Omich Remix,Earth n Days;Mattei & Omich,0,214000,0,0.698,0.939,9,-4.707,0,0.0542,0.000469,0.912,0.26,0.787,123.993,4,0
31KJUFg7UUeKBnl9udTHaZ,Looking For Love,Lena,2,159255,0,0.787,0.701,1,-7.073,0,0.0448,0.251,9.02e-05,0.114,0.545,112.048,4,0
0XCm6GKaDufW9S1LPNOUnI,Sunday Vibe,The BREED,57,100038,0,0.67,0.456,5,-10.751,0,0.0673,0.279,0.895,0.0984,0.589,80.974,4,0
7MMUmuPiGgSl95eTLgBfNS,Ruption,Rygin King,25,184632,1,0.656,0.873,1,-4.566,1,0.384,0.511,0.0,0.176,0.755,91.187,4,0
4PlkeOWaeaS9e0R2DvZUgc,Perreo y Dembow,Ozuna;El Cherry Scom,58,162026,0,0.913,0.722,7,-2.949,1,0.0576,0.0171,0.0978,0.139,0.545,110.015,4,0
5bzSQWaQq0AKxaMbuwLxwv,frikki dór 2012,ClubDub;Mambakid,34,175250,0,0.841,0.692,0,-5.23,1,0.318,0.134,0.0,0.146,0.692,123.97,4,0
12pqBmaTHiXMGWklj8XUbu,Caminito,Alfredo De Angelis;Orquesta de Alfredo De Angelis,25,174306,0,0.672,0.201,5,-10.615,1,0.0356,0.647,0.0148,0.0413,0.68,119.534,4,0
3C8UT7tms0t0CGaW3q5dvB,Silencio (Remastered 2022),Carlos Gardel,17,161732,0,0.726,0.125,11,-11.751,0,0.143,0.983,0.0,0.183,0.486,115.526,4,0
6MDn6t4CdUjVaqv7XB1sd4,Feeding The Beast,Anaal Nathrakh,14,299106,1,0.281,0.774,6,-1.572,1,0.109,5.3e-06,0.953,0.348,0.151,125.022,4,0
2bunTwJC1dEXmQtByVpJht,Cerezo rosa,Los Tecolines,22,183653,0,0.789,0.478,5,-10.938,1,0.0409,0.629,0.0,0.154,0.824,125.474,4,0
2DSyDpxxlaKSM4CHRBGYXk,Goodbye Sunday,Everything But The Girl,18,240133,0,0.704,0.63,2,-12.876,0,0.0408,0.473,7.78e-06,0.129,0.721,90.309,4,0
5ydMCvT5Wg5PFKWB5phKZe,Thunder,Imagine Dragons,0,187146,0,0.601,0.824,0,-4.757,1,0.0474,0.00866,0.173,0.155,0.246,167.965,4,0
4pBykn8eWxl3O9JvIHZXj4,United,Armin van Buuren;Vini Vici;Alok;Zafrir,50,217391,0,0.643,0.957,1,-5.026,1,0.0892,0.0565,0.841,0.0763,0.281,138.073,4,0
4XZOsm9rbFcjGMqTDhJE9k,O Sol da Meia-Noite - Ao Vivo,Rosa de Saron,41,370013,0,0.251,0.9,2,-5.202,1,0.0486,0.0831,5.26e-06,0.802,0.274,156.445,4,0
0pSXxKWtVz7SX343vVGNAI,Move Your Body - Director's Cut Retro Signature Mix,Marshall Jefferson;Curtis McClain;Director's Cut,19,535680,0,0.748,0.892,4,-8.088,0,0.044,0.00508,0.0617,0.326,0.739,124.999,4,0
7K636EDCVdL1i8ACnbI4le,Shhhh 1,Silent Knights,60,203697,0,0.32,0.554,1,-19.622,1,0.0589,0.914,0.000185,0.902,0.0257,150.411,1,0
4ZZSDzZtFbLb9pKfQR03PP,Kishore Kumar Speaks And O Mere Dil Ke Chain Film - Mere Jeevan Saathi,Kishore Kumar;R. D. Burman,59,274038,0,0.421,0.472,7,-11.597,1,0.0364,0.873,0.0,0.376,0.604,109.067,4,0
4N3bkmxFELN6Q4yTOImxhW,Tiempow,Vegas (Brazil),39,356571,0,0.65,0.755,2,-7.003,1,0.0455,0.0144,0.777,0.0992,0.0652,140.018,4,0
304HbZEKcHYZyBkG5GhjD6,Pear Vale,Ilkae,10,97133,0,0.811,0.292,9,-16.817,0,0.0925,0.884,0.9,0.118,0.507,112.061,1,0
0rLLKtog5Bc0XoGRnYOZ19,Richest Man,Balsam Range,23,182326,0,0.617,0.715,11,-7.17,1,0.0375,0.087,0.000306,0.227,0.825,120.027,4,0
7jU7bkSuD3q3D40ogwlhgE,Mr. Lee,The Bobbettes,36,135573,0,0.493,0.602,5,-9.836,1,0.334,0.607,1.82e-06,0.122,0.872,203.334,4,0
0HhDrzhTf9e4qpacpDEbiW,Oh what do you do in the Summertime,Paul Cardall,29,172186,0,0.301,0.199,7,-17.741,1,0.0437,0.985,0.924,0.135,0.156,111.134,1,0
31cBOSlykfEsNuVhpzm535,Point Final,Hugo TSR,37,402071,0,0.731,0.925,2,-7.37,1,0.599,0.294,0.0,0.23,0.111,97.03,4,0
0h9SkgqZV9PB04Qnqgz3hZ,She Cries,Colin Donnell,22,307653,0,0.425,0.543,5,-8.742,1,0.0508,0.596,0.0,0.274,0.483,77.122,4,0
04fYoQSUTfPhVjyW8aXkix,En Jannal Vandha,Yuvan Shankar Raja;Roshini;Priya Hemesh;Divya Vijay,56,283480,0,0.69,0.654,1,-4.726,1,0.203,0.0706,0.000561,0.0251,0.624,124.983,4,0
0ivAXyBo7oud7Xkffq4aLG,Trouble's Coming,Royal Blood,0,228400,0,0.767,0.694,1,-5.059,0,0.0384,0.0629,0.0,0.32,0.78,112.012,4,0
7cS8Z27XiJmHQfi7f2jKBZ,Mina Hundar,Fattaru;Henok,35,230800,0,0.843,0.715,11,-7.518,0,0.193,0.154,0.0,0.0456,0.951,155.972,4,0
4KtgvmeeJ83iRxHc9QrBmf,Suspicious Minds (Film Edit),Elvis Presley,59,377586,0,0.284,0.801,7,-9.981,1,0.0639,0.000687,0.00326,0.888,0.521,136.943,4,0
0Tjdbd83LEAWrA0atsXMDJ,Let It Be Me,The Everly Brothers,58,146733,0,0.471,0.19,7,-16.046,1,0.028,0.77,0.00385,0.129,0.305,72.764,4,0
5pPzzsa9g8Y4GU1qOlkSvm,Bar da Noite,Maria Bethânia,40,126557,0,0.489,0.0263,0,-19.273,1,0.05,0.872,0.0,0.128,0.174,87.962,4,0
47MtUiBYZmxs9bdqN62KuQ,Sysselmannen,Lars Winnerbäck,44,219933,0,0.541,0.633,0,-7.218,1,0.0273,0.0884,1.47e-05,0.163,0.613,133.888,4,0
61202Zzk9rk4bPMZLh2gr6,Trouble No More,Allman Brothers Band,0,227751,0,0.556,0.567,9,-11.426,0,0.0333,0.0577,0.00144,0.0907,0.856,141.348,4,0
4EoNrE75AtcCC6RgbNOqBB,Staden Göteborg,Troublemakers,36,117258,0,0.418,0.93,2,-7.251,1,0.0489,9.85e-06,0.000106,0.525,0.592,110.707,4,0
6eyrDurDCi6nI8FSWGnRUn,Give It 2 Em,Tre Oh Fie,43,118450,0,0.637,0.895,1,-9.268,0,0.0788,0.00486,0.0141,0.225,0.587,150.018,4,0
4eZDDzIhHupgaYgKKAUQPx,Miro de Atrás,Kapanga,43,247759,0,0.544,0.81,9,-5.871,1,0.0347,0.000656,2.63e-05,0.206,0.944,159.989,4,0
40KeMi4kkYpAlT1VmjrxDb,Get It Right,Breakestra,21,192013,0,0.743,0.962,6,-3.922,0,0.0508,0.127,2.65e-05,0.321,0.872,108.602,4,0
7bl8qstk4K7d1wkbDmNnZL,420,Afroman;Yung Fate;DJLeach;Jake Strain,45,312058,1,0.848,0.482,1,-10.555,0,0.0975,0.547,0.0022,0.108,0.783,120.008,4,0
4y1KB0U6LsuWLKiZgtq5ky,Yee Naaldlooshii,Kvaen;Pierre Törnkvist,16,273261,1,0.345,0.593,5,-6.686,1,0.0544,2.99e-05,0.955,0.556,0.182,99.929,4,0
5lKeJIU0KnJZEF2FE76B3y,Telepath,Samael,16,215480,0,0.518,0.971,2,-3.296,1,0.118,0.00266,0.00191,0.0735,0.304,145.811,4,0
2vIRbUh95ZbEVXxhIwpV9t,Idiot,Matthias Reim;Michelle,32,225880,0,0.742,0.923,0,-4.284,1,0.0602,0.183,0.00171,0.18,0.687,135.981,4,0
0sfQW9kNtzBfFBCpN1p3c0,Ginza,J Balvin,2,171093,0,0.749,0.815,5,-6.381,0,0.083,0.228,0.00117,0.0838,0.866,102.218,4,0
48xmeRtNViFzlFSeboVeVX,The Stardust Memory,Kyoko Koizumi,33,232991,0,0.623,0.698,3,-5.808,1,0.0271,0.0244,0.000168,0.355,0.502,143.318,4,0
0ZWW07BD8W85lUbgx2sn7E,For Forever,Ben Platt,60,301013,0,0.371,0.457,5,-7.674,1,0.0407,0.222,0.0,0.0882,0.166,96.269,4,0
0JS0AEmlz20lugs6G10mYy,From the Hard - Original Mix,D-Block & S-te-Fan,22,257600,0,0.441,0.899,9,-6.544,0,0.0301,0.287,0.302,0.29,0.275,149.965,4,0
49h9lUseWMnzyU0W8E40mP,Um Degrau na Escada - Ao Vivo,Calcinha Preta;Gusttavo Lima,47,251061,0,0.499,0.92,4,-4.095,1,0.0678,0.274,0.0,0.42,0.401,170.011,4,0
5mk76DcUc1oQqOgcczreKB,Want U Bad,Fern.,61,222000,0,0.469,0.315,6,-15.836,1,0.0496,0.871,0.000184,0.111,0.353,79.947,4,0
7pUetcOlkN6UEGvYfVQVim,UNTILL THE DAWN,PassCode,21,207000,0,0.522,0.988,5,-2.122,0,0.105,0.000467,0.00525,0.52,0.481,104.99,4,0
0l8p1TkaVgcwIUS0xwm6Y5,Two Places at Once,Haley Joelle,65,199395,0,0.497,0.278,2,-9.959,1,0.0464,0.792,0.0,0.308,0.237,104.84,5,0
7lKhxWhv5sPG9MBaDfdJL7,Taivas,Lumi Couri,60,144121,0,0.175,0.00428,11,-34.648,1,0.0412,0.971,0.946,0.104,0.0744,73.285,1,0
3RDDPTFuikYlu0A4OXCCkl,Hoje Caminhei,Nicolas Candido,42,160171,0,0.603,0.326,10,-12.698,0,0.0801,0.318,0.00113,0.0859,0.49,104.41,4,0
1bgKMxPQU7JIZEhNsM1vFs,Words (feat. Zara Larsson),Alesso;Zara Larsson,85,142677,0,0.739,0.586,10,-5.079,0,0.0472,0.0245,0.000252,0.308,0.444,124.026,4,1
6JKLSrYx0XR3ayYWggoPNV,Stay in Love - Dance Radio Mix,Mon A Q,32,294413,0,0.702,0.715,0,-5.966,1,0.0309,0.077,7.71e-06,0.189,0.556,129.987,4,0
3q5dbqhPz4ALLeyDKaqsE4,說過放下 - 電視劇《錦繡南歌》主題曲,HANA,20,230613,0,0.591,0.329,11,-10.682,0,0.0312,0.65,0.0,0.117,0.313,109.955,4,0
71HcKKNwvQ8Jv6lbBEi4oO,Berraqueo,Yiordano Ignacio,46,187063,0,0.9,0.655,10,-7.259,0,0.0746,0.346,0.0,0.104,0.885,96.032,4,0
3yw1L1o8ImB9YP9te0WRu8,Paisaje,Malena Muyala;Fabián Marquisio,28,223793,0,0.485,0.22,4,-12.198,0,0.0412,0.858,1.98e-06,0.089,0.449,161.291,1,0
116H0KvKr2Zl4RPuVBruDO,MIA (feat. Drake),Bad Bunny;Drake,79,210367,0,0.817,0.539,6,-6.349,0,0.0621,0.0141,0.000496,0.099,0.158,97.062,4,1
38dIniBkVzA7vdrLRY0cEZ,Do It Better,Felix Jaehn;Zoe Wees,0,170045,0,0.677,0.804,1,-5.337,0,0.0677,0.0818,1.92e-05,0.158,0.41,122.111,4,0
2eaQufLpyjCrVIVny7tjaD,Mo Ghile Mear,Celtic Woman,28,256826,0,0.393,0.438,7,-9.421,1,0.0398,0.648,0.0,0.3,0.496,130.003,4,0
5Qf3XVlVIL9lFu8oaxHlE8,Join the Parade,Terrence Mann;Tuck Everlasting Original Broadway Cast Ensemble,24,38760,0,0.634,0.804,0,-6.663,1,0.172,0.482,0.0,0.237,0.318,144.938,4,0
7aoJALsQuyzF9KnkO7AwXf,"Get Up I Feel Like Being Like A Sex Machine, Pts. 1 & 2",James Brown;The Original J.B.s,1,316004,0,0.793,0.783,10,-5.088,0,0.0637,0.113,1.26e-05,0.305,0.798,108.332,4,0
0pS25QJ0g83B2OIu9je81g,Rudolph The Red-Nosed Reindeer,Ella Fitzgerald,0,171773,0,0.596,0.315,8,-9.175,1,0.0428,0.961,0.0,0.258,0.64,119.935,4,0
380vyl9xb7um0l5qIYyWeC,Overflow - feat. Joel Stewart,Luca;Joel Stewart,53,142105,0,0.603,0.421,9,-10.646,1,0.0493,0.567,5.58e-05,0.0757,0.242,114.093,4,0
3yQeMeo2fQp6zI5pWi3kY7,Dependente,Sarah Oliveira,28,125000,0,0.537,0.46,1,-5.791,0,0.0296,0.419,0.0,0.232,0.154,133.957,4,0
6TClJ8jXi3OBV7gcrU3jx5,TERE TE,AP Dhillon;Gurinder Gill,75,114418,0,0.692,0.488,7,-10.96,0,0.135,0.0508,0.0,0.154,0.299,171.9,4,1
1i6N76fftMZhijOzFQ5ZtL,Psycho Killer - 2005 Remaster,Talking Heads,78,261413,0,0.721,0.521,2,-8.123,1,0.0613,0.0708,0.00545,0.127,0.942,123.118,4,1
1MPZ13x66SyV4Ie992QNB9,Globus Hystericus,The Agonist,21,221200,0,0.497,0.991,9,-3.14,1,0.199,0.000242,0.0534,0.286,0.284,154.983,4,0
0ZEigpVOtVunIcimL7dJuh,My Twin,Katatonia,49,221066,1,0.419,0.83,5,-6.707,0,0.0313,0.00249,0.00721,0.286,0.386,95.001,4,0
0GkNX9XymFBHNR5TelQbD4,Tu Mora Habulo Mama,Mantu Chhuria;Aseema Panda,29,217297,0,0.719,0.961,10,-2.925,0,0.223,0.206,0.0,0.0287,0.578,147.958,4,0
6boUblHda4QDKSGAM8wrxP,Chill Bro,Dhanush,44,239989,0,0.73,0.904,7,-4.223,1,0.247,0.18,0.000348,0.121,0.464,160.07,4,0
5N1bKDzbdCKnReop9O2YEG,Face2,LOZAREENA,43,221600,0,0.647,0.856,7,-4.402,1,0.13,0.0882,0.0,0.0722,0.543,86.723,3,0
4kFnQ7jcMoT12WJgkUP3vJ,Hellfire,Barns Courtney,0,168853,0,0.529,0.846,4,-5.513,0,0.0483,0.244,0.0,0.205,0.69,93.979,4,0
4vK1rDzhj0ykyqiZnq4Wjj,PK,Plastikman;Richie Hawtin,7,601053,0,0.564,0.159,11,-21.46,0,0.0309,0.000189,0.947,0.11,0.0971,122.866,5,0
5Hup9929IAMtVWPWcwMtu4,En dag på stranden,Tomas Ledin,39,258493,0,0.813,0.482,1,-11.19,0,0.0327,0.0878,0.000167,0.0824,0.886,113.961,4,0
1XGsEVaoYosgzQNUQrXyUb,Happier,Marshmello;Bastille,1,214289,0,0.687,0.792,5,-2.749,1,0.0452,0.191,0.0,0.167,0.671,100.011,4,0
4ve9p2wRIRnwM7bbFHmtZG,Just Maath Maathali,Raghu Dixit,51,156368,0,0.688,0.492,5,-8.459,1,0.0256,0.492,0.000227,0.147,0.638,107.918,4,0
3GXfmj8VI55reLE5aLl1sK,If You Really Love Me (How Will I Know),David Guetta;MistaJam;John Newman,0,184390,0,0.692,0.883,7,-4.698,1,0.0582,0.0512,0.0,0.228,0.614,122.984,4,0
08OjvLnGR3M0HUhcePeMNO,death bed (coffee for your head),Andrew Foy;Renee Foy,47,112008,0,0.565,0.0392,1,-28.276,1,0.045,0.835,0.183,0.117,0.601,125.399,4,0
48EbR611N6JyaJtzM3M63U,October,George Ogilvie,55,307401,0,0.685,0.53,5,-7.25,1,0.0325,0.574,0.0,0.0845,0.19,117.985,4,0
2KrlbSCJFfjdpqWeawARMz,Dominate,Regain,22,194870,0,0.574,0.935,6,-2.174,0,0.412,0.0598,0.00974,0.53,0.322,154.887,4,0
2H22I5b5ZWbDEWACE9setp,Minha filosofia,Casuarina,44,230426,0,0.472,0.648,6,-8.886,0,0.0366,0.609,0.00501,0.696,0.542,85.305,4,0
7MCnFTgjTZgzezR6EzMH8q,"Unethical, Pt. 2",Jim Florentine;Don Jamieson,22,126409,0,0.589,0.781,11,-11.996,1,0.932,0.987,1.16e-06,0.417,0.456,72.268,3,0
0pNC2MAeFjea9qWOfGhtbi,Rooh,aswekeepsearching,31,250810,0,0.537,0.69,1,-8.29,1,0.04,0.0504,0.0185,0.109,0.205,120.035,4,0
6phmKeRhJUsiSBJgMkgjg8,Alwayz Into Somethin',N.W.A.,60,264960,1,0.709,0.874,7,-4.522,1,0.193,0.0114,0.0,0.213,0.832,88.546,4,0
07ImPoPqKNwqucuPEZooBj,"Anywhere (feat. shYbeast, PLYA)",SLANDER;Au5;shYbeast;PLYA,51,287600,0,0.383,0.843,1,-6.438,1,0.0656,0.00672,0.0,0.176,0.314,149.978,4,0
7nIyZpAsOH3U0dYBiozXea,Tere Jeya Hor Disda,The Yellow Diary,55,190122,0,0.561,0.526,6,-10.005,0,0.0258,0.774,0.00605,0.103,0.463,89.996,4,0
7sHIKRkrjd92ITAEeRaID1,Duro,Lion Fiah;Saybor;La Corte Music,34,176828,0,0.849,0.758,3,-5.441,0,0.0679,0.12,1.57e-05,0.117,0.792,95.04,4,0
3lGmH2vFtfaTQJ5Bq7tIMZ,First Impression,Floyd Cramer,12,138200,0,0.662,0.245,0,-13.28,1,0.031,0.692,0.143,0.103,0.86,107.929,3,0
0210gFYpVnijFhx38qw4Zf,"Объединяйся, молодежь!",Владимир Бунчиков,0,180742,0,0.523,0.26,2,-18.286,0,0.0397,0.859,0.0,0.341,0.588,110.512,4,0
0YM62MzsqtMsbCS0E89bvx,Sueño Erótico,Los Amigos Invisibles,35,242373,0,0.683,0.823,9,-6.475,1,0.0559,0.138,0.067,0.176,0.837,120.03,4,0
75y9r2v3m3hOdNUJwWDzLZ,Quiéreme Tal Como Soy - Live,Luisito Ayala Y La Puerto Rican Power,28,330800,0,0.509,0.81,8,-5.69,1,0.0435,0.71,0.000972,0.908,0.962,177.495,4,0
4ZSFKEQMre7LJUkUEW28oA,Bad Ass Bitches,Wiz Khalifa,0,118466,1,0.904,0.601,2,-5.561,1,0.198,0.0305,0.0,0.615,0.761,87.037,4,0
1kH4D5cBUE0JUb9DfaUOsd,Just Don't Make 'Em,Wood & Wire,21,280426,0,0.38,0.592,4,-9.512,0,0.0323,0.526,0.00804,0.0921,0.796,153.906,4,0
2yEHX6MqAXPyD7bm47A2Br,Pump It Louder,Tiësto;Black Eyed Peas,76,158571,0,0.66,0.942,4,-2.273,1,0.185,0.00789,1.76e-05,0.834,0.543,126.017,4,1
6RF9F2sSwOnNmpggaBv6R5,Derroche,Raulin Rosendo,28,246586,0,0.792,0.698,4,-6.059,0,0.0539,0.652,1.01e-05,0.102,0.9,159.865,4,0
65dvxc4Kctq3JIJ2BkKKMj,Munbe Vaa,Naresh Iyer;Shreya Ghoshal,68,357006,0,0.602,0.758,1,-9.416,1,0.0324,0.25,3.93e-05,0.209,0.788,141.108,4,0
7fHvI0zoz7nP0dSoiv7ntt,Varje gång jag ser dig,Lisa Nilsson,45,227666,0,0.751,0.882,8,-7.933,1,0.0829,0.071,0.000322,0.342,0.526,110.884,4,0
6U2NuJILEOEpW2tVCuqKHb,Dura - Remix,Daddy Yankee;Natti Natasha;Becky G;Bad Bunny,68,242160,0,0.772,0.803,1,-3.035,1,0.0468,0.188,0.0,0.434,0.853,94.981,4,0
7qY7qxZEyLcxxwX5D3lQdj,Lo que doy - Vivo,Ratones Paranoicos,39,267213,0,0.499,0.897,9,-5.659,0,0.0394,0.174,0.00596,0.904,0.545,126.838,4,0
4EFrCcPqsTnJOfVXHUnrTO,Silver grave,Unholy,39,283681,0,0.632,0.567,9,-8.277,1,0.0362,0.0456,0.91,0.193,0.38,110.042,4,0
5c1E9iQocE9TMJ0ltS1d1B,Quillami,Totoy El Frio;Kevin Roldan,0,202733,1,0.72,0.666,4,-6.448,1,0.18,0.0718,0.0,0.315,0.944,172.051,4,0
06PdA0DLgF4BfAeUNZAbFG,Blueberry Hill,Fats Domino,61,147880,0,0.489,0.499,11,-9.702,1,0.0271,0.74,0.000236,0.156,0.829,133.341,3,0
5uwTHBWJ9N8TpBfTiOKZgs,Waves And Wind,Ocean Sounds XLE Library,39,78821,0,0.253,0.503,1,-22.325,1,0.0542,0.606,0.989,0.457,1e-05,98.513,3,0
3xsOfWps2uhcjn7gznHks4,"手中沙 - 劇集 ""不懂撒嬌的女人"" 片尾曲",HANA,21,207466,0,0.67,0.156,10,-11.854,0,0.0345,0.872,3.13e-06,0.099,0.466,115.748,4,0
2OqzR7I7GF19T2qPrbmYQC,Living Doll,Cliff Richard & The Shadows,47,156793,0,0.599,0.481,9,-7.412,1,0.0467,0.501,0.0,0.0982,0.772,62.573,4,0
5ZBsYN7vL7k1WRuJycfBds,Bertha Butt Boogie,The Jimmy Castor Bunch,23,371466,0,0.838,0.573,0,-13.675,0,0.0499,0.0572,0.00174,0.098,0.918,98.73,4,0
4U1DbSP0jhwf3MVam9J14w,Meu Neguinho,Limão Com Mel;Taty Girl,39,192467,0,0.687,0.768,8,-6.799,0,0.0588,0.498,0.0,0.077,0.808,112.092,4,0
5icOoE6VgqFKohjWWNp0Ac,Here With Me,Marshmello;CHVRCHES,75,156346,0,0.791,0.565,5,-3.933,0,0.0439,0.0623,0.0,0.156,0.181,99.961,4,1
44g0ftxbp0OAgAXK28ltHj,Chauffeur JBEE Remix (feat. Tory Lanez),Diljit Dosanjh;JBee;Ikky;Tory Lanez,59,205440,0,0.656,0.728,1,-5.004,1,0.111,0.18,0.0,0.177,0.603,154.087,4,0
38RAiDHgY436zkGXTmQvkp,Cuesta Abajo,Hugo Díaz,17,270512,0,0.569,0.471,0,-8.971,1,0.0735,0.63,0.625,0.0909,0.417,101.855,4,0
2sWCKLm6qrQ4Hu6Lkrh2Xb,Солнышко,Nikolai Erdenko,0,213720,0,0.264,0.167,7,-20.194,0,0.0354,0.943,0.517,0.29,0.108,109.73,3,0
5MaKcM9OtEnbu8YAZbPtfS,Uykumun Boynunu Bükme (Live @ Bostancı Gösteri Merkezi),Melike Şahin,37,280469,0,0.488,0.672,9,-11.69,0,0.0365,0.0219,3.46e-05,0.712,0.463,105.943,3,0
2d3DoAIDeUC58X3mzDRmDs,你最珍貴,Jacky Cheung;高慧君,54,286840,0,0.52,0.285,10,-10.754,1,0.027,0.686,0.0,0.0931,0.0798,93.922,4,0
2n40kGcCG499ckQwYNJnWp,Kaun Mera,Papon,38,344471,0,0.601,0.407,2,-10.169,1,0.0288,0.71,0.00149,0.119,0.108,95.95,1,0
2PxZSFOv7RebkeSEwQTjr7,Tera Mera Rishta,Mustafa Zahid,60,347040,0,0.575,0.895,4,-3.417,0,0.0541,0.0521,0.00142,0.104,0.648,102.02,4,0
6m9sj7msjjynuExDWRwCr7,"What's the Time, Mr Wolf?",The Wiggles,30,89346,0,0.667,0.396,2,-11.013,1,0.807,0.221,0.0,0.378,0.718,128.255,4,0
40WKBTSgL6lyBpgQPanpoS,Anclado A Ti,Rebel Cats;Jay de la Cueva,31,172586,0,0.512,0.954,0,-3.671,1,0.105,0.0183,0.0121,0.609,0.607,110.121,4,0
6ezauvJT4kX0UvmntXdGQr,dullscythe,Porter Robinson,45,240158,0,0.346,0.376,7,-11.197,0,0.0476,0.532,0.712,0.0757,0.33,81.17,4,0
0o9t52kMt1yNHE0IDmdu43,summer nights,Skinny Atlas;Laeland;Snøw,54,172137,0,0.521,0.523,6,-7.621,1,0.0362,0.233,0.0,0.403,0.343,145.156,4,0
1KqF8lTWSsKd4C5yINTGaH,"Ryby, żaby, raki",Ewa Konstancja Bułhak,23,192960,0,0.694,0.523,5,-10.461,0,0.117,0.651,0.0,0.0945,0.814,81.568,4,0
12Jup0G4Xlm5XovO62ABVv,Nin Mathaavu,Fr. John Samuel,19,99395,0,0.56,0.458,5,-5.849,0,0.0273,0.689,0.0,0.433,0.722,139.688,4,0
6znLeGhFx7y3dzLgLWy2WW,Letters,Ever So Blue,34,193778,0,0.261,0.0959,9,-23.699,1,0.042,0.992,0.868,0.103,0.369,182.65,3,0
0fxjsll9jmmRgMFbwdp4Xg,Yègellé Tezeta,Mulatu Astatke,51,194293,0,0.839,0.233,3,-13.539,1,0.0413,0.745,0.747,0.105,0.777,125.597,4,0
68HDdKx3xQUh2U7CErYN1j,Drifting Away (ABGT499D3),Grum,36,247619,0,0.541,0.895,6,-8.707,0,0.0426,0.000338,0.462,0.176,0.127,125.994,4,0
6FnD62i17Yb1gd2RBS1x30,Agnus Dei,Michael W. Smith;Skye Reedy,40,294368,0,0.204,0.242,7,-12.121,1,0.0354,0.608,0.0,0.174,0.0765,134.742,4,0
1nkf3dkbk1gUO361O8gDqo,"His Kiss, the Riot",Patrick Page;Hadestown Original Broadway Company;Anaïs Mitchell,20,183794,0,0.217,0.506,10,-10.434,1,0.114,0.553,0.00517,0.0878,0.229,78.476,4,0
1wdPW3bn0ysQVdRhWET6XL,哲學家,Candy Lo,32,274545,0,0.55,0.373,2,-9.006,1,0.0306,0.822,0.000589,0.112,0.471,131.947,4,0
3PHj5zJAHJrU7Iw8QgSnLV,Aaj Din Chadheya - Lofi,Dr LoFi,49,298912,0,0.427,0.504,8,-10.458,1,0.0628,0.537,0.0192,0.371,0.107,73.522,4,0
1Y0BPppM77cdZQqcR3uWO3,"Herbei, o ihr Gläubigen",Traditional;Friedrich Oberschelp;Christfried Bickenbach;Gerhard Bunk;Der Bielefelder Kinderchor,0,197400,0,0.325,0.107,10,-17.44,1,0.0389,0.983,0.0,0.1,0.346,109.271,4,0
3vEx3syxx9AdodiBPiBY5j,Sweet Dreams,Cameron's Bedtime Classics,19,263924,0,0.465,0.106,2,-18.594,1,0.0314,0.963,0.942,0.098,0.0392,79.036,4,0
402z8paMCSLAv7XnW6YEvi,Cuando Florezcan las Amapolas,Gabino Pampini,29,228762,0,0.672,0.658,2,-8.883,0,0.0352,0.593,0.0399,0.0357,0.84,109.17,4,0
5Z3ZbUOUgYFdFdgPFwwdDf,Sail Away - Edit,Frontliner;Natalia Isabella,24,214305,0,0.399,0.683,6,-5.459,1,0.0392,0.00899,0.0,0.119,0.265,150.082,4,0
0JZZ3Ae4P3jlH3R4wZUbN5,Global Warning,Steel Pulse,29,292866,0,0.806,0.679,1,-6.579,1,0.259,0.0465,0.0,0.0431,0.811,77.139,4,0
1e9IYUO2mZvklWC5RkffPl,Noise Ambience Calmness,White Noise for Babies,0,218000,0,0.12,0.971,9,-20.252,0,0.0655,0.996,0.883,0.809,1e-05,76.252,3,0
0VbOBom0Ya2zrlSpv7II1C,Heavy,Collective Soul,64,174912,0,0.553,0.872,1,-5.617,1,0.0374,0.00109,0.00115,0.0988,0.543,106.927,4,0
1wjmb6uqRlWuF6stUJ4eNc,Desire,Blank & Jones,24,413640,0,0.679,0.867,7,-4.695,1,0.0484,0.000752,0.919,0.837,0.336,139.993,4,0
3H3KHEifg4i7RZedDqZeX0,Titli Udi Bus Mein Chadi,WowKidz,27,40704,0,0.93,0.463,6,-6.302,1,0.319,0.88,0.0,0.107,0.761,125.009,4,0
3DUGWLHFA5B0dI80WhnL9F,Sunset Strip Bitch,Eve 6,26,198760,0,0.433,0.928,9,-4.438,1,0.148,0.000993,5.48e-06,0.087,0.785,175.897,4,0
0Cqa73dSlagoCQP2LEBFDr,Mucho corazón,Los Tecolines,25,186986,0,0.764,0.287,4,-12.13,0,0.0382,0.964,5.56e-05,0.105,0.405,113.106,4,0
3nxQsiBxMP7f1Ey4J7YqNs,Los Métodos Piqueteros,Las manos de Filippi,36,208200,1,0.733,0.678,9,-6.745,0,0.0326,0.0138,0.0,0.168,0.938,114.004,4,0
0nL9R8UslLX49eij3eq1Ro,Housetime (3 Steps Ahead Remix) - Extended Mix,The Prophet;3 Steps Ahead,5,313324,0,0.699,0.977,11,-3.691,0,0.109,0.304,0.0489,0.174,0.123,99.929,4,0
4aWqVlWZwVfuSTVucZrb65,Cheek To Cheek,Ella Fitzgerald;Louis Armstrong,0,353647,0,0.665,0.443,0,-8.076,1,0.0803,0.582,0.0,0.113,0.662,122.872,4,0
13SgfMDRRldjdxzd6eKpQm,Amigos,Juan Magán;Mariah Angeliq;Yera,0,177333,0,0.74,0.63,11,-6.634,0,0.0832,0.0212,0.0,0.299,0.763,89.952,4,0
3clj22mW4k1FADb751JYWc,Bem-Vindo Ao Clube,Dead Fish,41,187400,0,0.547,0.977,1,-2.819,0,0.0924,0.000834,3.98e-06,0.366,0.386,97.993,4,0
4N7YAWIUEYqntHh04Qdf8M,50 Tons - Ao Vivo,Vitinho,51,199668,0,0.567,0.849,0,-6.379,1,0.0959,0.701,0.0,0.965,0.839,149.826,4,0
4SjKsDIVQessPLdN42FZlm,"Alcoholia (From ""Vikram Vedha"")",Vishal-Shekhar;Snigdhajit Bhowmik;Ananya Chakraborty,63,231022,0,0.774,0.584,11,-7.89,0,0.107,0.231,0.0,0.198,0.444,132.0,4,0
0OQtMyzTMcvYtul4uGCJPb,De vuelta a casa,Brock Ansiolitiko,34,195941,0,0.661,0.697,8,-8.387,1,0.0501,0.32,1.16e-05,0.0922,0.0755,98.02,4,0
1DEA1tTNQdWPsoH0Zr2kdu,Appalachian Girl,Pert Near Sandstone,23,258093,0,0.496,0.475,7,-6.509,1,0.0323,0.801,6.86e-06,0.157,0.533,112.454,4,0
0pPeUQmVwq1MfVeh9x3tbV,Take Back,Oxya,28,180023,0,0.492,0.842,7,-4.52,0,0.11,0.0604,0.0,0.419,0.649,159.846,4,0
0YJ8NlhYd13u2CZeuI2HMD,Just Pretend,Earl Klugh,21,223266,0,0.709,0.372,2,-16.478,1,0.0526,0.652,0.415,0.129,0.832,78.53,4,0
6Mmfn16y9FPXhjvneVFE9e,Goodbyes,Joachim Pastor,39,466935,0,0.707,0.519,9,-12.566,0,0.039,0.665,0.9,0.109,0.166,123.999,4,0
6WRJ8fEAi03rbGRFIorfc6,In the Shadows,Elsiane,17,285493,0,0.467,0.529,4,-8.825,0,0.0287,0.0192,0.000422,0.11,0.177,87.949,4,0
4MO8ZfoBPueBLS7dIm99MM,Vreten,PartyfrieX,26,189600,0,0.546,0.887,2,-5.684,1,0.114,0.114,0.0,0.847,0.626,134.076,4,0
1urIVc5DUYEh8boKLd3FCt,Eaten Alive by Maggots,Mortician,14,113346,0,0.297,0.817,9,-10.017,0,0.121,0.00062,0.297,0.18,0.0744,125.225,4,0
5PXsZaT8cOxb4mXrA20PMQ,Baila Baila Baila,Ozuna,70,158760,0,0.837,0.626,11,-5.674,0,0.152,0.0588,0.0,0.252,0.592,99.987,4,0
2whwQ5AcH84MhNIXoAYKdi,Cavalry,Watchhouse,58,196493,0,0.48,0.273,2,-11.045,1,0.0319,0.913,0.000135,0.0911,0.438,124.238,4,0
37401pYbpD1TKkFyP4hYPB,I'm A Wanted Man,Royal Deluxe,50,228986,0,0.493,0.588,11,-5.145,0,0.0342,0.00943,5.37e-06,0.325,0.259,82.072,4,0
1kjxU1Z1omaqsaS7qh3ZhQ,Je Suis Paix,Selma India,58,182831,0,0.304,0.0219,9,-30.35,1,0.0324,0.987,0.91,0.109,0.231,104.09,4,0
7hiUBUSyIepRGWQbYrMvzw,Face Down In The Moment,Nathaniel Rateliff & The Night Sweats,0,279186,0,0.52,0.591,6,-3.225,1,0.0301,0.353,0.00412,0.102,0.359,151.089,4,0
7aRbNtrDwkJh8THFGUAD0A,Piano Sonata D. 960 in B-Flat Major: I. Allegro moderato,Franz Schubert;Burak Çebi,0,1203613,0,0.412,0.0313,10,-25.323,1,0.0454,0.991,0.899,0.0735,0.0387,126.359,4,0
5PFuhDqfybJX0yUDorOcls,Transform,Sound Rush;Sogma,2,235423,0,0.319,0.896,3,-3.749,0,0.08,0.00139,3.01e-05,0.104,0.362,154.655,4,0
6KeXJbrg02axATKVgdW8am,Ora,Ludovico Einaudi,54,473493,0,0.225,0.124,10,-26.385,1,0.0544,0.965,0.905,0.0937,0.0479,132.853,4,0
6dnPQD7riP9K0ub8tbFJV5,熱帯夜,SHISHAMO,37,252266,0,0.539,0.753,2,-6.651,1,0.0338,0.000814,4.46e-06,0.167,0.647,186.144,4,0
04YU3IbNPCd3VPHOHjJJUx,何人(なんびと)も,Last Idol,20,273600,0,0.633,0.913,8,-2.587,0,0.045,0.0711,0.0,0.202,0.829,126.982,4,0
6JMRXqVpDD1Xu2lAoFOVbS,Rodo cotidiano - Ao vivo,O Rappa,48,207197,0,0.483,0.896,7,-5.206,1,0.0887,0.186,0.00019,0.965,0.392,128.21,4,0
4WNjDQ6LZJxM0nsWyfhHHg,Coltrane - Kolombo Remix,Format:B;Pleasurekraft;Kolombo,0,412800,0,0.786,0.682,4,-7.412,0,0.0739,0.0106,0.557,0.0896,0.145,125.008,4,0
4kBJKzHDMYlocOXDssdqNi,Don't Put Me On,Flamin' Groovies,31,252346,0,0.631,0.593,5,-11.485,1,0.0444,0.0866,0.122,0.374,0.58,128.47,4,0
6UcbxO3C7bgwkjjVdFxqim,I'll Have to Say I Love You in a Song,Ekin Cheng,33,152666,0,0.535,0.681,9,-8.288,1,0.0272,0.822,0.00654,0.106,0.666,133.702,4,0
6zZmCSkyu52ho1xEekxLim,Better?,Propellerheads,12,123040,0,0.687,0.982,1,-6.226,1,0.223,0.00951,0.856,0.0659,0.343,183.761,4,0
7GEQkaJPZmph6xtzXFNWxn,Joy Ride - Night Version,The Killers,0,436413,0,0.666,0.935,0,-4.563,1,0.0445,0.00285,0.781,0.352,0.69,118.999,4,0
2gak2Z4kHpsCiyhySu1aO6,Love Me 'Til Sunday - Performed By Nicola Conte,Nicola Conte,21,269949,0,0.685,0.832,7,-8.232,1,0.0314,0.346,0.243,0.145,0.768,107.994,4,0
723iQZxU8MToulytMk7hkG,Kataware Doki but is it okay if it's lofi?,Kijugo,43,192000,0,0.847,0.146,0,-19.128,0,0.0674,0.838,0.929,0.211,0.205,119.986,4,0
2qRrm8JIClfFaXlt0UHxvi,Flashback,The Chemical Brothers,15,320906,0,0.215,0.979,11,-4.228,1,0.0433,0.0114,0.00034,0.08,0.32,140.142,4,0
0F0vP1gOKm3TRc8RxuWH7K,mEnorme,Linn da Quebrada;Boss in Drama;BADSISTA,26,224246,0,0.384,0.508,1,-9.587,1,0.0483,0.127,0.000199,0.234,0.227,124.82,4,0
1gXqg06Sc5301iRoKNhRRL,У реки,"Nikolai Erdenko;Ансамбль ""Джанг""",0,134173,0,0.536,0.391,6,-17.031,1,0.0387,0.933,0.00462,0.15,0.82,154.325,4,0
2mUVRJuqQDjiQHzsQrZ0mg,Don't Worry - Original,Anthony Rother,18,502609,0,0.917,0.336,0,-10.52,1,0.367,0.000234,0.627,0.106,0.888,129.965,4,0
3SlQVRQAgsc6ac6UBM9dIk,unlasting,LiSA,59,296813,0,0.637,0.447,7,-5.893,0,0.0302,0.53,0.0,0.0977,0.343,113.256,4,0
0DPcJVMHiqvl4oWuaG48lo,"12 Variations in C Major on ""Ah, vous dirai-je Maman"", K. 265/300e: Theme",Wolfgang Amadeus Mozart;Jan Lisiecki,11,57133,0,0.451,0.0159,0,-35.666,1,0.0644,0.991,0.877,0.0717,0.883,114.211,4,0
2sE9IexbGA2WwA4J6JaVw0,Burn the Castle,New Model Army,21,192478,0,0.367,0.904,11,-8.206,0,0.0629,0.000262,0.201,0.0564,0.452,143.333,4,0
3yuSn1mX7iU35dmVqqvVPD,We Hear You,Luke Vibert,14,193053,0,0.802,0.812,6,-3.169,0,0.128,0.152,0.0,0.256,0.717,95.631,4,0
6QLKiicKZXwzaCtUWS1SI3,Para Sempre,Novo Som,25,232013,0,0.625,0.399,9,-12.705,1,0.0288,0.423,0.0,0.412,0.388,130.298,4,0
4m4fIb5so8C1ifn6AVufBV,A Place in My Heart,Nicholas Gunn,47,220266,0,0.667,0.652,2,-12.216,0,0.0589,0.28,0.692,0.108,0.492,92.554,4,0
0ETDRoS675x8vFPT1GuLgL,"River Deep, Mountain High",Glee Cast,16,212626,0,0.325,0.855,8,-4.603,1,0.0755,0.0563,0.000299,0.298,0.497,167.538,4,0
4b5QHhUld8ba26ZJEHawFW,Can You Feel It - Instrumental,Larry Heard,43,340813,0,0.687,0.505,9,-12.141,0,0.0494,0.0959,0.9,0.0888,0.677,114.775,4,0
3VvsbwvnTw6NOlnCFR0nAK,Imagination,Floetry,28,394946,0,0.649,0.429,4,-11.23,0,0.0802,0.0913,0.00137,0.0319,0.465,116.515,4,0
7tDASYxj2O3UBK6VTWGaUW,Arikil,Najim Arshad;Sangeetha Sreekanth,55,263620,0,0.582,0.556,5,-5.935,0,0.0309,0.877,0.00995,0.0883,0.357,143.993,4,0
64ePgq9aQ8w7MHbarfwwiZ,Darqcyde,Ceephax Acid Crew,11,338437,0,0.788,0.863,1,-8.549,1,0.0717,0.000107,0.835,0.0453,0.485,131.004,4,0
5HYuRYANROil0iLwKWkBdB,when I c u,Pomme,0,238626,0,0.328,0.116,9,-14.55,1,0.0371,0.957,7.08e-05,0.388,0.259,181.687,3,0
01p5s1IbneueexPka3Px3O,Coração Satânico - Ao Vivo,Charlie Brown Jr.;Marcelo Nova,43,271533,0,0.284,0.937,2,-4.411,1,0.164,0.00102,0.0,0.934,0.288,181.937,4,0
4VlJMfwRPnJHZ60TDZDshW,Came Up,Jor'dan Armstrong,19,199876,0,0.72,0.441,5,-9.626,0,0.172,0.668,3.96e-05,0.116,0.309,96.01,4,0
3wNycDzsKr9SYh58yWsnP2,秋がくれた切符,Mr.Children,39,210733,0,0.287,0.592,3,-6.486,1,0.0267,0.425,5.47e-06,0.335,0.386,77.583,4,0
2hAoZ8jEe8UNWZL2iaVgc1,Fried Banana 2018,OSAMU SATO,9,279800,0,0.56,0.886,9,-8.416,0,0.0456,0.107,0.833,0.0795,0.964,120.005,4,0
6Kh5thzbnEAGzgLFeiVRc4,All Out,Shane O,0,144039,0,0.657,0.705,5,-3.979,0,0.209,0.0295,0.0,0.159,0.321,126.992,5,0
0wg0Ly8aadaS8FonmAu27A,Going Home,Celtic Woman,21,241986,0,0.43,0.369,2,-7.828,1,0.0279,0.471,0.0,0.172,0.108,75.948,4,0
1sFFxRWtbJmYH3hP5Fvi3v,Bulletproof Heart,My Chemical Romance,31,296733,0,0.405,0.95,6,-2.8,1,0.071,0.00033,3.47e-06,0.108,0.383,139.715,4,0
16qXHjHXikXPue7pYMgLx5,Loving You Like Always - Rodriguez Jr. Remix,NTO;Rodriguez Jr.;Tricky,43,203882,0,0.535,0.82,7,-9.356,1,0.0325,1.28e-05,0.919,0.116,0.255,114.973,4,0
5NCNySW8lAekW79fumeTnG,せつない胸に風が吹いてた,サザンオールスターズ,37,264604,0,0.552,0.863,2,-4.972,1,0.0343,0.274,0.0,0.0988,0.767,131.916,4,0
7K5tOFxje8nlunmexOmWgo,"SG (with Ozuna, Megan Thee Stallion & LISA of BLACKPINK)",DJ Snake;Ozuna;Megan Thee Stallion;LISA,66,225600,0,0.796,0.836,6,-2.827,0,0.0473,0.00421,0.0068,0.101,0.68,100.033,4,0
4RtKWao64GNQBLs7WgbxXb,Sigil,Gost,17,234770,0,0.301,0.97,6,-0.939,0,0.122,0.00109,0.946,0.0879,0.217,129.768,4,0
2OejjIQHB7W9vKB5gHj6Ln,Love Story - Bushwacka! Remix,Layo & Bushwacka!;Bushwacka!,15,487146,0,0.683,0.665,9,-8.862,0,0.0377,0.0052,0.913,0.105,0.0683,131.978,4,0
4VsGKABwzD4SlPsVXhIgSE,Stay So,Busy Signal,51,220464,0,0.859,0.623,8,-5.339,0,0.061,0.181,0.000259,0.165,0.807,101.978,4,0
1EBo9H6NjVeZRAlXcXLYq8,Me Extraña,Jhayco,2,234520,0,0.755,0.767,7,-3.754,0,0.106,0.0176,0.0,0.143,0.232,156.001,4,0
0egYpJLBJGuqMO579aL47A,Psychotic Reaction,The Cramps,26,234733,0,0.25,0.988,11,-5.754,1,0.13,0.0198,0.526,0.668,0.161,131.484,4,0
5SJ7wxV5pDvhxs4xjgb2cW,Trust Nobody,Elijah Gonzales;Shiloh Dynasty,55,166217,0,0.693,0.191,1,-18.597,0,0.115,0.789,0.342,0.102,0.784,208.001,4,0
2XQSgmtEY2titXhfY414dy,Roygbiv,Boards of Canada,59,151520,0,0.631,0.521,4,-10.312,0,0.063,0.0201,0.923,0.103,0.118,84.033,4,0
4bLCib4WnSGbkPTx6hln2x,Reelin' In The Years,Steely Dan,0,275466,0,0.52,0.758,2,-9.92,1,0.0363,0.115,0.0,0.109,0.706,135.349,4,0
4eqsIRw0sKnLafeqqU7Phh,Antiguo reloj de cobre,Alberto Podestá;Rodolfo Lezica;Agustin Magaldi;Alberto Morán;Jorge Durán;Carlos Almada;Enrique Campos;Jorge Vidal;Mariano Leyes;Oscar Larroca;Armando Moreno;Alberto Marino,23,127760,0,0.54,0.409,3,-12.594,1,0.172,0.816,0.000838,0.201,0.706,96.114,4,0
68ae1LwQdpHhYwPrz7rTdl,The End of All We Know,Bleed From Within,51,252333,1,0.359,0.979,6,-5.599,0,0.0866,0.000449,0.000282,0.326,0.303,149.026,4,0
03nTfF7fRu1FJgk2bDrsax,The Furnace,Disfear,16,252400,0,0.33,0.99,2,-2.484,0,0.0779,1.6e-06,0.0055,0.136,0.0712,119.014,4,0
0vb21Y15llmTPEqw5m7KAW,Aathichoodi,Vijay Antony;Dinesh,57,251210,0,0.739,0.738,7,-8.241,1,0.249,0.348,0.0,0.161,0.737,139.895,4,0
43GJmTLEE0itzVPFmCKmmS,Sentado à Beira do Caminho - Ao Vivo,Erasmo Carlos,39,301213,0,0.475,0.58,7,-8.119,1,0.0321,0.0905,8.06e-05,0.985,0.309,103.685,4,0
1kiTyfNdbxdwx6V5pi380k,Mazhayil,Manjari,33,334440,0,0.492,0.685,2,-5.198,1,0.0449,0.716,0.00194,0.127,0.503,174.002,4,0
5T7DUEeAj0hkMLTzIlDCRz,Loki Green Theme,Natalie Holt,52,144761,0,0.458,0.475,5,-12.581,1,0.032,0.76,0.836,0.125,0.132,126.055,4,0
3rFrusePhu0Uzf9XhTRtAV,この新しい朝に,Shogo Hamada,32,345433,0,0.546,0.815,11,-3.2,1,0.0311,0.118,2.78e-06,0.148,0.542,128.966,4,0
6Ww581O9pklqs42MN4Da6q,Need U - Spotify Singles,Sonny Fodera;Raphaella,51,154017,0,0.745,0.772,11,-5.161,0,0.0497,0.0642,1.69e-06,0.23,0.788,121.98,4,0
1mB7dCUM7sPyNab6R43nlj,The Drug In Me Is You,Falling In Reverse,72,218786,1,0.548,0.855,3,-3.266,1,0.151,0.0149,0.0,0.127,0.644,145.133,4,1
7AcGFRQPq3kNArX1RU3cPM,I Dont Wanna Know Her,Timmies;Shiloh Dynasty,58,122204,0,0.836,0.287,9,-14.701,0,0.342,0.599,0.00439,0.352,0.358,109.934,3,0
4JA1VA7I16v3g12AwWQN2A,Spirit Nature,Living Room,0,227500,0,0.664,0.681,9,-10.967,0,0.0391,0.0316,0.853,0.125,0.5,120.003,4,0
3Q97tyLwBoqT3hgpXC9h42,Just Dipping My Toe,Robert Lowe,46,227036,0,0.679,0.127,7,-13.935,1,0.0693,0.927,0.908,0.104,0.44,80.072,4,0
04x6DpeFQ72efXsD0DmWPQ,明明就,Jay Chou,56,260386,0,0.543,0.428,9,-8.966,1,0.0262,0.14,0.0,0.0876,0.173,112.985,4,0
3mmOZNLF9RwO85BD37j4A1,Say It's Over,Fleurie,24,215520,0,0.548,0.784,2,-6.542,1,0.0267,0.00558,0.00302,0.123,0.331,97.018,4,0
5a7VBd32bFqT6GXU38l5qq,"Cello Sonata in C Major, Op. 119: III. Allegro, ma non troppo",Sergei Prokofiev;Miriam K. Smith;Sandra Wright Shen,0,503341,0,0.363,0.0911,0,-22.805,1,0.0389,0.969,0.874,0.162,0.228,77.37,4,0
4BdHtHIs4bJ6O5uQEOb9pM,"聽雪落淚 - 劇集 ""烈火如歌"" 主題曲",HANA,21,198155,0,0.59,0.318,3,-11.462,1,0.0311,0.692,0.0,0.114,0.222,136.359,4,0
3mrCVBnj3LOOKZLlRoj2MT,Kadonneet kolme sanaa,Stam1na,37,222726,0,0.452,0.817,2,-8.372,1,0.0459,4.06e-05,0.915,0.394,0.354,130.161,4,0
3nFwh8bSIFzeVOnKZKzacA,Kids In the Store,George Lopez,21,260838,1,0.435,0.726,10,-14.431,1,0.937,0.847,0.0,0.885,0.362,85.097,5,0
643KA1xhBJCulImSKjxSBN,Life (Diamonds In the Dark) - Feenixpawl Remix,John Dahlbäck;Agnes,0,390000,0,0.778,0.66,8,-5.003,0,0.0617,0.00506,0.486,0.0474,0.162,127.977,4,0
1rMEccgwbKt3qmAXeBqOyZ,Ole Melody,Haricharan;Benny Dayal;Salim Kumar;Vishnu Vijay,66,242005,0,0.752,0.452,0,-11.399,1,0.35,0.133,0.000194,0.236,0.833,99.684,4,0
4KAJHL1c9AGKDxRQFtm0wd,Burn,Carrie Hope Fletcher,23,222782,0,0.431,0.379,2,-8.042,1,0.0575,0.635,0.0,0.185,0.293,140.079,4,0
2wvpGY0X2anQFBcypdkeIa,Live Free - Radio Edit,Mark With a K;Redhead,22,217603,0,0.515,0.811,2,-6.077,0,0.04,0.0111,0.0,0.54,0.15,149.928,4,0
4OJWEXvhoqC2c3Z8IO59r6,Capsule,dave the band,24,237573,0,0.243,0.963,8,-8.422,0,0.116,0.00094,0.000111,0.0844,0.145,166.627,4,0
4VC6Ihh1epJiQPiiMpJXDE,Don't Give Up,Barrington Levy,17,198440,0,0.83,0.467,9,-10.936,1,0.0953,0.0551,1.64e-05,0.0662,0.837,140.569,4,0
6wUK8WB3cbNUAAGjNmKy3M,Suffocate,Kayzo;Bad Omens,57,179200,1,0.638,0.961,7,-1.726,1,0.3,0.0144,0.00141,0.175,0.664,150.065,4,0
4CRp77Sf1fHsFIOp4yhdcu,Dorogoy dlinnoy,Alexander Vertinsky,19,174871,0,0.566,0.201,10,-12.559,0,0.0707,0.989,5.86e-06,0.338,0.592,114.97,3,0
1BSAmxkrz2H8v5kpTfAT6v,like that,Bea Miller,55,185440,0,0.426,0.445,6,-5.776,0,0.169,0.183,0.0,0.661,0.347,56.966,4,0
7L18r0lddbrSDSSj5dSvRJ,Fuckwit City,Cosmic Psychos,33,212253,1,0.342,0.881,9,-7.097,1,0.0474,7.25e-05,0.301,0.135,0.237,136.554,4,0
65c6VCikt7f5sAS1heoYQC,Same Beef,Bohemia;Sidhu Moose Wala,68,290360,0,0.779,0.854,9,-4.958,1,0.219,0.0462,0.0,0.21,0.379,91.992,4,0
76gRg3RyCTCijQ2La5vtns,Existência,Pense,34,192053,0,0.569,0.988,6,-4.261,1,0.0617,0.000154,6.49e-06,0.173,0.883,112.012,4,0
1xtlT8C62HToUvB0xmwvyi,Kurumugil,Vishal Chandrashekhar;Sai Vignesh,65,218808,0,0.419,0.342,4,-10.985,1,0.0636,0.518,0.0,0.106,0.599,149.798,3,0
11pBR5cLzU99vehVE4ZZnt,Get Outta Here Devil!,Dan Cummins,24,279317,1,0.599,0.682,5,-12.866,0,0.956,0.664,0.0,0.322,0.539,94.532,3,0
641JGaa36EEBvjp1x2vqqn,Oust - Odor Eliminator,Squash Bowels,12,133280,0,0.453,0.995,3,-2.36,0,0.173,1.5e-06,0.95,0.32,0.17,130.082,4,0
0N3JL9zXF0xy87cW5A08Yt,There's A Tear In My Beer,Hank Williams,13,168106,0,0.585,0.149,8,-16.003,1,0.0281,0.992,0.000279,0.165,0.483,140.631,4,0
5V0wtqmrvcc1ZAbgrhqpEu,In the Rain,Shapeshifter;Ladi6,19,331960,0,0.574,0.829,4,-6.675,0,0.0495,0.0352,0.0132,0.158,0.666,174.976,4,0
4EotbqbrQJdh6niPUHXIfZ,Sigh,Parijat,24,290130,0,0.221,0.0791,7,-19.858,1,0.0333,0.916,0.908,0.099,0.0384,159.836,4,0
